signal_date,ticker,sector,entry_reason,model_version,fill_date,fill_price,status,action,exit_date,exit_price,exit_reason,mark_date,mark_price,lifecycle_return,no_stop_return,peak_close,peak_date,peak_return,drawdown_from_peak,risk_mode,atr_pct_at_entry,atr_regime_ratio_at_entry,adaptive_stop_pct,profit_arm_pct_used,profit_floor_pct_used,trail_pct_current,hard_stop_level,protective_stop,strength_break_votes,strength_break_reasons,profit_protection_armed
2025-11-24,AAA,Hóa chất,MA20/MA50 cross,v2-causal-2026-09-20,2025-11-25,8.02,CLOSED,CLOSED,2025-12-26,7.568874999999999,VOL_ADAPTIVE_STOP,2025-12-26,7.568874999999999,-0.05625000000000002,-0.04613466334164584,8.48,2025-12-09,0.057356608478803084,-0.10744398584905668,ATR_ADAPTIVE,0.02812499999999999,1.1472245334601214,0.05624999999999998,0.1,0.02,,7.568874999999999,,4,Leadership < floor · Trend score < floor · Close < MA20 & MA20 slope <= 0 · Weekly trend broken,False
2026-09-15,AAA,Hóa chất,SM ngắn hạn vượt 80,v2-causal-2026-09-20,2026-09-16,7.44,OPEN,HOLD,,,,2026-09-22,7.65,0.02822580645161299,0.02822580645161299,7.71,2026-09-21,0.03629032258064502,-0.0077821011673151474,ATR_ADAPTIVE,0.022110215053763444,1.0642001882401966,0.05,0.1,0.02,,7.068,7.068,0,,False
2026-07-06,AAS,Dịch vụ tài chính,SM ngắn hạn vượt 80,v2-causal-2026-09-20,2026-07-07,9.0,CLOSED,CLOSED,2026-07-10,8.43,VOL_ADAPTIVE_STOP,2026-07-10,8.43,-0.06333333333333335,0.011111111111111072,9.0,2026-07-07,0.0,-0.06333333333333335,ATR_ADAPTIVE,0.03166666666666671,0.7770107403459878,0.06333333333333342,0.1,0.02,,8.43,,2,Real Strength < floor · Weekly trend broken,False
2025-10-23,ABB,Ngân hàng,BB squeeze breakout,v2-causal-2026-09-20,2025-10-24,10.61,CLOSED,CLOSED,2026-01-20,12.59,STRENGTH_BREAK: Leadership < floor + Trend score < floor,2026-01-20,12.59,0.18661639962299725,0.6682375117813384,13.37,2026-01-14,0.2601319509896325,-0.05833956619296932,ATR_ADAPTIVE,0.031149858623939687,0.9393177182574995,0.062299717247879374,0.1,0.02,0.08,9.948999999999998,,2,Leadership < floor · Trend score < floor,True
2025-12-03,ABB,Ngân hàng,SM ngắn hạn vượt 80,v2-causal-2026-09-20,2025-12-04,12.12,CLOSED,CLOSED,2026-03-02,11.258999999999999,VOL_ADAPTIVE_STOP,2026-03-02,11.258999999999999,-0.0710396039603961,0.46039603960396036,13.37,2026-01-14,0.10313531353135308,-0.15789080029917735,ATR_ADAPTIVE,0.03551980198019804,0.9829283859338942,0.07103960396039607,0.10655940594059411,0.02131188118811882,,11.258999999999999,,3,Leadership < floor · Trend score < floor · Close < MA20 & MA20 slope <= 0,False
2026-04-06,ABB,Ngân hàng,MA20/MA50 cross,v2-causal-2026-09-20,2026-04-07,12.59,CLOSED,CLOSED,2026-08-11,17.0,STRENGTH_BREAK: Leadership < floor + Close < MA20 & MA20 slope <= 0,2026-08-11,17.0,0.3502779984114377,0.40587768069896746,17.7,2026-07-16,0.40587768069896746,-0.039548022598870025,ATR_ADAPTIVE,0.02318611987381703,0.7366653050153039,0.05,0.1,0.02,0.08,11.9605,,2,Leadership < floor · Close < MA20 & MA20 slope <= 0,True
2026-04-20,ABB,Ngân hàng,MACD turn dương,v2-causal-2026-09-20,2026-04-21,13.2,CLOSED,CLOSED,2026-08-11,17.0,STRENGTH_BREAK: Leadership < floor + Close < MA20 & MA20 slope <= 0,2026-08-11,17.0,0.28787878787878785,0.34090909090909083,17.7,2026-07-16,0.34090909090909083,-0.039548022598870025,ATR_ADAPTIVE,0.02279355333844971,0.7241927503968946,0.05,0.1,0.02,0.08,12.54,,2,Leadership < floor · Close < MA20 & MA20 slope <= 0,True
2026-05-27,ABB,Ngân hàng,BB squeeze breakout,v2-causal-2026-09-20,2026-05-28,13.55,CLOSED,CLOSED,2026-08-11,17.0,STRENGTH_BREAK: Leadership < floor + Close < MA20 & MA20 slope <= 0,2026-08-11,17.0,0.25461254612546114,0.30627306273062715,17.7,2026-07-16,0.30627306273062715,-0.039548022598870025,ATR_ADAPTIVE,0.01738007380073802,0.5993068281871704,0.05,0.1,0.02,0.08,12.8725,,2,Leadership < floor · Close < MA20 & MA20 slope <= 0,True
2026-09-15,ABB,Ngân hàng,MACD turn dương,v2-causal-2026-09-20,2026-09-16,17.4,OPEN,HOLD,,,,2026-09-22,17.7,0.017241379310344973,0.017241379310344973,17.9,2026-09-18,0.028735632183908066,-0.011173184357541888,ATR_ADAPTIVE,0.009195402298850554,0.5,0.05,0.1,0.02,,16.529999999999998,16.529999999999998,0,,False
2026-06-03,ACB,Ngân hàng,MA20/MA50 cross,v2-causal-2026-09-20,2026-06-04,22.42,OPEN,HOLD,,,,2026-09-22,22.0,-0.01873327386262269,-0.01873327386262269,23.75,2026-07-16,0.05932203389830493,-0.0736842105263158,ATR_ADAPTIVE,0.02047279214986618,1.1254623697507418,0.05,0.1,0.02,,21.299,21.299,2,Leadership < floor · Weekly trend broken,False
2026-07-16,ACB,Ngân hàng,BB squeeze breakout,v2-causal-2026-09-20,2026-07-17,23.8,CLOSED,CLOSED,2026-07-21,22.6,VOL_ADAPTIVE_STOP_GAP,2026-07-21,22.6,-0.05042016806722682,-0.0756302521008404,23.8,2026-07-17,0.0,-0.05042016806722682,ATR_ADAPTIVE,0.019894736842105257,0.9959196102929248,0.05,0.1,0.02,,22.61,,0,,False
2026-01-20,ACV,Hàng & Dịch vụ Công nghiệp,MA20/MA50 cross,v2-causal-2026-09-20,2026-01-21,61.3,CLOSED,CLOSED,2026-01-26,56.09848534201954,VOL_ADAPTIVE_STOP,2026-01-26,56.09848534201954,-0.08485342019543973,-0.35399673735725934,61.3,2026-01-21,0.0,-0.08485342019543973,ATR_ADAPTIVE,0.04242671009771987,1.452878830053333,0.08485342019543975,0.12728013029315963,0.025456026058631922,,56.09848534201954,,1,Weekly trend broken,False
2026-01-12,AGR,Dịch vụ tài chính,SM ngắn hạn vượt 80,v2-causal-2026-09-20,2026-01-13,18.2,CLOSED,CLOSED,2026-01-21,16.7,VOL_ADAPTIVE_STOP_GAP,2026-01-21,16.7,-0.08241758241758246,-0.3076923076923077,18.2,2026-01-13,0.0,-0.08241758241758246,ATR_ADAPTIVE,0.03563380281690143,1.0271578878439531,0.07126760563380286,0.10690140845070428,0.021380281690140855,,16.902929577464786,,1,Leadership < floor,False
2026-07-07,AGR,Dịch vụ tài chính,SM ngắn hạn vượt 80,v2-causal-2026-09-20,2026-07-08,16.0,CLOSED,CLOSED,2026-07-13,15.005,VOL_ADAPTIVE_STOP,2026-07-13,15.005,-0.06218749999999995,-0.21250000000000002,16.0,2026-07-08,0.0,-0.06218749999999995,ATR_ADAPTIVE,0.031093749999999993,1.1272045239386392,0.062187499999999986,0.1,0.02,,15.005,,2,Real Strength < floor · Weekly trend broken,False
2025-12-15,BAF,Thực phẩm và đồ uống,MA20/MA50 cross,v2-causal-2026-09-20,2025-12-16,29.86,CLOSED,CLOSED,2026-03-10,28.366999999999997,VOL_ADAPTIVE_STOP,2026-03-10,28.366999999999997,-0.050000000000000044,0.05827193569993305,32.69,2026-01-22,0.09477561955793701,-0.13224227592535942,ATR_ADAPTIVE,0.020938872002701787,1.012142086369882,0.05,0.1,0.02,,28.366999999999997,,1,Leadership < floor,False
2026-08-03,BAF,Thực phẩm và đồ uống,BB squeeze breakout,v2-causal-2026-09-20,2026-08-04,30.35,OPEN,HOLD,,,,2026-09-22,31.6,0.041186161449752845,0.041186161449752845,32.7,2026-08-24,0.07742998352553543,-0.033639143730886945,ATR_ADAPTIVE,0.014975450081833075,0.9948213245078303,0.05,0.1,0.02,,28.8325,28.8325,1,Leadership < floor,False
2025-12-30,BID,Ngân hàng,BB squeeze breakout,v2-causal-2026-09-20,2025-12-31,36.55,CLOSED,CLOSED,2026-01-27,46.3864,TRAILING_PROFIT_STOP,2026-01-27,46.3864,0.269121751025992,-0.009575923392612706,50.42,2026-01-14,0.3794801641586869,-0.07999999999999996,ATR_ADAPTIVE,0.018052126200274334,0.8304246991498393,0.05,0.1,0.02,0.11578839028406755,34.7225,,0,,True
2026-05-18,BID,Ngân hàng,BB squeeze breakout,v2-causal-2026-09-20,2026-05-19,42.0,CLOSED,CLOSED,2026-05-20,39.9,VOL_ADAPTIVE_STOP,2026-05-20,39.9,-0.050000000000000044,-0.13809523809523805,42.0,2026-05-19,0.0,-0.050000000000000044,ATR_ADAPTIVE,0.024994034836554525,0.9585319011004217,0.05,0.1,0.02,,39.9,,2,Real Strength < floor · Weekly trend broken,False
2025-12-11,BMP,Xây dựng và Vật liệu,SM ngắn hạn vượt 80,v2-causal-2026-09-20,2025-12-12,161.8,CLOSED,CLOSED,2025-12-19,165.036,TRAILING_PROFIT_STOP,2025-12-19,165.036,0.020000000000000018,-0.1093943139678617,178.54,2025-12-17,0.10346106304079106,-0.07563571188529172,ATR_ADAPTIVE,0.024007602667165204,1.1086686031987594,0.05,0.1,0.02,0.08,153.71,,0,,True
2026-05-11,BMP,Xây dựng và Vật liệu,SM ngắn hạn vượt 80,v2-causal-2026-09-20,2026-05-12,149.41,CLOSED,CLOSED,2026-05-20,139.802,VOL_ADAPTIVE_STOP,2026-05-20,139.802,-0.06430627133391342,-0.03553978984003747,152.72,2026-05-12,0.022153804966200452,-0.08458617077003672,ATR_ADAPTIVE,0.0321531356669567,1.0265723647085803,0.0643062713339134,0.1,0.02,,139.802,,3,Real Strength < floor · Leadership < floor · Weekly trend broken,False
2026-06-30,BMP,Xây dựng và Vật liệu,MA20/MA50 cross,v2-causal-2026-09-20,2026-07-01,152.3,CLOSED,CLOSED,2026-07-09,144.685,VOL_ADAPTIVE_STOP,2026-07-09,144.685,-0.050000000000000044,-0.05384110308601453,154.5,2026-07-02,0.014445173998686833,-0.06352750809061491,ATR_ADAPTIVE,0.021190320470896033,0.6937385411966152,0.05,0.1,0.02,,144.685,,0,,False
2026-06-24,BSI,Dịch vụ tài chính,MA20/MA50 cross,v2-causal-2026-09-20,2026-06-25,35.0,CLOSED,CLOSED,2026-07-13,32.791763005780346,VOL_ADAPTIVE_STOP,2026-07-13,32.791763005780346,-0.06309248554913294,-0.23285714285714276,36.9,2026-07-02,0.05428571428571427,-0.11133433588671149,ATR_ADAPTIVE,0.03154624277456648,1.1240410227504565,0.06309248554913297,0.1,0.02,,32.791763005780346,,2,Real Strength < floor · Weekly trend broken,False
2026-01-27,BSR,Dầu khí,SM ngắn hạn vượt 80,v2-causal-2026-09-20,2026-01-28,21.76,CLOSED,CLOSED,2026-03-11,33.13,TRAILING_PROFIT_STOP_GAP,2026-03-11,33.13,0.5225183823529411,0.44071691176470584,37.43,2026-03-04,0.7201286764705881,-0.11488111140796142,ATR_ADAPTIVE,0.05491533396048918,1.3506725430344637,0.10983066792097836,0.16474600188146754,0.03294920037629351,0.15787701974865342,19.37008466603951,,0,,True
2026-02-23,BSR,Dầu khí,MACD turn dương,v2-causal-2026-09-20,2026-02-24,26.55,CLOSED,CLOSED,2026-03-11,33.13,TRAILING_PROFIT_STOP_GAP,2026-03-11,33.13,0.247834274952919,0.1807909604519775,37.43,2026-03-04,0.40979284369114866,-0.11488111140796142,ATR_ADAPTIVE,0.049594751061366266,1.1752635175369264,0.09918950212273253,0.1487842531840988,0.029756850636819758,0.15787701974865342,23.916518718641452,,0,,True
2026-08-19,BSR,Dầu khí,MA20/MA50 cross,v2-causal-2026-09-20,2026-08-20,26.85,OPEN,RIDE TREND,,,,2026-09-22,31.35,0.16759776536312843,0.16759776536312843,31.55,2026-09-21,0.17504655493482302,-0.006339144215530834,ATR_ADAPTIVE,0.040337078651685385,0.8044668030546811,0.08067415730337077,0.12101123595505615,0.02420224719101123,0.0841307814992025,24.683898876404495,28.9375,0,,True
2026-09-11,BSR,Dầu khí,SM ngắn hạn vượt 80,v2-causal-2026-09-20,2026-09-14,27.65,OPEN,RIDE TREND,,,,2026-09-22,31.35,0.1338155515370707,0.1338155515370707,31.55,2026-09-21,0.1410488245931285,-0.006339144215530834,ATR_ADAPTIVE,0.03257713248638836,0.6937298512922118,0.06515426497277672,0.1,0.02,0.0841307814992025,25.84848457350272,28.9375,0,,True
2026-06-18,BVB,Ngân hàng,MA20/MA50 cross,v2-causal-2026-09-20,2026-06-19,13.2,CLOSED,CLOSED,2026-07-27,12.409999999999998,VOL_ADAPTIVE_STOP,2026-07-27,12.409999999999998,-0.05984848484848493,-0.17803030303030298,14.0,2026-06-25,0.06060606060606055,-0.11357142857142866,ATR_ADAPTIVE,0.029924242424242447,0.9233563030354481,0.059848484848484894,0.1,0.02,,12.409999999999998,,1,Real Strength < floor,False
2025-12-08,BVH,Bảo hiểm,SM ngắn hạn vượt 80,v2-causal-2026-09-20,2025-12-09,56.5,CLOSED,CLOSED,2025-12-10,53.44432553956835,VOL_ADAPTIVE_STOP,2025-12-10,53.44432553956835,-0.05408273381294959,0.23362831858407085,56.5,2025-12-09,0.0,-0.05408273381294959,ATR_ADAPTIVE,0.027041366906474813,0.9134412745082418,0.054082733812949625,0.1,0.02,,53.44432553956835,,1,Weekly trend broken,False
2025-12-22,BVH,Bảo hiểm,BB squeeze breakout,v2-causal-2026-09-20,2025-12-23,55.9,CLOSED,CLOSED,2026-03-06,74.7,STRENGTH_BREAK: Real Strength < floor + Leadership < floor,2026-03-06,74.7,0.3363148479427549,0.2468694096601074,86.0,2026-02-25,0.5384615384615385,-0.13139534883720927,ATR_ADAPTIVE,0.03062499999999999,1.0085951051317847,0.06124999999999998,0.1,0.02,0.16052631578947368,52.476124999999996,,2,Real Strength < floor · Leadership < floor,True
2026-02-03,BVH,Bảo hiểm,MACD turn dương,v2-causal-2026-09-20,2026-02-04,79.9,CLOSED,CLOSED,2026-03-10,71.15906015037595,VOL_ADAPTIVE_STOP,2026-03-10,71.15906015037595,-0.10939849624060138,-0.12765957446808518,86.0,2026-02-25,0.07634543178973718,-0.17256906801888428,ATR_ADAPTIVE,0.05469924812030077,1.6219218019246795,0.10939849624060154,0.1640977443609023,0.03281954887218046,,71.15906015037595,,2,Real Strength < floor · Leadership < floor,False
2026-03-24,BVH,Bảo hiểm,SM ngắn hạn vượt 80,v2-causal-2026-09-20,2026-03-25,81.0,CLOSED,CLOSED,2026-04-16,72.05267745952678,VOL_ADAPTIVE_STOP,2026-04-16,72.05267745952678,-0.1104607721046077,-0.13950617283950617,85.9,2026-03-25,0.06049382716049401,-0.16120282352122506,ATR_ADAPTIVE,0.05523038605230387,1.588816403045403,0.11046077210460774,0.1656911581569116,0.03313823163138232,,72.05267745952678,,4,Real Strength < floor · Leadership < floor · Trend score < floor · Weekly trend broken,False
2026-08-19,BVH,Bảo hiểm,MA20/MA50 cross,v2-causal-2026-09-20,2026-08-20,67.2,OPEN,HOLD,,,,2026-09-22,69.7,0.03720238095238093,0.03720238095238093,71.0,2026-09-16,0.05654761904761907,-0.018309859154929553,ATR_ADAPTIVE,0.03645209580838322,1.0101225821012856,0.07290419161676644,0.10935628742514966,0.02187125748502993,,62.3008383233533,62.3008383233533,2,Real Strength < floor · Weekly trend broken,False
2026-09-14,BVH,Bảo hiểm,SM ngắn hạn vượt 80,v2-causal-2026-09-20,2026-09-15,68.0,OPEN,HOLD,,,,2026-09-22,69.7,0.025000000000000133,0.025000000000000133,71.0,2026-09-16,0.044117647058823595,-0.018309859154929553,ATR_ADAPTIVE,0.02948529411764707,0.8314925875440593,0.05897058823529414,0.1,0.02,,63.99,63.99,2,Real Strength < floor · Weekly trend broken,False
2026-07-02,BVS,Dịch vụ tài chính,SM ngắn hạn vượt 80,v2-causal-2026-09-20,2026-07-03,32.5,CLOSED,CLOSED,2026-07-03,30.778145695364238,VOL_ADAPTIVE_STOP,2026-07-03,30.778145695364238,-0.052980132450331174,-0.12,32.5,2026-07-03,0.0,-0.052980132450331174,ATR_ADAPTIVE,0.026490066225165566,0.8672363754437283,0.05298013245033113,0.1,0.02,,30.778145695364238,,0,,False
2026-04-22,CDC,Xây dựng và Vật liệu,SM ngắn hạn vượt 80,v2-causal-2026-09-20,2026-04-23,18.9,CLOSED,CLOSED,2026-06-03,19.475,TRAILING_PROFIT_STOP,2026-06-03,19.475,0.030423280423280685,0.08994708994709,22.1,2026-05-22,0.16931216931216952,-0.11877828054298645,ATR_ADAPTIVE,0.04061827956989249,1.2517219561370971,0.08123655913978498,0.12185483870967746,0.024370967741935493,0.12285539215686278,17.364629032258062,,0,,True
2025-12-08,CII,Xây dựng và Vật liệu,MA20/MA50 cross,v2-causal-2026-09-20,2025-12-09,26.55,CLOSED,CLOSED,2025-12-12,24.305,VOL_ADAPTIVE_STOP,2025-12-12,24.305,-0.08455743879472699,-0.5141242937853108,26.55,2025-12-09,0.0,-0.08455743879472699,ATR_ADAPTIVE,0.04227871939736347,0.8424931826303708,0.08455743879472694,0.1268361581920904,0.02536723163841808,,24.305,,0,,False
2026-04-13,CII,Xây dựng và Vật liệu,SM ngắn hạn vượt 80,v2-causal-2026-09-20,2026-04-14,20.5,CLOSED,CLOSED,2026-04-21,18.589772727272727,VOL_ADAPTIVE_STOP,2026-04-21,18.589772727272727,-0.09318181818181814,-0.37073170731707317,20.5,2026-04-14,0.0,-0.09318181818181814,ATR_ADAPTIVE,0.04659090909090909,0.9181778810189383,0.09318181818181819,0.13977272727272727,0.027954545454545454,,18.589772727272727,,1,Weekly trend broken,False
2026-03-02,CSV,Hóa chất,SM ngắn hạn vượt 80,v2-causal-2026-09-20,2026-03-03,34.4,CLOSED,CLOSED,2026-03-04,32.413234859675036,VOL_ADAPTIVE_STOP,2026-03-04,32.413234859675036,-0.057754800590841926,-0.3982558139534884,34.4,2026-03-03,0.0,-0.057754800590841926,ATR_ADAPTIVE,0.028877400295420966,1.018686175718711,0.05775480059084193,0.1,0.02,,32.413234859675036,,2,Real Strength < floor · Weekly trend broken,False
2026-03-25,CTD,Xây dựng và Vật liệu,SM ngắn hạn vượt 80,v2-causal-2026-09-20,2026-03-26,80.47,CLOSED,CLOSED,2026-05-18,73.52420014983143,VOL_ADAPTIVE_STOP,2026-05-18,73.52420014983143,-0.08631539518042208,-0.2730210016155089,87.2,2026-04-24,0.08363365229277986,-0.1568325670890891,ATR_ADAPTIVE,0.043157697590211035,1.2764241602459856,0.08631539518042207,0.1294730927706331,0.02589461855412662,,73.52420014983143,,5,Real Strength < floor · Leadership < floor · Trend score < floor · Close < MA20 & MA20 slope <= 0 · Weekly trend broken,False
2026-04-20,CTD,Xây dựng và Vật liệu,MA20/MA50 cross,v2-causal-2026-09-20,2026-04-21,82.8,CLOSED,CLOSED,2026-05-08,77.72226506024096,VOL_ADAPTIVE_STOP,2026-05-08,77.72226506024096,-0.06132530120481927,-0.2934782608695652,87.2,2026-04-24,0.0531400966183575,-0.10868962086879641,ATR_ADAPTIVE,0.030662650602409643,0.8672919841443667,0.061325301204819285,0.1,0.02,,77.72226506024096,,0,,False
2025-12-22,CTG,Ngân hàng,MA20/MA50 cross,v2-causal-2026-09-20,2025-12-23,34.76,CLOSED,CLOSED,2026-01-26,37.6004,TRAILING_PROFIT_STOP,2026-01-26,37.6004,0.08171461449942474,-0.10960874568469503,40.87,2026-01-12,0.175776754890679,-0.07999999999999996,ATR_ADAPTIVE,0.02189485846331598,0.8349500010625567,0.05,0.1,0.02,0.09903020046862797,33.022,,0,,True
2026-05-08,CTG,Ngân hàng,MA20/MA50 cross,v2-causal-2026-09-20,2026-05-11,35.75,CLOSED,CLOSED,2026-05-20,33.9625,VOL_ADAPTIVE_STOP,2026-05-20,33.9625,-0.050000000000000044,-0.1342657342657343,35.75,2026-05-11,0.0,-0.050000000000000044,ATR_ADAPTIVE,0.019060308555399686,0.7289707242246262,0.05,0.1,0.02,,33.9625,,1,Real Strength < floor,False
2026-06-15,CTS,Dịch vụ tài chính,BB squeeze breakout,v2-causal-2026-09-20,2026-06-16,23.5,CLOSED,CLOSED,2026-07-16,25.8125,TRAILING_PROFIT_STOP,2026-07-16,25.8125,0.09840425531914887,-0.07234042553191489,28.9,2026-07-07,0.22978723404255308,-0.10683391003460208,ATR_ADAPTIVE,0.032461873638344206,0.9483913447685536,0.06492374727668841,0.1,0.02,0.12591575091575086,21.974291938997823,,0,,True
2025-12-05,DBC,Thực phẩm và đồ uống,MA20/MA50 cross,v2-causal-2026-09-20,2025-12-08,24.73,CLOSED,CLOSED,2025-12-12,23.4935,VOL_ADAPTIVE_STOP,2025-12-12,23.4935,-0.04999999999999993,-0.3550343712090579,24.73,2025-12-08,0.0,-0.04999999999999993,ATR_ADAPTIVE,0.021915584415584454,0.7243979802576801,0.05,0.1,0.02,,23.4935,,0,,False
2025-12-16,DBC,Thực phẩm và đồ uống,MACD turn dương,v2-causal-2026-09-20,2025-12-17,24.73,CLOSED,CLOSED,2026-01-05,23.439302759740258,VOL_ADAPTIVE_STOP,2026-01-05,23.439302759740258,-0.05219155844155854,-0.3550343712090579,25.26,2025-12-17,0.02143145976546701,-0.07207827554472457,ATR_ADAPTIVE,0.026095779220779255,0.8794637499623768,0.05219155844155851,0.1,0.02,,23.439302759740258,,1,Leadership < floor,False
2025-10-31,DCL,Y tế,BB squeeze breakout,v2-causal-2026-09-20,2025-11-03,34.0,CLOSED,CLOSED,2026-03-02,52.0,TRAILING_PROFIT_STOP_GAP,2026-03-02,52.0,0.5294117647058822,0.34999999999999987,57.8,2026-02-05,0.7,-0.10034602076124566,ATR_ADAPTIVE,0.04886191198786039,1.332524606721536,0.09772382397572078,0.14658573596358118,0.029317147192716234,0.08,30.677389984825496,,1,Leadership < floor,True
2025-11-27,DCL,Y tế,MACD turn dương,v2-causal-2026-09-20,2025-11-28,38.5,CLOSED,CLOSED,2026-03-02,52.0,TRAILING_PROFIT_STOP_GAP,2026-03-02,52.0,0.35064935064935066,0.19220779220779227,57.8,2026-02-05,0.5012987012987011,-0.10034602076124566,ATR_ADAPTIVE,0.04785714285714287,1.2801570068143078,0.09571428571428574,0.1435714285714286,0.02871428571428572,0.08,34.815,,1,Leadership < floor,True
2025-12-23,DCL,Y tế,MACD turn dương,v2-causal-2026-09-20,2025-12-24,44.0,CLOSED,CLOSED,2026-03-02,52.0,TRAILING_PROFIT_STOP_GAP,2026-03-02,52.0,0.18181818181818188,0.04318181818181821,57.8,2026-02-05,0.3136363636363635,-0.10034602076124566,ATR_ADAPTIVE,0.044395604395604416,1.1593036918793083,0.08879120879120883,0.13318681318681325,0.02663736263736265,0.08,40.09318681318681,,1,Leadership < floor,True
2026-01-09,DCL,Y tế,SM ngắn hạn vượt 80,v2-causal-2026-09-20,2026-01-12,46.0,CLOSED,CLOSED,2026-03-02,52.0,TRAILING_PROFIT_STOP_GAP,2026-03-02,52.0,0.13043478260869557,-0.0021739130434782483,57.8,2026-02-05,0.25652173913043463,-0.10034602076124566,ATR_ADAPTIVE,0.0384780278670954,0.9973094519520525,0.0769560557341908,0.11543408360128621,0.02308681672025724,0.08,42.46002143622722,,1,Leadership < floor,True
2026-04-01,DCL,Y tế,BB squeeze breakout,v2-causal-2026-09-20,2026-04-02,60.0,CLOSED,CLOSED,2026-04-06,52.8,VOL_ADAPTIVE_STOP_GAP,2026-04-06,52.8,-0.12,-0.235,60.9,2026-04-02,0.014999999999999902,-0.13300492610837444,ATR_ADAPTIVE,0.02854757929883139,0.7209128806119132,0.05709515859766278,0.1,0.02,,56.574290484140235,,0,,False
2026-04-01,DCL,Y tế,Squeeze breakout + HTF confirm,v4-residual-strength-2026-09-21,2026-04-02,60.0,CLOSED,CLOSED,2026-04-06,52.8,VOL_ADAPTIVE_STOP_GAP,2026-04-06,52.8,-0.12,-0.235,60.9,2026-04-02,0.014999999999999902,-0.13300492610837444,ATR_ADAPTIVE,0.02854757929883139,0.7209128806119132,0.05709515859766278,0.1,0.02,,56.574290484140235,,0,,False
2026-07-17,DCL,Y tế,SM ngắn hạn vượt 80,v2-causal-2026-09-20,2026-07-20,38.1,CLOSED,CLOSED,2026-08-06,44.1,STRENGTH_BREAK: Real Strength < floor + Weekly trend broken,2026-08-06,44.1,0.15748031496062986,0.20472440944881876,44.0,2026-08-05,0.1548556430446193,0.002272727272727204,ATR_ADAPTIVE,0.012402088772845953,0.5,0.05,0.1,0.02,0.08,36.195,,2,Real Strength < floor · Weekly trend broken,True
2026-08-04,DCL,Y tế,BB squeeze breakout,v2-causal-2026-09-20,2026-08-05,42.6,CLOSED,CLOSED,2026-08-07,38.1,VOL_ADAPTIVE_STOP_GAP,2026-08-07,38.1,-0.10563380281690138,0.07746478873239426,44.0,2026-08-05,0.032863849765258246,-0.13409090909090904,ATR_ADAPTIVE,0.012470167064439127,0.5,0.05,0.1,0.02,,40.47,,2,Real Strength < floor · Weekly trend broken,False
2026-09-17,DCL,Y tế,BB squeeze breakout,v2-causal-2026-09-20,2026-09-18,41.2,OPEN,RIDE TREND,,,,2026-09-22,45.9,0.11407766990291246,0.11407766990291246,45.9,2026-09-22,0.11407766990291246,0.0,ATR_ADAPTIVE,0.02703180212014135,1.137323585483117,0.0540636042402827,0.1,0.02,0.08,38.97257950530036,42.228,1,Weekly trend broken,True
2026-01-22,DCM,Hóa chất,SM ngắn hạn vượt 80,v2-causal-2026-09-20,2026-01-23,36.02,CLOSED,CLOSED,2026-01-23,34.0423132664437,VOL_ADAPTIVE_STOP,2026-01-23,34.0423132664437,-0.05490523968784855,-0.05746807329261516,36.02,2026-01-23,0.0,-0.05490523968784855,ATR_ADAPTIVE,0.027452619843924192,0.9880844110407337,0.054905239687848384,0.1,0.02,,34.0423132664437,,0,,False
2026-02-24,DDV,Hóa chất,SM ngắn hạn vượt 80,v2-causal-2026-09-20,2026-02-25,28.87,CLOSED,CLOSED,2026-03-09,26.351147671994443,VOL_ADAPTIVE_STOP,2026-03-09,26.351147671994443,-0.08724808895066016,-0.42154485625216487,32.05,2026-03-03,0.1101489435400067,-0.17781130508597676,ATR_ADAPTIVE,0.04362404447533009,1.0763381669897558,0.08724808895066018,0.13087213342599027,0.02617442668519805,,26.351147671994443,,0,,False
2025-11-25,DGW,Bán lẻ,MA20/MA50 cross,v2-causal-2026-09-20,2025-11-26,42.76,CLOSED,CLOSED,2025-12-12,39.731458674783426,VOL_ADAPTIVE_STOP,2025-12-12,39.731458674783426,-0.07082650433153814,0.054724041159962766,43.64,2025-12-03,0.020579981290926197,-0.08956327509662176,ATR_ADAPTIVE,0.03541325216576914,0.9937961110246023,0.07082650433153828,0.10623975649730742,0.021247951299461484,,39.731458674783426,,1,Leadership < floor,False
2026-01-20,DGW,Bán lẻ,MA20/MA50 cross,v2-causal-2026-09-20,2026-01-21,45.89,CLOSED,CLOSED,2026-01-26,42.46954640751256,VOL_ADAPTIVE_STOP,2026-01-26,42.46954640751256,-0.07453592487442673,-0.0172150795380257,45.89,2026-01-21,0.0,-0.07453592487442673,ATR_ADAPTIVE,0.03726796243721334,1.0109571498064576,0.07453592487442667,0.11180388731164001,0.022360777462328,,42.46954640751256,,0,,False
2026-01-29,DGW,Bán lẻ,SM ngắn hạn vượt 80,v2-causal-2026-09-20,2026-01-30,46.86,CLOSED,CLOSED,2026-02-10,48.88875,TRAILING_PROFIT_STOP,2026-02-10,48.88875,0.04329385403329078,-0.03755868544600938,54.68,2026-02-03,0.16688006828851898,-0.10591166788588147,ATR_ADAPTIVE,0.04536351763169349,1.2305629149271247,0.09072703526338698,0.13609055289508046,0.027218110579016092,0.12056024332810045,42.60853112755768,,0,,True
2026-08-20,DGW,Bán lẻ,MA20/MA50 cross,v2-causal-2026-09-20,2026-08-21,42.65,OPEN,HOLD,,,,2026-09-22,45.1,0.05744431418522877,0.05744431418522877,46.3,2026-09-15,0.08558030480656509,-0.02591792656587466,ATR_ADAPTIVE,0.03741217798594849,1.027508518759525,0.07482435597189697,0.11223653395784547,0.02244730679156909,,39.4587412177986,39.4587412177986,0,,False
2026-09-11,DGW,Bán lẻ,MACD turn dương,v2-causal-2026-09-20,2026-09-14,44.2,OPEN,HOLD,,,,2026-09-22,45.1,0.020361990950226172,0.020361990950226172,46.3,2026-09-15,0.0475113122171944,-0.02591792656587466,ATR_ADAPTIVE,0.03682432432432435,1.0337936295033836,0.0736486486486487,0.11047297297297305,0.02209459459459461,,40.94472972972973,40.94472972972973,0,,False
2026-01-30,DHC,Tài nguyên Cơ bản,BB squeeze breakout,v2-causal-2026-09-20,2026-02-02,34.28,CLOSED,CLOSED,2026-03-05,32.31011597779149,VOL_ADAPTIVE_STOP,2026-03-05,32.31011597779149,-0.05746452806909308,0.08226371061843651,35.16,2026-02-26,0.025670945157526104,-0.08105472190581642,ATR_ADAPTIVE,0.02873226403454656,0.9759208327253059,0.05746452806909312,0.1,0.02,,32.31011597779149,,0,,False
2026-08-17,DHC,Tài nguyên Cơ bản,MA20/MA50 cross,v2-causal-2026-09-20,2026-08-18,34.2,OPEN,HOLD,,,,2026-09-22,37.1,0.08479532163742687,0.08479532163742687,37.1,2026-09-15,0.08479532163742687,0.0,ATR_ADAPTIVE,0.037173913043478245,1.4956872961199672,0.07434782608695649,0.11152173913043473,0.022304347826086948,,31.65730434782609,31.65730434782609,0,,False
2026-05-04,DPG,Xây dựng và Vật liệu,MA20/MA50 cross,v2-causal-2026-09-20,2026-05-05,43.83,CLOSED,CLOSED,2026-05-08,41.129323415852824,VOL_ADAPTIVE_STOP,2026-05-08,41.129323415852824,-0.061617079264138175,-0.37942048825005703,43.83,2026-05-05,0.0,-0.061617079264138175,ATR_ADAPTIVE,0.03080853963206903,0.9178133478959655,0.06161707926413806,0.1,0.02,,41.129323415852824,,0,,False
2026-01-22,DPM,Hóa chất,BB squeeze breakout,v2-causal-2026-09-20,2026-01-23,24.2,CLOSED,CLOSED,2026-01-23,22.906999999999996,VOL_ADAPTIVE_STOP,2026-01-23,22.906999999999996,-0.05342975206611578,-0.05371900826446285,24.2,2026-01-23,0.0,-0.05342975206611578,ATR_ADAPTIVE,0.026714876033057864,0.9443212488295283,0.05342975206611573,0.1,0.02,,22.906999999999996,,0,,False
2026-02-05,DPM,Hóa chất,SM ngắn hạn vượt 80,v2-causal-2026-09-20,2026-02-06,23.17,CLOSED,CLOSED,2026-03-17,28.09,TRAILING_PROFIT_STOP_GAP,2026-03-17,28.09,0.21234354769097963,-0.011652999568407596,31.83,2026-03-12,0.3737591713422528,-0.11749921457744261,ATR_ADAPTIVE,0.03306279367791544,1.1567884646149798,0.06612558735583088,0.1,0.02,0.13364154856550295,21.6378701409654,,0,,True
2026-09-03,DPM,Hóa chất,BB squeeze breakout,v2-causal-2026-09-20,2026-09-04,23.25,CLOSED,CLOSED,2026-09-14,22.0875,VOL_ADAPTIVE_STOP,2026-09-14,22.0875,-0.050000000000000044,-0.01505376344086029,23.25,2026-09-04,0.0,-0.050000000000000044,ATR_ADAPTIVE,0.022532188841201704,0.7072754101106097,0.05,0.1,0.02,,22.0875,,2,Real Strength < floor · Weekly trend broken,False
2026-09-15,DPM,Hóa chất,MACD turn dương,v2-causal-2026-09-20,2026-09-16,23.15,OPEN,HOLD,,,,2026-09-22,22.9,-0.010799136069114423,-0.010799136069114423,23.15,2026-09-16,0.0,-0.010799136069114423,ATR_ADAPTIVE,0.02527114967462038,0.8215415347879708,0.05054229934924076,0.1,0.02,,21.979945770065072,21.979945770065072,1,Weekly trend broken,False
2025-11-17,DPR,Hóa chất,MA20/MA50 cross,v2-causal-2026-09-20,2025-11-18,39.1,CLOSED,CLOSED,2025-12-12,36.88366323907455,VOL_ADAPTIVE_STOP,2025-12-12,36.88366323907455,-0.05668380462724942,-0.038363171355498715,39.75,2025-11-27,0.01662404092071612,-0.07210910090378486,ATR_ADAPTIVE,0.028341902313624687,1.0268738015218442,0.056683804627249375,0.1,0.02,,36.88366323907455,,1,Leadership < floor,False
2026-01-13,DPR,Hóa chất,BB squeeze breakout,v2-causal-2026-09-20,2026-01-14,41.85,CLOSED,CLOSED,2026-01-29,39.7575,VOL_ADAPTIVE_STOP,2026-01-29,39.7575,-0.050000000000000044,-0.1015531660692951,42.15,2026-01-14,0.007168458781361853,-0.05676156583629888,ATR_ADAPTIVE,0.02478941034897715,0.9901828680069584,0.05,0.1,0.02,,39.7575,,0,,False
2026-01-26,DPR,Hóa chất,SM ngắn hạn vượt 80,v2-causal-2026-09-20,2026-01-27,42.1,CLOSED,CLOSED,2026-02-10,38.98540767386091,VOL_ADAPTIVE_STOP,2026-02-10,38.98540767386091,-0.07398081534772183,-0.10688836104513066,44.45,2026-02-03,0.05581947743467941,-0.12293796009311786,ATR_ADAPTIVE,0.03699040767386091,1.4775368773852862,0.07398081534772182,0.11097122302158272,0.022194244604316543,,38.98540767386091,,2,Leadership < floor · Trend score < floor,False
2026-02-03,DPR,Hóa chất,MACD turn dương,v2-causal-2026-09-20,2026-02-04,45.0,CLOSED,CLOSED,2026-02-05,41.64904386951631,VOL_ADAPTIVE_STOP,2026-02-05,41.64904386951631,-0.07446569178852636,-0.1644444444444444,45.0,2026-02-04,0.0,-0.07446569178852636,ATR_ADAPTIVE,0.03723284589426323,1.4872207774463615,0.07446569178852647,0.1116985376827897,0.02233970753655794,,41.64904386951631,,0,,False
2026-02-25,DPR,Hóa chất,MACD turn dương,v2-causal-2026-09-20,2026-02-26,43.3,CLOSED,CLOSED,2026-03-09,39.9,VOL_ADAPTIVE_STOP_GAP,2026-03-09,39.9,-0.07852193995381063,-0.13163972286374126,47.5,2026-03-03,0.0969976905311778,-0.16000000000000003,ATR_ADAPTIVE,0.03518086347724622,1.405256833722884,0.07036172695449244,0.10554259043173866,0.02110851808634773,,40.25333722287047,,0,,False
2026-05-13,DPR,Hóa chất,BB squeeze breakout,v2-causal-2026-09-20,2026-05-14,42.8,CLOSED,CLOSED,2026-05-19,40.66,VOL_ADAPTIVE_STOP,2026-05-19,40.66,-0.050000000000000044,-0.12149532710280364,44.2,2026-05-15,0.032710280373831946,-0.08009049773755672,ATR_ADAPTIVE,0.023662790697674446,0.8242442801120432,0.05,0.1,0.02,,40.66,,0,,False
2026-05-13,DRI,Hóa chất,SM ngắn hạn vượt 80,v2-causal-2026-09-20,2026-05-14,14.9,CLOSED,CLOSED,2026-05-19,14.06,VOL_ADAPTIVE_STOP,2026-05-19,14.06,-0.05637583892617448,-0.06040268456375841,15.1,2026-05-15,0.01342281879194629,-0.06887417218543046,ATR_ADAPTIVE,0.028187919463087234,0.7611574691812877,0.05637583892617447,0.1,0.02,,14.06,,0,,False
2026-09-16,DRI,Hóa chất,SM ngắn hạn vượt 80,v2-causal-2026-09-20,2026-09-17,14.7,CLOSED,CLOSED,2026-09-22,13.831812080536912,VOL_ADAPTIVE_STOP,2026-09-22,13.831812080536912,-0.059060402684563806,-0.04761904761904756,14.9,2026-09-21,0.013605442176870763,-0.07169046439349591,ATR_ADAPTIVE,0.029530201342281893,0.9624658215262245,0.059060402684563786,0.1,0.02,,13.831812080536912,,0,,False
2026-07-08,DSE,Dịch vụ tài chính,MA20/MA50 cross,v2-causal-2026-09-20,2026-07-09,23.3,CLOSED,CLOSED,2026-07-20,22.134999999999998,VOL_ADAPTIVE_STOP,2026-07-20,22.134999999999998,-0.050000000000000155,-0.045064377682403456,23.3,2026-07-09,0.0,-0.050000000000000155,ATR_ADAPTIVE,0.018415417558886503,0.7349977645480855,0.05,0.1,0.02,,22.134999999999998,,1,Weekly trend broken,False
2026-05-06,DXG,Bất động sản,SM ngắn hạn vượt 80,v2-causal-2026-09-20,2026-05-07,14.06,CLOSED,CLOSED,2026-05-21,13.056148414985591,VOL_ADAPTIVE_STOP,2026-05-21,13.056148414985591,-0.07139769452449574,-0.2460881934566146,14.24,2026-05-12,0.012802275960170695,-0.08313564501505677,ATR_ADAPTIVE,0.035698847262247854,0.8427259977669135,0.07139769452449571,0.10709654178674356,0.02141930835734871,,13.056148414985591,,4,Real Strength < floor · Leadership < floor · Trend score < floor · Weekly trend broken,False
2026-05-04,DXS,Bất động sản,SM ngắn hạn vượt 80,v2-causal-2026-09-20,2026-05-05,7.96,CLOSED,CLOSED,2026-06-05,7.2691893265565435,VOL_ADAPTIVE_STOP,2026-06-05,7.2691893265565435,-0.0867852604828463,-0.3115577889447235,8.5,2026-05-15,0.0678391959798994,-0.1448012556992302,ATR_ADAPTIVE,0.043392630241423126,1.0840981909094822,0.08678526048284625,0.13017789072426939,0.026035578144853876,,7.2691893265565435,,4,Leadership < floor · Trend score < floor · Close < MA20 & MA20 slope <= 0 · Weekly trend broken,False
2025-12-12,ELC,Công nghệ Thông tin,MA20/MA50 cross,v2-causal-2026-09-20,2025-12-15,21.04,CLOSED,CLOSED,2026-01-21,22.80125,TRAILING_PROFIT_STOP,2026-01-21,22.80125,0.0837096007604563,-0.3821292775665399,25.02,2026-01-16,0.18916349809885924,-0.08867905675459631,ATR_ADAPTIVE,0.02099254426840634,0.7723228563432515,0.05,0.1,0.02,0.09371114794861164,19.988,,0,,True
2026-01-16,ELC,Công nghệ Thông tin,BB squeeze breakout,v2-causal-2026-09-20,2026-01-19,25.06,CLOSED,CLOSED,2026-01-21,23.282162270183854,VOL_ADAPTIVE_STOP,2026-01-21,23.282162270183854,-0.07094324540367702,-0.4812450119712689,25.06,2026-01-19,0.0,-0.07094324540367702,ATR_ADAPTIVE,0.03547162270183851,1.2256979338923542,0.07094324540367702,0.10641486810551554,0.021282973621103107,,23.282162270183854,,0,,False
2026-02-24,EVF,Dịch vụ tài chính,BB squeeze breakout,v2-causal-2026-09-20,2026-02-25,13.35,CLOSED,CLOSED,2026-03-17,13.639334600760456,TRAILING_PROFIT_STOP,2026-03-17,13.639334600760456,0.021673003802281432,-0.14232209737827717,15.1,2026-03-13,0.13108614232209748,-0.0967328078966585,ATR_ADAPTIVE,0.0361216730038023,1.0528007179023755,0.0722433460076046,0.1083650190114069,0.02167300380228138,0.13300711743772242,12.385551330798478,,0,,True
2026-06-17,EVF,Dịch vụ tài chính,BB squeeze breakout,v2-causal-2026-09-20,2026-06-18,14.2,CLOSED,CLOSED,2026-06-22,13.489999999999998,VOL_ADAPTIVE_STOP,2026-06-22,13.489999999999998,-0.050000000000000044,-0.19366197183098588,14.2,2026-06-18,0.0,-0.050000000000000044,ATR_ADAPTIVE,0.02367491166077739,0.6978662696990423,0.05,0.1,0.02,,13.489999999999998,,1,Real Strength < floor,False
2026-06-10,F88,Dịch vụ tài chính,SM ngắn hạn vượt 80,v2-causal-2026-09-20,2026-06-11,82.5,CLOSED,CLOSED,2026-07-14,73.575,VOL_ADAPTIVE_STOP,2026-07-14,73.575,-0.10818181818181816,-0.2896969696969697,82.9,2026-06-15,0.00484848484848488,-0.11248492159227985,ATR_ADAPTIVE,0.054090909090909085,1.2489021611281197,0.10818181818181817,0.16227272727272726,0.03245454545454545,,73.575,,4,Leadership < floor · Trend score < floor · Close < MA20 & MA20 slope <= 0 · Weekly trend broken,False
2026-01-21,FPT,Công nghệ Thông tin,SM ngắn hạn vượt 80,v2-causal-2026-09-20,2026-01-22,104.07,CLOSED,CLOSED,2026-01-26,98.33142927488655,VOL_ADAPTIVE_STOP,2026-01-26,98.33142927488655,-0.055141450226899646,-0.36004612280196024,104.07,2026-01-22,0.0,-0.055141450226899646,ATR_ADAPTIVE,0.027570725113449844,1.0448357283821867,0.05514145022689969,0.1,0.02,,98.33142927488655,,1,Weekly trend broken,False
2026-01-29,FPT,Công nghệ Thông tin,SM ngắn hạn vượt 80,v2-causal-2026-09-20,2026-01-30,104.95,CLOSED,CLOSED,2026-02-05,98.3527703993885,VOL_ADAPTIVE_STOP,2026-02-05,98.3527703993885,-0.0628606917638066,-0.3654121010004765,104.95,2026-01-30,0.0,-0.0628606917638066,ATR_ADAPTIVE,0.0314303458819033,1.1708801390850196,0.0628606917638066,0.1,0.02,,98.3527703993885,,3,Real Strength < floor · Leadership < floor · Trend score < floor,False
2026-09-10,FPT,Công nghệ Thông tin,SM ngắn hạn vượt 80,v2-causal-2026-09-20,2026-09-11,74.4,CLOSED,CLOSED,2026-09-21,66.5,VOL_ADAPTIVE_STOP_GAP,2026-09-21,66.5,-0.10618279569892475,-0.10483870967741948,74.4,2026-09-11,0.0,-0.10618279569892475,ATR_ADAPTIVE,0.019127516778523482,0.7168704559058854,0.05,0.1,0.02,,70.68,,1,Weekly trend broken,False
2025-11-18,FRT,Bán lẻ,MACD turn dương,v2-causal-2026-09-20,2025-11-19,141.53,CLOSED,CLOSED,2026-02-10,152.10125,TRAILING_PROFIT_STOP,2026-02-10,152.10125,0.07469264466897463,-0.07440118702748533,167.15,2026-02-02,0.1810216915141667,-0.09003140891414907,ATR_ADAPTIVE,0.03209715053383298,1.1932652910865107,0.06419430106766597,0.1,0.02,0.1030329705505762,132.44458056989322,,0,,True
2025-12-03,FRT,Bán lẻ,BB squeeze breakout,v2-causal-2026-09-20,2025-12-04,150.48,CLOSED,CLOSED,2025-12-09,141.97908204711618,VOL_ADAPTIVE_STOP,2025-12-09,141.97908204711618,-0.05649201191443254,-0.12945241892610304,152.39,2025-12-05,0.012692716640084978,-0.06831759270873294,ATR_ADAPTIVE,0.02824600595721634,1.0214346521341986,0.05649201191443268,0.1,0.02,,141.97908204711618,,0,,False
2026-01-16,FRT,Bán lẻ,MACD turn dương,v2-causal-2026-09-20,2026-01-19,148.48,CLOSED,CLOSED,2026-01-26,140.1356694214876,VOL_ADAPTIVE_STOP,2026-01-26,140.1356694214876,-0.056198347107437985,-0.11772629310344818,148.48,2026-01-19,0.0,-0.056198347107437985,ATR_ADAPTIVE,0.028099173553719048,0.9462856557083438,0.056198347107438096,0.1,0.02,,140.1356694214876,,1,Leadership < floor,False
2026-01-27,FRT,Bán lẻ,SM ngắn hạn vượt 80,v2-causal-2026-09-20,2026-01-28,148.2,CLOSED,CLOSED,2026-02-10,152.10125,TRAILING_PROFIT_STOP,2026-02-10,152.10125,0.0263242240215924,-0.11605937921727394,167.15,2026-02-02,0.12786774628879916,-0.09003140891414907,ATR_ADAPTIVE,0.034651147006922775,1.1523357237290461,0.06930229401384555,0.10395344102076833,0.020790688204153664,0.1030329705505762,137.92940002714806,,0,,True
2026-02-23,FRT,Bán lẻ,MACD turn dương,v2-causal-2026-09-20,2026-02-24,162.86,CLOSED,CLOSED,2026-03-04,150.35702333251893,VOL_ADAPTIVE_STOP,2026-03-04,150.35702333251893,-0.0767713168824824,-0.19562814687461627,162.86,2026-02-24,0.0,-0.0767713168824824,ATR_ADAPTIVE,0.038385658441241144,1.2273342843574189,0.07677131688248229,0.11515697532372343,0.023031395064744685,,150.35702333251893,,1,Leadership < floor,False
2026-08-14,FRT,Bán lẻ,SM ngắn hạn vượt 80,v2-causal-2026-09-20,2026-08-17,143.2,CLOSED,CLOSED,2026-09-14,131.7860881735479,VOL_ADAPTIVE_STOP,2026-09-14,131.7860881735479,-0.07970608817354807,-0.08519553072625696,147.5,2026-08-24,0.0300279329608939,-0.10653499543357348,ATR_ADAPTIVE,0.03985304408677396,1.3887785152501042,0.07970608817354792,0.11955913226032189,0.023911826452064376,,131.7860881735479,,1,Leadership < floor,False
2026-06-19,FTS,Dịch vụ tài chính,BB squeeze breakout,v2-causal-2026-09-20,2026-06-22,26.95,CLOSED,CLOSED,2026-07-13,25.369999999999997,VOL_ADAPTIVE_STOP,2026-07-13,25.369999999999997,-0.05862708719851584,-0.23191094619666053,28.35,2026-07-07,0.051948051948051965,-0.10511463844797186,ATR_ADAPTIVE,0.029313543599257894,0.8882329741349166,0.05862708719851579,0.1,0.02,,25.369999999999997,,1,Weekly trend broken,False
2025-11-28,GAS,"Điện, nước & xăng dầu khí đốt",MACD turn dương,v2-causal-2026-09-20,2025-12-01,63.4,CLOSED,CLOSED,2026-02-12,101.2625,TRAILING_PROFIT_STOP,2026-02-12,101.2625,0.5972003154574133,0.35646687697160884,118.0,2026-01-28,0.861198738170347,-0.141843220338983,ATR_ADAPTIVE,0.022791798107255505,1.1277386370603786,0.05,0.1,0.02,0.17340686274509803,60.23,,1,Leadership < floor,True
2025-12-22,GAS,"Điện, nước & xăng dầu khí đốt",MACD turn dương,v2-causal-2026-09-20,2025-12-23,65.3,CLOSED,CLOSED,2026-02-12,101.2625,TRAILING_PROFIT_STOP,2026-02-12,101.2625,0.55072741194487,0.316998468606432,118.0,2026-01-28,0.8070444104134764,-0.141843220338983,ATR_ADAPTIVE,0.0222052067381317,1.0857248728617874,0.05,0.1,0.02,0.17340686274509803,62.035,,1,Leadership < floor,True
2025-11-26,GEE,Hàng & Dịch vụ Công nghiệp,SM ngắn hạn vượt 80,v2-causal-2026-09-20,2025-11-27,109.44,CLOSED,CLOSED,2025-12-11,112.17777349754607,TRAILING_PROFIT_STOP,2025-12-11,112.17777349754607,0.02501620520418557,-0.39236111111111105,125.88,2025-12-05,0.15021929824561409,-0.10885149747739054,ATR_ADAPTIVE,0.04169367534030929,0.8536087735215514,0.08338735068061857,0.12508102602092785,0.02501620520418557,0.1284838595872288,100.3140883415131,,0,,True
2026-04-22,GEX,Hàng & Dịch vụ Công nghiệp,SM ngắn hạn vượt 80,v2-causal-2026-09-20,2026-04-23,28.51,CLOSED,CLOSED,2026-05-28,32.417500000000004,TRAILING_PROFIT_STOP,2026-05-28,32.417500000000004,0.137057172921782,-0.14415994387934072,36.2,2026-05-19,0.2697299193265521,-0.10448895027624305,ATR_ADAPTIVE,0.040810906515580725,0.8286240839671579,0.08162181303116145,0.12243271954674217,0.024486543909348433,0.12574626865671637,26.18296211048159,,0,,True
2026-05-06,GEX,Hàng & Dịch vụ Công nghiệp,MACD turn dương,v2-causal-2026-09-20,2026-05-07,30.15,CLOSED,CLOSED,2026-05-28,32.417500000000004,TRAILING_PROFIT_STOP,2026-05-28,32.417500000000004,0.075207296849088,-0.19071310116086237,36.2,2026-05-19,0.20066334991708135,-0.10448895027624305,ATR_ADAPTIVE,0.04063032367972741,0.8354892196678102,0.08126064735945482,0.12189097103918223,0.024378194207836445,0.12574626865671637,27.699991482112434,,0,,True
2026-01-20,GMD,Hàng & Dịch vụ Công nghiệp,BB squeeze breakout,v2-causal-2026-09-20,2026-01-21,66.56,CLOSED,CLOSED,2026-01-26,63.232,VOL_ADAPTIVE_STOP,2026-01-26,63.232,-0.050000000000000044,0.16286057692307687,68.51,2026-01-21,0.029296875,-0.07703984819734355,ATR_ADAPTIVE,0.022574317187264215,0.71074726246218,0.05,0.1,0.02,,63.232,,1,Weekly trend broken,False
2026-02-03,GMD,Hàng & Dịch vụ Công nghiệp,SM ngắn hạn vượt 80,v2-causal-2026-09-20,2026-02-04,70.65,CLOSED,CLOSED,2026-03-04,74.91749999999999,TRAILING_PROFIT_STOP,2026-03-04,74.91749999999999,0.06040339702760056,0.09554140127388533,82.02,2026-02-27,0.1609341825902333,-0.0865947329919533,ATR_ADAPTIVE,0.03306041784302655,1.0308062483742453,0.0661208356860531,0.1,0.02,0.09627525252525249,65.97856295878036,,0,,True
2026-05-13,GMD,Hàng & Dịch vụ Công nghiệp,MA20/MA50 cross,v2-causal-2026-09-20,2026-05-14,79.2,CLOSED,CLOSED,2026-05-20,75.24,VOL_ADAPTIVE_STOP,2026-05-20,75.24,-0.050000000000000044,-0.022727272727272707,79.2,2026-05-14,0.0,-0.050000000000000044,ATR_ADAPTIVE,0.02192307692307692,0.6675543172633197,0.05,0.1,0.02,,75.24,,0,,False
2026-06-15,GMD,Hàng & Dịch vụ Công nghiệp,BB squeeze breakout,v2-causal-2026-09-20,2026-06-16,79.9,CLOSED,CLOSED,2026-06-22,75.70123492462312,VOL_ADAPTIVE_STOP,2026-06-22,75.70123492462312,-0.05255025125628143,-0.03128911138923651,79.9,2026-06-16,0.0,-0.05255025125628143,ATR_ADAPTIVE,0.02627512562814069,0.8772861682612473,0.05255025125628138,0.1,0.02,,75.70123492462312,,0,,False
2026-08-19,GMD,Hàng & Dịch vụ Công nghiệp,MA20/MA50 cross,v2-causal-2026-09-20,2026-08-20,78.7,CLOSED,CLOSED,2026-09-11,74.39452926208651,VOL_ADAPTIVE_STOP,2026-09-11,74.39452926208651,-0.054707379134860123,-0.016518424396442133,79.8,2026-08-27,0.013977128335451061,-0.06773772854528182,ATR_ADAPTIVE,0.027353689567430037,0.9367917140138934,0.054707379134860075,0.1,0.02,,74.39452926208651,,4,Real Strength < floor · Leadership < floor · Trend score < floor · Close < MA20 & MA20 slope <= 0,False
2026-03-02,GVR,Hóa chất,MACD turn dương,v2-causal-2026-09-20,2026-03-03,44.4,CLOSED,CLOSED,2026-03-06,39.441308411214955,VOL_ADAPTIVE_STOP,2026-03-06,39.441308411214955,-0.1116822429906541,-0.27477477477477463,45.75,2026-03-03,0.030405405405405483,-0.13789489811552014,ATR_ADAPTIVE,0.0558411214953271,1.6873150049156713,0.1116822429906542,0.1675233644859813,0.03350467289719626,,39.441308411214955,,0,,False
2026-05-13,GVR,Hóa chất,MA20/MA50 cross,v2-causal-2026-09-20,2026-05-14,37.1,CLOSED,CLOSED,2026-05-20,34.35782608695653,VOL_ADAPTIVE_STOP,2026-05-20,34.35782608695653,-0.07391304347826078,-0.13207547169811318,39.3,2026-05-18,0.059299191374662996,-0.12575506140059722,ATR_ADAPTIVE,0.03695652173913041,0.8922983289102002,0.07391304347826082,0.11086956521739122,0.022173913043478245,,34.35782608695653,,0,,False
2025-10-30,HAG,Thực phẩm và đồ uống,MACD turn dương,v2-causal-2026-09-20,2025-10-31,17.15,CLOSED,CLOSED,2025-11-10,15.7,VOL_ADAPTIVE_STOP_GAP,2025-11-10,15.7,-0.08454810495626819,-0.18367346938775508,17.25,2025-11-05,0.005830903790087438,-0.08985507246376812,ATR_ADAPTIVE,0.03713450292397659,1.0005873168216128,0.07426900584795318,0.11140350877192977,0.022280701754385953,,15.876286549707602,,1,Close < MA20 & MA20 slope <= 0,False
2025-11-14,HAG,Thực phẩm và đồ uống,SM ngắn hạn vượt 80,v2-causal-2026-09-20,2025-11-17,17.8,CLOSED,CLOSED,2026-02-06,16.256997167138813,VOL_ADAPTIVE_STOP,2026-02-06,16.256997167138813,-0.08668555240793185,-0.2134831460674158,18.85,2025-11-17,0.0589887640449438,-0.13755983198202593,ATR_ADAPTIVE,0.04334277620396597,1.1483668587441476,0.08668555240793194,0.1300283286118979,0.02600566572237958,,16.256997167138813,,4,Real Strength < floor · Leadership < floor · Trend score < floor · Weekly trend broken,False
2026-04-16,HAG,Thực phẩm và đồ uống,MA20/MA50 cross,v2-causal-2026-09-20,2026-04-17,16.7,CLOSED,CLOSED,2026-05-18,15.754999999999999,VOL_ADAPTIVE_STOP,2026-05-18,15.754999999999999,-0.056586826347305386,-0.16167664670658677,16.7,2026-04-17,0.0,-0.056586826347305386,ATR_ADAPTIVE,0.02829341317365271,0.7907211591794737,0.05658682634730542,0.1,0.02,,15.754999999999999,,3,Real Strength < floor · Leadership < floor · Close < MA20 & MA20 slope <= 0,False
2025-10-31,HAH,Hàng & Dịch vụ Công nghiệp,MA20/MA50 cross,v2-causal-2026-09-20,2025-11-03,59.75,CLOSED,CLOSED,2025-12-12,55.14566378433367,VOL_ADAPTIVE_STOP,2025-12-12,55.14566378433367,-0.07706002034588,-0.19163179916317996,64.84,2025-11-18,0.08518828451882854,-0.14951166279559425,ATR_ADAPTIVE,0.03853001017293998,0.9829130218328683,0.07706002034587996,0.11559003051881994,0.023118006103763987,,55.14566378433367,,4,Leadership < floor · Trend score < floor · Close < MA20 & MA20 slope <= 0 · Weekly trend broken,False
2026-02-27,HAH,Hàng & Dịch vụ Công nghiệp,MA20/MA50 cross,v2-causal-2026-09-20,2026-03-02,64.17,CLOSED,CLOSED,2026-03-06,60.350433117851814,VOL_ADAPTIVE_STOP,2026-03-06,60.350433117851814,-0.059522625559423226,-0.24731182795698936,68.2,2026-03-03,0.06280193236714982,-0.11509628859454824,ATR_ADAPTIVE,0.029761312779711585,0.856573139002853,0.05952262555942317,0.1,0.02,,60.350433117851814,,1,Real Strength < floor,False
2026-05-18,HCM,Dịch vụ tài chính,SM ngắn hạn vượt 80,v2-causal-2026-09-20,2026-05-19,25.5,CLOSED,CLOSED,2026-05-27,23.70681284259984,VOL_ADAPTIVE_STOP,2026-05-27,23.70681284259984,-0.07032106499608459,-0.019607843137254943,25.89,2026-05-19,0.015294117647058902,-0.08432549854770799,ATR_ADAPTIVE,0.03516053249804228,0.9788978644209075,0.07032106499608456,0.10548159749412685,0.02109631949882537,,23.70681284259984,,0,,False
2026-07-21,HCM,Dịch vụ tài chính,MA20/MA50 cross,v2-causal-2026-09-20,2026-07-22,25.85,CLOSED,CLOSED,2026-07-23,24.229732038834953,VOL_ADAPTIVE_STOP,2026-07-23,24.229732038834953,-0.06267961165048541,-0.03288201160541593,25.85,2026-07-22,0.0,-0.06267961165048541,ATR_ADAPTIVE,0.03133980582524272,0.8711923408428155,0.06267961165048544,0.1,0.02,,24.229732038834953,,0,,False
2025-12-22,HDB,Ngân hàng,BB squeeze breakout,v2-causal-2026-09-20,2025-12-23,27.0,CLOSED,CLOSED,2026-03-09,24.1,VOL_ADAPTIVE_STOP_GAP,2026-03-09,24.1,-0.1074074074074074,0.020370370370370372,29.7,2025-12-31,0.09999999999999987,-0.18855218855218847,ATR_ADAPTIVE,0.028888888888888905,0.8994094281903285,0.05777777777777781,0.1,0.02,,25.439999999999998,,3,Leadership < floor · Trend score < floor · Close < MA20 & MA20 slope <= 0,False
2026-05-07,HDB,Ngân hàng,BB squeeze breakout,v2-causal-2026-09-20,2026-05-08,27.5,CLOSED,CLOSED,2026-05-20,26.125,VOL_ADAPTIVE_STOP,2026-05-20,26.125,-0.050000000000000044,0.001818181818181941,27.8,2026-05-14,0.01090909090909098,-0.06025179856115115,ATR_ADAPTIVE,0.02009090909090908,0.6538174786169578,0.05,0.1,0.02,,26.125,,2,Real Strength < floor · Leadership < floor,False
2026-07-17,HDB,Ngân hàng,SM ngắn hạn vượt 80,v2-causal-2026-09-20,2026-07-20,27.15,CLOSED,CLOSED,2026-07-22,25.792499999999997,VOL_ADAPTIVE_STOP,2026-07-22,25.792499999999997,-0.050000000000000044,0.014732965009208288,27.15,2026-07-20,0.0,-0.050000000000000044,ATR_ADAPTIVE,0.02027522935779816,0.837968369917496,0.05,0.1,0.02,,25.792499999999997,,0,,False
2025-11-11,HHP,Tài nguyên Cơ bản,MACD turn dương,v2-causal-2026-09-20,2025-11-12,12.0,CLOSED,CLOSED,2025-12-11,10.27,VOL_ADAPTIVE_STOP_GAP,2025-12-11,10.27,-0.14416666666666667,0.4375,12.0,2025-11-12,0.0,-0.14416666666666667,ATR_ADAPTIVE,0.0593305439330544,2.4351778308760426,0.1186610878661088,0.1779916317991632,0.035598326359832635,,10.576066945606694,,1,Leadership < floor,False
2026-01-29,HHP,Tài nguyên Cơ bản,SM ngắn hạn vượt 80,v2-causal-2026-09-20,2026-01-30,12.56,CLOSED,CLOSED,2026-03-03,12.84875,TRAILING_PROFIT_STOP,2026-03-03,12.84875,0.022989649681528723,0.37340764331210186,14.06,2026-02-24,0.1194267515923566,-0.08614864864864857,ATR_ADAPTIVE,0.03093152866242038,0.8276869987009715,0.06186305732484076,0.1,0.02,0.09549924357034803,11.783000000000001,,1,Leadership < floor,True
2026-02-11,HHP,Tài nguyên Cơ bản,SM ngắn hạn vượt 80,v2-causal-2026-09-20,2026-02-12,12.84,CLOSED,CLOSED,2026-03-09,12.023,VOL_ADAPTIVE_STOP,2026-03-09,12.023,-0.06362928348909658,0.34345794392523366,14.06,2026-02-24,0.0950155763239875,-0.14487908961593177,ATR_ADAPTIVE,0.031814641744548296,0.8513179425329866,0.06362928348909659,0.1,0.02,,12.023,,0,,False
2026-05-13,HHP,Tài nguyên Cơ bản,MA20/MA50 cross,v2-causal-2026-09-20,2026-05-14,13.36,CLOSED,CLOSED,2026-08-13,13.41,TRAILING_PROFIT_STOP_GAP,2026-08-13,13.41,0.0037425149700598404,0.2911676646706587,15.47,2026-08-11,0.15793413173652704,-0.13316095669036854,ATR_ADAPTIVE,0.028661710037174718,0.6780565034182153,0.057323420074349436,0.1,0.02,0.08434676858929815,12.594159107806691,,0,,True
2026-07-01,HHP,Tài nguyên Cơ bản,SM ngắn hạn vượt 80,v2-causal-2026-09-20,2026-07-02,13.78,CLOSED,CLOSED,2026-08-13,13.41,TRAILING_PROFIT_STOP_GAP,2026-08-13,13.41,-0.02685050798258337,0.25181422351233684,15.47,2026-08-11,0.12264150943396235,-0.13316095669036854,ATR_ADAPTIVE,0.029754157628344192,0.862915019968149,0.059508315256688385,0.1,0.02,0.08434676858929815,12.959975415762832,,0,,True
2026-07-07,HHP,Tài nguyên Cơ bản,BB squeeze breakout,v2-causal-2026-09-20,2026-07-08,14.06,CLOSED,CLOSED,2026-07-10,13.264999999999999,VOL_ADAPTIVE_STOP,2026-07-10,13.264999999999999,-0.056543385490753995,0.22688477951635844,14.34,2026-07-08,0.019914651493598834,-0.07496513249651338,ATR_ADAPTIVE,0.028271692745376973,0.8262817129907033,0.056543385490753946,0.1,0.02,,13.264999999999999,,0,,False
2026-07-17,HHP,Tài nguyên Cơ bản,SM ngắn hạn vượt 80,v2-causal-2026-09-20,2026-07-20,14.11,OPEN,RIDE TREND,,,,2026-09-22,17.25,0.22253720765414609,0.22253720765414609,17.4,2026-09-21,0.2331679659815733,-0.008620689655172376,ATR_ADAPTIVE,0.02867231638418079,0.8411749833570653,0.05734463276836158,0.1,0.02,0.08,13.300867231638419,16.008,0,,True
2026-07-23,HHP,Tài nguyên Cơ bản,Pullback resume + HTF confirm,v3-real-strength-2026-09-20,2026-07-24,14.06,CLOSED,CLOSED,2026-08-13,13.41,TRAILING_PROFIT_STOP_GAP,2026-08-13,13.41,-0.046230440967283126,0.22688477951635844,15.47,2026-08-11,0.10028449502133707,-0.13316095669036854,ATR_ADAPTIVE,0.031537916371367825,0.9252446130734832,0.06307583274273565,0.1,0.02,0.08434676858929815,13.173153791637137,,0,,True
2026-07-23,HHP,Tài nguyên Cơ bản,Pullback resume + HTF confirm,v4-residual-strength-2026-09-21,2026-07-24,14.06,CLOSED,CLOSED,2026-08-13,13.41,TRAILING_PROFIT_STOP_GAP,2026-08-13,13.41,-0.046230440967283126,0.22688477951635844,15.47,2026-08-11,0.10028449502133707,-0.13316095669036854,ATR_ADAPTIVE,0.031537916371367825,0.9252446130734832,0.06307583274273565,0.1,0.02,0.08434676858929815,13.173153791637137,,0,,True
2026-07-23,HHP,Tài nguyên Cơ bản,Pullback resume + HTF confirm,v4-vol-adaptive-2026-09-21,2026-07-24,14.06,CLOSED,CLOSED,2026-08-13,13.41,TRAILING_PROFIT_STOP_GAP,2026-08-13,13.41,-0.046230440967283126,0.22688477951635844,15.47,2026-08-11,0.10028449502133707,-0.13316095669036854,ATR_ADAPTIVE,0.031537916371367825,0.9252446130734832,0.06307583274273565,0.1,0.02,0.08434676858929815,13.173153791637137,,0,,True
2026-08-10,HHP,Tài nguyên Cơ bản,SM ngắn hạn vượt 80,v2-causal-2026-09-20,2026-08-11,15.94,CLOSED,CLOSED,2026-08-12,15.129526657997399,VOL_ADAPTIVE_STOP,2026-08-12,15.129526657997399,-0.050845253576072835,0.08218318695106652,15.94,2026-08-11,0.0,-0.050845253576072835,ATR_ADAPTIVE,0.025422626788036418,0.7580436424339165,0.050845253576072835,0.1,0.02,,15.129526657997399,,0,,False
2026-08-19,HHP,Tài nguyên Cơ bản,MACD turn dương,v2-causal-2026-09-20,2026-08-20,15.0,OPEN,RIDE TREND,,,,2026-09-22,17.25,0.1499999999999999,0.1499999999999999,17.4,2026-09-21,0.15999999999999992,-0.008620689655172376,ATR_ADAPTIVE,0.03760000000000001,1.1159879425241497,0.07520000000000002,0.11280000000000003,0.022560000000000004,0.08,13.872,16.008,0,,True
2026-04-09,HHS,Ô tô và phụ tùng,SM ngắn hạn vượt 80,v2-causal-2026-09-20,2026-04-10,14.3,CLOSED,CLOSED,2026-04-23,12.870000000000001,VOL_ADAPTIVE_STOP,2026-04-23,12.870000000000001,-0.09999999999999998,-0.31048951048951057,14.3,2026-04-10,0.0,-0.09999999999999998,ATR_ADAPTIVE,0.049999999999999975,1.21578947368421,0.09999999999999995,0.1499999999999999,0.029999999999999985,,12.870000000000001,,2,Real Strength < floor · Weekly trend broken,False
2026-02-25,HPG,Tài nguyên Cơ bản,SM ngắn hạn vượt 80,v2-causal-2026-09-20,2026-02-26,26.33,CLOSED,CLOSED,2026-03-03,25.013499999999997,VOL_ADAPTIVE_STOP,2026-03-03,25.013499999999997,-0.050000000000000044,-0.19673376376756546,26.33,2026-02-26,0.0,-0.050000000000000044,ATR_ADAPTIVE,0.024416826003824135,0.9689468029459304,0.05,0.1,0.02,,25.013499999999997,,1,Real Strength < floor,False
2026-04-20,HPG,Tài nguyên Cơ bản,MA20/MA50 cross,v2-causal-2026-09-20,2026-04-21,26.02,CLOSED,CLOSED,2026-04-23,24.718999999999998,VOL_ADAPTIVE_STOP,2026-04-23,24.718999999999998,-0.050000000000000044,-0.1871637202152191,26.02,2026-04-21,0.0,-0.050000000000000044,ATR_ADAPTIVE,0.023276880661677848,0.9410688090799385,0.05,0.1,0.02,,24.718999999999998,,0,,False
2026-04-21,HSG,Tài nguyên Cơ bản,MA20/MA50 cross,v2-causal-2026-09-20,2026-04-22,12.36,CLOSED,CLOSED,2026-05-20,11.694999999999999,VOL_ADAPTIVE_STOP,2026-05-20,11.694999999999999,-0.05380258899676382,-0.18284789644012944,12.6,2026-05-07,0.01941747572815533,-0.0718253968253969,ATR_ADAPTIVE,0.026901294498381894,0.977719204951035,0.05380258899676379,0.1,0.02,,11.694999999999999,,5,Real Strength < floor · Leadership < floor · Trend score < floor · Close < MA20 & MA20 slope <= 0 · Weekly trend broken,False
2026-05-26,HSG,Tài nguyên Cơ bản,BB squeeze breakout,v2-causal-2026-09-20,2026-05-27,12.8,CLOSED,CLOSED,2026-06-02,12.16,VOL_ADAPTIVE_STOP,2026-06-02,12.16,-0.050000000000000044,-0.2109375000000001,12.8,2026-05-27,0.0,-0.050000000000000044,ATR_ADAPTIVE,0.023828124999999988,0.8742227492644422,0.05,0.1,0.02,,12.16,,1,Weekly trend broken,False
2026-03-25,HUT,Ô tô và phụ tùng,SM ngắn hạn vượt 80,v2-causal-2026-09-20,2026-03-26,16.7,CLOSED,CLOSED,2026-05-20,15.03,VOL_ADAPTIVE_STOP,2026-05-20,15.03,-0.09999999999999998,-0.23353293413173648,17.5,2026-03-27,0.04790419161676662,-0.14114285714285713,ATR_ADAPTIVE,0.04999999999999998,1.0800131708923275,0.09999999999999996,0.14999999999999994,0.02999999999999999,,15.03,,5,Real Strength < floor · Leadership < floor · Trend score < floor · Close < MA20 & MA20 slope <= 0 · Weekly trend broken,False
2026-04-09,HUT,Ô tô và phụ tùng,SM ngắn hạn vượt 80,v2-causal-2026-09-20,2026-04-10,17.3,CLOSED,CLOSED,2026-05-13,15.590000000000002,VOL_ADAPTIVE_STOP,2026-05-13,15.590000000000002,-0.09884393063583807,-0.2601156069364162,17.3,2026-04-10,0.0,-0.09884393063583807,ATR_ADAPTIVE,0.04942196531791906,1.0675274694947283,0.09884393063583811,0.14826589595375717,0.029653179190751434,,15.590000000000002,,5,Real Strength < floor · Leadership < floor · Trend score < floor · Close < MA20 & MA20 slope <= 0 · Weekly trend broken,False
2026-06-29,HVN,Du lịch và Giải trí,SM ngắn hạn vượt 80,v2-causal-2026-09-20,2026-06-30,23.55,CLOSED,CLOSED,2026-07-10,25.5,STRENGTH_BREAK: Real Strength < floor + Weekly trend broken,2026-07-10,25.5,0.08280254777070062,-0.11252653927813172,26.3,2026-07-08,0.11677282377919318,-0.03041825095057038,ATR_ADAPTIVE,0.026377118644067787,0.9340852858632406,0.05275423728813557,0.1,0.02,0.08708414872798434,22.30763771186441,,2,Real Strength < floor · Weekly trend broken,True
2026-04-13,IDC,Bất động sản,MA20/MA50 cross,v2-causal-2026-09-20,2026-04-14,42.28,CLOSED,CLOSED,2026-04-24,39.078555582004284,VOL_ADAPTIVE_STOP,2026-04-24,39.078555582004284,-0.07572006665079745,-0.20529801324503305,42.8,2026-04-17,0.012298959318826741,-0.08694963593447924,ATR_ADAPTIVE,0.03786003332539871,0.9461621255006516,0.07572006665079742,0.11358009997619613,0.022716019995239225,,39.078555582004284,,2,Leadership < floor · Trend score < floor,False
2026-04-22,KBC,Bất động sản,MA20/MA50 cross,v2-causal-2026-09-20,2026-04-23,34.2,CLOSED,CLOSED,2026-05-15,32.04943231441048,VOL_ADAPTIVE_STOP,2026-05-15,32.04943231441048,-0.06288209606986905,-0.23976608187134507,34.9,2026-05-06,0.020467836257309857,-0.08167815718021543,ATR_ADAPTIVE,0.03144104803493452,0.8593254919752739,0.06288209606986904,0.1,0.02,,32.04943231441048,,4,Real Strength < floor · Leadership < floor · Trend score < floor · Close < MA20 & MA20 slope <= 0,False
2026-05-06,KBC,Bất động sản,SM ngắn hạn vượt 80,v2-causal-2026-09-20,2026-05-07,35.0,CLOSED,CLOSED,2026-05-11,33.1,VOL_ADAPTIVE_STOP_GAP,2026-05-11,33.1,-0.05428571428571427,-0.2571428571428571,35.0,2026-05-07,0.0,-0.05428571428571427,ATR_ADAPTIVE,0.026361031518624668,0.7414411325823861,0.052722063037249335,0.1,0.02,,33.154727793696274,,2,Real Strength < floor · Leadership < floor,False
2026-06-01,KDC,Thực phẩm và đồ uống,MA20/MA50 cross,v2-causal-2026-09-20,2026-06-02,51.2,CLOSED,CLOSED,2026-07-07,48.35,VOL_ADAPTIVE_STOP_GAP,2026-07-07,48.35,-0.0556640625,-0.00390625,51.2,2026-06-02,0.0,-0.0556640625,ATR_ADAPTIVE,0.026171875000000004,1.3103274591374003,0.05234375000000001,0.1,0.02,,48.52,,5,Real Strength < floor · Leadership < floor · Trend score < floor · Close < MA20 & MA20 slope <= 0 · Weekly trend broken,False
2026-07-09,KLB,Ngân hàng,SM ngắn hạn vượt 80,v2-causal-2026-09-20,2026-07-10,12.7,CLOSED,CLOSED,2026-07-21,11.880138996138996,VOL_ADAPTIVE_STOP,2026-07-21,11.880138996138996,-0.06455598455598455,-0.011811023622047112,12.85,2026-07-17,0.011811023622047223,-0.0754755645028019,ATR_ADAPTIVE,0.032277992277992294,1.1301268292350768,0.06455598455598459,0.1,0.02,,11.880138996138996,,0,,False
2026-04-06,LPB,Ngân hàng,MA20/MA50 cross,v2-causal-2026-09-20,2026-04-07,44.04,CLOSED,CLOSED,2026-06-03,49.54533101851852,TRAILING_PROFIT_STOP,2026-06-03,49.54533101851852,0.1250075163151343,0.05131698455949141,54.1,2026-05-26,0.22842870118074488,-0.08418981481481491,ATR_ADAPTIVE,0.030934343434343425,0.9349334874828962,0.06186868686868685,0.1,0.02,0.08705795677799609,41.31530303030303,,0,,True
2026-05-06,LPB,Ngân hàng,MACD turn dương,v2-causal-2026-09-20,2026-05-07,46.78,CLOSED,CLOSED,2026-06-03,49.54533101851852,TRAILING_PROFIT_STOP,2026-06-03,49.54533101851852,0.05911353181954926,-0.010260795211629037,54.1,2026-05-26,0.15647712697734084,-0.08418981481481491,ATR_ADAPTIVE,0.03661096829477293,1.1143204866236058,0.07322193658954586,0.1098329048843188,0.021966580976863756,0.08705795677799609,43.354677806341044,,0,,True
2026-06-23,LPB,Ngân hàng,MACD turn dương,v2-causal-2026-09-20,2026-06-24,56.2,CLOSED,CLOSED,2026-06-26,52.4284030418251,VOL_ADAPTIVE_STOP,2026-06-26,52.4284030418251,-0.06711026615969584,-0.17615658362989328,56.2,2026-06-24,0.0,-0.06711026615969584,ATR_ADAPTIVE,0.03355513307984791,0.9930893313117208,0.06711026615969581,0.10066539923954372,0.020133079847908745,,52.4284030418251,,0,,False
2026-07-21,LPB,Ngân hàng,SM ngắn hạn vượt 80,v2-causal-2026-09-20,2026-07-22,54.8,CLOSED,CLOSED,2026-08-17,50.5243956043956,VOL_ADAPTIVE_STOP,2026-08-17,50.5243956043956,-0.07802197802197808,-0.1551094890510949,54.8,2026-07-22,0.0,-0.07802197802197808,ATR_ADAPTIVE,0.03901098901098902,1.1456562796125254,0.07802197802197804,0.11703296703296706,0.02340659340659341,,50.5243956043956,,0,,False
2026-07-21,LPB,Ngân hàng,Pullback resume + HTF confirm,v3-real-strength-2026-09-20,2026-07-22,54.8,CLOSED,CLOSED,2026-08-17,50.5243956043956,VOL_ADAPTIVE_STOP,2026-08-17,50.5243956043956,-0.07802197802197808,-0.1551094890510949,54.8,2026-07-22,0.0,-0.07802197802197808,ATR_ADAPTIVE,0.03901098901098902,1.1456562796125254,0.07802197802197804,0.11703296703296706,0.02340659340659341,,50.5243956043956,,0,,False
2026-07-21,LPB,Ngân hàng,Pullback resume + HTF confirm,v4-residual-strength-2026-09-21,2026-07-22,54.8,CLOSED,CLOSED,2026-08-17,50.5243956043956,VOL_ADAPTIVE_STOP,2026-08-17,50.5243956043956,-0.07802197802197808,-0.1551094890510949,54.8,2026-07-22,0.0,-0.07802197802197808,ATR_ADAPTIVE,0.03901098901098902,1.1456562796125254,0.07802197802197804,0.11703296703296706,0.02340659340659341,,50.5243956043956,,0,,False
2026-07-21,LPB,Ngân hàng,Pullback resume + HTF confirm,v4-vol-adaptive-2026-09-21,2026-07-22,54.8,CLOSED,CLOSED,2026-08-17,50.5243956043956,VOL_ADAPTIVE_STOP,2026-08-17,50.5243956043956,-0.07802197802197808,-0.1551094890510949,54.8,2026-07-22,0.0,-0.07802197802197808,ATR_ADAPTIVE,0.03901098901098902,1.1456562796125254,0.07802197802197804,0.11703296703296706,0.02340659340659341,,50.5243956043956,,0,,False
2025-12-23,MBB,Ngân hàng,MA20/MA50 cross,v2-causal-2026-09-20,2025-12-24,20.1,CLOSED,CLOSED,2026-03-04,21.3716,TRAILING_PROFIT_STOP,2026-03-04,21.3716,0.06326368159203977,0.0,23.23,2026-02-11,0.1557213930348258,-0.07999999999999996,ATR_ADAPTIVE,0.027064676616915417,1.0438469062172429,0.054129353233830835,0.1,0.02,0.08,19.012,,1,Leadership < floor,True
2026-07-13,MBB,Ngân hàng,MA20/MA50 cross,v2-causal-2026-09-20,2026-07-14,19.99,CLOSED,CLOSED,2026-07-20,18.990499999999997,VOL_ADAPTIVE_STOP,2026-07-20,18.990499999999997,-0.050000000000000044,0.005502751375688009,20.45,2026-07-14,0.023011505752876582,-0.07136919315403434,ATR_ADAPTIVE,0.0142366224840452,0.6255936985121903,0.05,0.1,0.02,,18.990499999999997,,3,Real Strength < floor · Close < MA20 & MA20 slope <= 0 · Weekly trend broken,False
2026-06-19,MBS,Dịch vụ tài chính,MA20/MA50 cross,v2-causal-2026-09-20,2026-06-22,19.67,CLOSED,CLOSED,2026-07-17,18.16,VOL_ADAPTIVE_STOP_GAP,2026-07-17,18.16,-0.07676664972038649,-0.1509913573970515,21.09,2026-07-07,0.07219115404168774,-0.13892840208629686,ATR_ADAPTIVE,0.03613963039014378,0.9828592439122188,0.07227926078028755,0.10841889117043133,0.021683778234086265,,18.248266940451746,,1,Weekly trend broken,False
2026-07-02,MBS,Dịch vụ tài chính,MACD turn dương,v2-causal-2026-09-20,2026-07-03,19.39,CLOSED,CLOSED,2026-07-17,18.16,VOL_ADAPTIVE_STOP_GAP,2026-07-17,18.16,-0.06343476018566274,-0.13873130479628681,21.09,2026-07-07,0.08767405879319234,-0.13892840208629686,ATR_ADAPTIVE,0.031201650335224353,0.8519147532258748,0.062403300670448705,0.1,0.02,,18.18,,1,Weekly trend broken,False
2025-10-27,MCH,Thực phẩm và đồ uống,MACD turn dương,v2-causal-2026-09-20,2025-10-28,119.09,CLOSED,CLOSED,2026-01-13,169.0,STRENGTH_BREAK: Leadership < floor + Trend score < floor + Close < MA20 & MA20 slope <= 0,2026-01-13,169.0,0.41909480225039886,0.20413132924678812,179.24,2025-12-25,0.5050801914518432,-0.05713010488730197,ATR_ADAPTIVE,0.03962398459090528,1.7020029593414532,0.07924796918181055,0.11887195377271584,0.023774390754543167,0.08,109.65235935013818,,3,Leadership < floor · Trend score < floor · Close < MA20 & MA20 slope <= 0,True
2026-07-17,MCH,Thực phẩm và đồ uống,SM ngắn hạn vượt 80,v2-causal-2026-09-20,2026-07-20,136.97,OPEN,HOLD,,,,2026-09-22,143.4,0.04694458640578225,0.04694458640578225,145.6,2026-09-17,0.06300649777323497,-0.015109890109890056,ATR_ADAPTIVE,0.025706875136991353,1.0346648025318521,0.051413750273982706,0.1,0.02,,129.9278586249726,129.9278586249726,0,,False
2026-07-29,MCH,Thực phẩm và đồ uống,MACD turn dương,v2-causal-2026-09-20,2026-07-30,136.87,OPEN,HOLD,,,,2026-09-22,143.4,0.047709505370059135,0.047709505370059135,145.6,2026-09-17,0.06378315189595951,-0.015109890109890056,ATR_ADAPTIVE,0.0269197048294002,1.083479455713687,0.0538394096588004,0.1,0.02,,129.501,129.501,0,,False
2026-08-25,MCH,Thực phẩm và đồ uống,BB squeeze breakout,v2-causal-2026-09-20,2026-08-26,142.1,OPEN,HOLD,,,,2026-09-22,143.4,0.00914848698099946,0.00914848698099946,145.6,2026-09-17,0.024630541871921263,-0.015109890109890056,ATR_ADAPTIVE,0.018635401974612126,0.7932878960338978,0.05,0.1,0.02,,134.99499999999998,134.99499999999998,0,,False
2026-09-16,MCH,Thực phẩm và đồ uống,MACD turn dương,v2-causal-2026-09-20,2026-09-17,144.5,OPEN,HOLD,,,,2026-09-22,143.4,-0.00761245674740485,-0.00761245674740485,145.6,2026-09-17,0.007612456747404739,-0.015109890109890056,ATR_ADAPTIVE,0.014241379310344842,0.6514310635113514,0.05,0.1,0.02,,137.275,137.275,0,,False
2026-04-16,MSB,Ngân hàng,MA20/MA50 cross,v2-causal-2026-09-20,2026-04-17,10.6,CLOSED,CLOSED,2026-08-19,13.14,STRENGTH_BREAK: Leadership < floor + Close < MA20 & MA20 slope <= 0,2026-08-19,13.14,0.23962264150943402,0.2735849056603774,13.64,2026-07-16,0.28679245283018884,-0.03665689149560114,ATR_ADAPTIVE,0.02296401515151513,1.0138256644782537,0.05,0.1,0.02,0.08,10.069999999999999,,2,Leadership < floor · Close < MA20 & MA20 slope <= 0,True
2026-05-07,MSB,Ngân hàng,SM ngắn hạn vượt 80,v2-causal-2026-09-20,2026-05-08,10.85,CLOSED,CLOSED,2026-08-19,13.14,STRENGTH_BREAK: Leadership < floor + Close < MA20 & MA20 slope <= 0,2026-08-19,13.14,0.21105990783410156,0.24423963133640547,13.64,2026-07-16,0.25714285714285734,-0.03665689149560114,ATR_ADAPTIVE,0.02377880184331796,1.0552687918124926,0.05,0.1,0.02,0.08,10.3075,,2,Leadership < floor · Close < MA20 & MA20 slope <= 0,True
2026-06-17,MSB,Ngân hàng,SM ngắn hạn vượt 80,v2-causal-2026-09-20,2026-06-18,12.98,CLOSED,CLOSED,2026-08-26,12.224,VOL_ADAPTIVE_STOP,2026-08-26,12.224,-0.05824345146379051,0.04006163328197232,13.64,2026-07-16,0.05084745762711873,-0.10381231671554259,ATR_ADAPTIVE,0.029121725731895223,1.2683842668964138,0.058243451463790445,0.1,0.02,,12.224,,3,Leadership < floor · Trend score < floor · Close < MA20 & MA20 slope <= 0,False
2026-01-29,MSN,Thực phẩm và đồ uống,SM ngắn hạn vượt 80,v2-causal-2026-09-20,2026-01-30,84.6,CLOSED,CLOSED,2026-02-05,79.68092746730083,VOL_ADAPTIVE_STOP,2026-02-05,79.68092746730083,-0.058145065398335194,-0.16903073286052006,84.6,2026-01-30,0.0,-0.058145065398335194,ATR_ADAPTIVE,0.029072532699167663,1.002884614171818,0.058145065398335326,0.1,0.02,,79.68092746730083,,2,Real Strength < floor · Leadership < floor,False
2026-04-21,MSN,Thực phẩm và đồ uống,MA20/MA50 cross,v2-causal-2026-09-20,2026-04-22,78.9,CLOSED,CLOSED,2026-05-20,74.955,VOL_ADAPTIVE_STOP,2026-05-20,74.955,-0.050000000000000044,-0.10899873257287718,81.0,2026-05-07,0.026615969581748944,-0.0746296296296296,ATR_ADAPTIVE,0.024367088607594983,0.9010907405625689,0.05,0.1,0.02,,74.955,,2,Real Strength < floor · Leadership < floor,False
2026-05-07,MSN,Thực phẩm và đồ uống,BB squeeze breakout,v2-causal-2026-09-20,2026-05-08,81.0,CLOSED,CLOSED,2026-05-12,76.95,VOL_ADAPTIVE_STOP,2026-05-12,76.95,-0.04999999999999993,-0.13209876543209875,81.0,2026-05-08,0.0,-0.04999999999999993,ATR_ADAPTIVE,0.024012345679012375,0.9119999819655926,0.05,0.1,0.02,,76.95,,1,Real Strength < floor,False
2026-02-24,MSR,Tài nguyên Cơ bản,MACD turn dương,v2-causal-2026-09-20,2026-02-25,37.51,CLOSED,CLOSED,2026-03-09,40.91625,TRAILING_PROFIT_STOP,2026-03-09,40.91625,0.09080911756864829,0.4342841908824313,49.84,2026-03-02,0.3287123433751,-0.1790479534510434,ATR_ADAPTIVE,0.08156491602239406,1.58776402517347,0.12,0.18,0.036,0.18,33.0088,,0,,True
2026-08-19,MSR,Tài nguyên Cơ bản,MA20/MA50 cross,v2-causal-2026-09-20,2026-08-20,42.11,OPEN,RIDE TREND,,,,2026-09-22,53.8,0.27760626929470433,0.27760626929470433,53.8,2026-09-22,0.27760626929470433,0.0,ATR_ADAPTIVE,0.03615530752790311,0.7939220488884916,0.07231061505580622,0.10846592258370932,0.021693184516741865,0.08492100371747216,39.065000000000005,49.231249999999996,0,,True
2025-12-11,MST,Xây dựng và Vật liệu,SM ngắn hạn vượt 80,v2-causal-2026-09-20,2025-12-12,6.6,CLOSED,CLOSED,2026-02-06,6.04,VOL_ADAPTIVE_STOP,2026-02-06,6.04,-0.08484848484848484,0.4242424242424243,7.0,2025-12-22,0.06060606060606055,-0.13714285714285712,ATR_ADAPTIVE,0.04242424242424242,0.8983957219251344,0.08484848484848484,0.12727272727272726,0.025454545454545452,,6.04,,3,Leadership < floor · Trend score < floor · Close < MA20 & MA20 slope <= 0,False
2026-03-13,MST,Xây dựng và Vật liệu,SM ngắn hạn vượt 80,v2-causal-2026-09-20,2026-03-16,7.8,CLOSED,CLOSED,2026-04-20,8.3,STRENGTH_BREAK: Leadership < floor + Trend score < floor,2026-04-20,8.3,0.06410256410256432,0.2051282051282053,9.0,2026-03-31,0.15384615384615397,-0.07777777777777772,ATR_ADAPTIVE,0.0474025974025974,1.02839533348008,0.0948051948051948,0.1422077922077922,0.028441558441558438,0.12801204819277115,7.06051948051948,,2,Leadership < floor · Trend score < floor,True
2026-06-15,MST,Xây dựng và Vật liệu,MA20/MA50 cross,v2-causal-2026-09-20,2026-06-16,9.4,CLOSED,CLOSED,2026-06-24,8.76,VOL_ADAPTIVE_STOP,2026-06-24,8.76,-0.06808510638297882,0.0,9.4,2026-06-16,0.0,-0.06808510638297882,ATR_ADAPTIVE,0.034042553191489376,0.7365710952337096,0.06808510638297875,0.10212765957446812,0.020425531914893626,,8.76,,1,Leadership < floor,False
2025-12-09,MWG,Bán lẻ,MA20/MA50 cross,v2-causal-2026-09-20,2025-12-10,81.92,CLOSED,CLOSED,2025-12-12,77.824,VOL_ADAPTIVE_STOP,2025-12-12,77.824,-0.050000000000000044,-0.111328125,81.92,2025-12-10,0.0,-0.050000000000000044,ATR_ADAPTIVE,0.02084391246524001,0.7674088971370222,0.05,0.1,0.02,,77.824,,0,,False
2025-12-22,MWG,Bán lẻ,MA20/MA50 cross,v2-causal-2026-09-20,2025-12-23,83.7,CLOSED,CLOSED,2026-02-05,90.29,STRENGTH_BREAK: Real Strength < floor + Leadership < floor,2026-02-05,90.29,0.07873357228195932,-0.13022700119474317,92.26,2026-02-02,0.10227001194743135,-0.021352698894428812,ATR_ADAPTIVE,0.023243727598566313,0.8557627264802347,0.05,0.1,0.02,0.08,79.515,,2,Real Strength < floor · Leadership < floor,True
2026-01-30,MWG,Bán lẻ,BB squeeze breakout,v2-causal-2026-09-20,2026-02-02,91.67,CLOSED,CLOSED,2026-02-06,86.87706591604721,VOL_ADAPTIVE_STOP,2026-02-06,86.87706591604721,-0.0522846523830347,-0.20584706010690523,92.26,2026-02-02,0.006436129595287499,-0.05834526429604148,ATR_ADAPTIVE,0.026142326191517278,0.9331474906616645,0.052284652383034556,0.1,0.02,,86.87706591604721,,2,Real Strength < floor · Leadership < floor,False
2026-02-11,MWG,Bán lẻ,SM ngắn hạn vượt 80,v2-causal-2026-09-20,2026-02-12,91.08,CLOSED,CLOSED,2026-03-03,86.25373632445574,VOL_ADAPTIVE_STOP,2026-03-03,86.25373632445574,-0.05298928058348984,-0.20070267896354854,92.16,2026-02-26,0.011857707509881354,-0.06408706245165208,ATR_ADAPTIVE,0.02649464029174494,0.9611607435300812,0.05298928058348988,0.1,0.02,,86.25373632445574,,2,Real Strength < floor · Leadership < floor,False
2026-04-24,NAB,Ngân hàng,MA20/MA50 cross,v2-causal-2026-09-20,2026-04-28,11.86,CLOSED,CLOSED,2026-07-23,12.25,TRAILING_PROFIT_STOP_GAP,2026-07-23,12.25,0.03288364249578413,0.02866779089376048,13.35,2026-07-08,0.12563237774030367,-0.08239700374531833,ATR_ADAPTIVE,0.017116357504215855,0.9976882350250101,0.05,0.1,0.02,0.08,11.267,,0,,True
2026-06-15,NAB,Ngân hàng,MACD turn dương,v2-causal-2026-09-20,2026-06-16,12.4,CLOSED,CLOSED,2026-07-28,11.78,VOL_ADAPTIVE_STOP,2026-07-28,11.78,-0.050000000000000044,-0.016129032258064613,13.35,2026-07-08,0.0766129032258065,-0.11760299625468162,ATR_ADAPTIVE,0.019758064516129027,1.124988004463993,0.05,0.1,0.02,,11.78,,2,Close < MA20 & MA20 slope <= 0 · Weekly trend broken,False
2025-12-25,NAF,Thực phẩm và đồ uống,MA20/MA50 cross,v2-causal-2026-09-20,2025-12-26,36.65,CLOSED,CLOSED,2026-06-16,50.3,STRENGTH_BREAK: Leadership < floor + Weekly trend broken,2026-06-16,50.3,0.37244201909959074,0.3096862210095499,53.6,2026-05-29,0.46248294679399726,-0.06156716417910457,ATR_ADAPTIVE,0.02500000000000003,1.115870248284666,0.05000000000000006,0.1,0.02,0.08,34.817499999999995,,2,Leadership < floor · Weekly trend broken,True
2026-01-26,NAF,Thực phẩm và đồ uống,SM ngắn hạn vượt 80,v2-causal-2026-09-20,2026-01-27,40.25,CLOSED,CLOSED,2026-06-16,50.3,STRENGTH_BREAK: Leadership < floor + Weekly trend broken,2026-06-16,50.3,0.24968944099378865,0.1925465838509317,53.6,2026-05-29,0.3316770186335405,-0.06156716417910457,ATR_ADAPTIVE,0.026119402985074616,1.165834587760097,0.05223880597014923,0.1,0.02,0.08,38.1473880597015,,2,Leadership < floor · Weekly trend broken,True
2026-02-10,NAF,Thực phẩm và đồ uống,MACD turn dương,v2-causal-2026-09-20,2026-02-11,43.5,CLOSED,CLOSED,2026-03-11,40.985,VOL_ADAPTIVE_STOP,2026-03-11,40.985,-0.05781609195402304,0.10344827586206895,44.25,2026-03-06,0.01724137931034475,-0.07378531073446326,ATR_ADAPTIVE,0.028908045977011517,1.2903051376716939,0.057816091954023034,0.1,0.02,,40.985,,0,,False
2026-03-19,NAF,Thực phẩm và đồ uống,BB squeeze breakout,v2-causal-2026-09-20,2026-03-20,47.9,CLOSED,CLOSED,2026-06-16,50.3,STRENGTH_BREAK: Leadership < floor + Weekly trend broken,2026-06-16,50.3,0.050104384133611735,0.0020876826722338038,53.6,2026-05-29,0.11899791231732793,-0.06156716417910457,ATR_ADAPTIVE,0.030982236154649945,1.2923007257582293,0.06196447230929989,0.1,0.02,0.08,44.931901776384535,,2,Leadership < floor · Weekly trend broken,True
2026-05-21,NAF,Thực phẩm và đồ uống,BB squeeze breakout,v2-causal-2026-09-20,2026-05-22,51.9,CLOSED,CLOSED,2026-06-30,49.305,VOL_ADAPTIVE_STOP,2026-06-30,49.305,-0.04999999999999993,-0.07514450867052025,53.6,2026-05-29,0.032755298651252485,-0.08013059701492542,ATR_ADAPTIVE,0.019642857142857125,0.7396866774003931,0.05,0.1,0.02,,49.305,,4,Leadership < floor · Trend score < floor · Close < MA20 & MA20 slope <= 0 · Weekly trend broken,False
2025-12-19,NT2,"Điện, nước & xăng dầu khí đốt",MACD turn dương,v2-causal-2026-09-20,2025-12-22,24.2,CLOSED,CLOSED,2026-03-09,26.2,TRAILING_PROFIT_STOP_GAP,2026-03-09,26.2,0.0826446280991735,-0.1425619834710744,28.9,2026-03-02,0.19421487603305776,-0.09342560553633217,ATR_ADAPTIVE,0.021074380165289248,0.6525469206256254,0.05,0.1,0.02,0.08431283905967449,22.99,,0,,True
2025-12-29,NT2,"Điện, nước & xăng dầu khí đốt",Pullback resume + HTF confirm,v3-real-strength-2026-09-20,2025-12-30,24.45,CLOSED,CLOSED,2026-03-09,26.2,TRAILING_PROFIT_STOP_GAP,2026-03-09,26.2,0.07157464212678932,-0.15132924335378317,28.9,2026-03-02,0.1820040899795501,-0.09342560553633217,ATR_ADAPTIVE,0.021472392638036797,0.6648709753036264,0.05,0.1,0.02,0.08431283905967449,23.2275,,0,,True
2026-02-24,NT2,"Điện, nước & xăng dầu khí đốt",BB squeeze breakout,v2-causal-2026-09-20,2026-02-25,28.45,CLOSED,CLOSED,2026-02-26,26.997234042553192,VOL_ADAPTIVE_STOP,2026-02-26,26.997234042553192,-0.051063829787234005,-0.2706502636203866,28.45,2026-02-25,0.0,-0.051063829787234005,ATR_ADAPTIVE,0.025531914893617013,0.813327913102248,0.051063829787234026,0.1,0.02,,26.997234042553192,,1,Leadership < floor,False
2025-10-23,NTP,Xây dựng và Vật liệu,BB squeeze breakout,v2-causal-2026-09-20,2025-10-24,53.62,CLOSED,CLOSED,2025-10-28,50.450215616180614,VOL_ADAPTIVE_STOP,2025-10-28,50.450215616180614,-0.0591157102539982,-0.0022379709063781172,53.62,2025-10-24,0.0,-0.0591157102539982,ATR_ADAPTIVE,0.029557855126999075,1.0579104387523575,0.05911571025399815,0.1,0.02,,50.450215616180614,,0,,False
2026-07-07,NVB,Ngân hàng,SM ngắn hạn vượt 80,v2-causal-2026-09-20,2026-07-08,14.7,CLOSED,CLOSED,2026-07-13,13.35,VOL_ADAPTIVE_STOP,2026-07-13,13.35,-0.09183673469387754,-0.05442176870748294,15.0,2026-07-08,0.020408163265306145,-0.10999999999999999,ATR_ADAPTIVE,0.04591836734693878,1.4464721608741133,0.09183673469387756,0.13775510204081634,0.027551020408163266,,13.35,,0,,False
2026-03-30,NVL,Bất động sản,MA20/MA50 cross,v2-causal-2026-09-20,2026-03-31,12.96,CLOSED,CLOSED,2026-05-05,16.59,TRAILING_PROFIT_STOP_GAP,2026-05-05,16.59,0.28009259259259256,-0.031635802469135776,19.11,2026-04-28,0.474537037037037,-0.13186813186813184,ATR_ADAPTIVE,0.057552285050348574,1.3386994032432686,0.11510457010069715,0.17265685515104573,0.034531371030209146,0.12345505617977524,11.468244771494966,,0,,True
2026-05-27,OCB,Ngân hàng,BB squeeze breakout,v2-causal-2026-09-20,2026-05-28,10.42,CLOSED,CLOSED,2026-07-16,10.628400000000001,TRAILING_PROFIT_STOP,2026-07-16,10.628400000000001,0.020000000000000018,0.0028790786948176272,11.5,2026-07-03,0.10364683301343569,-0.075791304347826,ATR_ADAPTIVE,0.01890595009596926,0.9734911312264729,0.05,0.1,0.02,0.08,9.899,,0,,True
2026-07-01,OCB,Ngân hàng,SM ngắn hạn vượt 80,v2-causal-2026-09-20,2026-07-02,11.55,CLOSED,CLOSED,2026-07-13,10.907657894736843,VOL_ADAPTIVE_STOP,2026-07-13,10.907657894736843,-0.05561403508771923,-0.09523809523809534,11.55,2026-07-02,0.0,-0.05561403508771923,ATR_ADAPTIVE,0.027807017543859638,1.3213427890178475,0.055614035087719275,0.1,0.02,,10.907657894736843,,0,,False
2026-08-28,OCB,Ngân hàng,MA20/MA50 cross,v2-causal-2026-09-20,2026-09-03,11.0,CLOSED,CLOSED,2026-09-07,10.45,VOL_ADAPTIVE_STOP,2026-09-07,10.45,-0.050000000000000044,-0.050000000000000044,11.0,2026-09-03,0.0,-0.050000000000000044,ATR_ADAPTIVE,0.017045454545454513,0.7239598885005721,0.05,0.1,0.02,,10.45,,1,Trend score < floor,False
2026-01-05,OIL,Dầu khí,BB squeeze breakout,v2-causal-2026-09-20,2026-01-06,12.62,CLOSED,CLOSED,2026-01-06,11.910124999999999,VOL_ADAPTIVE_STOP,2026-01-06,11.910124999999999,-0.05625000000000002,0.13312202852614918,12.62,2026-01-06,0.0,-0.05625000000000002,ATR_ADAPTIVE,0.028125000000000008,0.813966220101929,0.056250000000000015,0.1,0.02,,11.910124999999999,,0,,False
2026-09-09,OIL,Dầu khí,SM ngắn hạn vượt 80,v2-causal-2026-09-20,2026-09-10,14.0,OPEN,HOLD,,,,2026-09-22,14.3,0.021428571428571574,0.021428571428571574,15.0,2026-09-16,0.0714285714285714,-0.046666666666666634,ATR_ADAPTIVE,0.0337410071942446,0.6373828184947834,0.0674820143884892,0.1012230215827338,0.02024460431654676,,13.055251798561152,13.055251798561152,1,Weekly trend broken,False
2026-03-05,ORS,Dịch vụ tài chính,SM ngắn hạn vượt 80,v2-causal-2026-09-20,2026-03-06,14.75,CLOSED,CLOSED,2026-03-09,13.6,VOL_ADAPTIVE_STOP_GAP,2026-03-09,13.6,-0.07796610169491525,-0.09830508474576272,14.75,2026-03-06,0.0,-0.07796610169491525,ATR_ADAPTIVE,0.03508474576271185,0.9139948265873925,0.0701694915254237,0.10525423728813556,0.02105084745762711,,13.715,,0,,False
2026-07-03,ORS,Dịch vụ tài chính,BB squeeze breakout,v2-causal-2026-09-20,2026-07-06,14.75,CLOSED,CLOSED,2026-07-06,13.944539249146757,VOL_ADAPTIVE_STOP,2026-07-06,13.944539249146757,-0.05460750853242324,-0.09830508474576272,14.75,2026-07-06,0.0,-0.05460750853242324,ATR_ADAPTIVE,0.027303754266211604,0.8413676312854136,0.05460750853242321,0.1,0.02,,13.944539249146757,,0,,False
2026-08-24,ORS,Dịch vụ tài chính,MACD turn dương,v2-causal-2026-09-20,2026-08-25,14.6,CLOSED,CLOSED,2026-09-10,13.479999999999999,VOL_ADAPTIVE_STOP,2026-09-10,13.479999999999999,-0.0767123287671233,-0.08904109589041087,14.6,2026-08-25,0.0,-0.0767123287671233,ATR_ADAPTIVE,0.03835616438356167,1.001578116780642,0.07671232876712333,0.115068493150685,0.023013698630137,,13.479999999999999,,4,Leadership < floor · Trend score < floor · Close < MA20 & MA20 slope <= 0 · Weekly trend broken,False
2026-02-10,PAN,Thực phẩm và đồ uống,SM ngắn hạn vượt 80,v2-causal-2026-09-20,2026-02-11,23.61,CLOSED,CLOSED,2026-02-11,22.172,VOL_ADAPTIVE_STOP,2026-02-11,22.172,-0.060906395595086815,-0.21643371452774252,23.61,2026-02-11,0.0,-0.060906395595086815,ATR_ADAPTIVE,0.030453197797543418,1.0093954851602136,0.060906395595086836,0.1,0.02,,22.172,,0,,False
2026-04-23,PAN,Thực phẩm và đồ uống,MA20/MA50 cross,v2-causal-2026-09-20,2026-04-24,24.14,CLOSED,CLOSED,2026-06-08,22.50729460580913,VOL_ADAPTIVE_STOP,2026-06-08,22.50729460580913,-0.06763485477178421,-0.23363711681855848,25.39,2026-05-25,0.05178127589063797,-0.11353703797522141,ATR_ADAPTIVE,0.03381742738589211,1.0749429888313382,0.06763485477178421,0.10145228215767632,0.020290456431535264,,22.50729460580913,,4,Real Strength < floor · Leadership < floor · Trend score < floor · Close < MA20 & MA20 slope <= 0,False
2026-05-07,PAN,Thực phẩm và đồ uống,BB squeeze breakout,v2-causal-2026-09-20,2026-05-08,24.86,CLOSED,CLOSED,2026-06-03,23.2,VOL_ADAPTIVE_STOP_GAP,2026-06-03,23.2,-0.06677393403057119,-0.2558326629123089,25.39,2026-05-25,0.02131938857602589,-0.08625443087829854,ATR_ADAPTIVE,0.029102976669348343,0.9236955178073565,0.058205953338696687,0.1,0.02,,23.413,,3,Real Strength < floor · Leadership < floor · Trend score < floor,False
2026-05-25,PAN,Thực phẩm và đồ uống,BB squeeze breakout,v2-causal-2026-09-20,2026-05-26,25.54,CLOSED,CLOSED,2026-06-01,24.120664040961007,VOL_ADAPTIVE_STOP,2026-06-01,24.120664040961007,-0.055573060259944906,-0.27564604541895066,25.54,2026-05-26,0.0,-0.055573060259944906,ATR_ADAPTIVE,0.027786530129972436,0.9288878695544375,0.05557306025994487,0.1,0.02,,24.120664040961007,,1,Real Strength < floor,False
2026-03-27,PC1,Xây dựng và Vật liệu,MACD turn dương,v2-causal-2026-09-20,2026-03-30,28.6,CLOSED,CLOSED,2026-04-23,25.268247422680414,VOL_ADAPTIVE_STOP,2026-04-23,25.268247422680414,-0.11649484536082477,-0.27097902097902093,29.15,2026-03-30,0.019230769230769162,-0.13316475393892224,ATR_ADAPTIVE,0.058247422680412365,1.6956336930279579,0.11649484536082473,0.1747422680412371,0.034948453608247415,,25.268247422680414,,3,Leadership < floor · Trend score < floor · Weekly trend broken,False
2026-03-27,PC1,Xây dựng và Vật liệu,Pullback resume + HTF confirm,v4-vol-adaptive-2026-09-21,2026-03-30,28.6,CLOSED,CLOSED,2026-04-23,25.268247422680414,VOL_ADAPTIVE_STOP,2026-04-23,25.268247422680414,-0.11649484536082477,-0.27097902097902093,29.15,2026-03-30,0.019230769230769162,-0.13316475393892224,ATR_ADAPTIVE,0.058247422680412365,1.6956336930279579,0.11649484536082473,0.1747422680412371,0.034948453608247415,,25.268247422680414,,3,Leadership < floor · Trend score < floor · Weekly trend broken,False
2026-05-27,PDR,Bất động sản,MACD turn dương,v2-causal-2026-09-20,2026-05-28,17.0,CLOSED,CLOSED,2026-06-01,15.93,VOL_ADAPTIVE_STOP,2026-06-01,15.93,-0.06294117647058828,-0.3088235294117647,17.0,2026-05-28,0.0,-0.06294117647058828,ATR_ADAPTIVE,0.03147058823529414,0.7886398201651814,0.06294117647058828,0.1,0.02,,15.93,,3,Leadership < floor · Trend score < floor · Weekly trend broken,False
2025-11-27,PET,Bán lẻ,SM ngắn hạn vượt 80,v2-causal-2026-09-20,2025-11-28,22.26,CLOSED,CLOSED,2025-12-15,19.98,VOL_ADAPTIVE_STOP_GAP,2025-12-15,19.98,-0.10242587601078168,0.8643306379155435,24.4,2025-12-03,0.09613656783468083,-0.18114754098360653,ATR_ADAPTIVE,0.03880429914912671,0.9263463927929875,0.07760859829825342,0.11641289744738013,0.023282579489476027,,20.53243260188088,,2,Leadership < floor · Trend score < floor,False
2026-01-14,PET,Bán lẻ,SM ngắn hạn vượt 80,v2-causal-2026-09-20,2026-01-15,25.18,CLOSED,CLOSED,2026-01-23,23.014,VOL_ADAPTIVE_STOP,2026-01-23,23.014,-0.08602065131056391,0.64813343923749,25.18,2026-01-15,0.0,-0.08602065131056391,ATR_ADAPTIVE,0.04301032565528196,0.9235470869282317,0.08602065131056393,0.1290309769658459,0.02580619539316918,,23.014,,0,,False
2026-02-03,PET,Bán lẻ,MACD turn dương,v2-causal-2026-09-20,2026-02-04,25.56,CLOSED,CLOSED,2026-02-06,22.76,VOL_ADAPTIVE_STOP_GAP,2026-02-06,22.76,-0.10954616588419397,0.6236306729264476,25.56,2026-02-04,0.0,-0.10954616588419397,ATR_ADAPTIVE,0.050714002380007936,1.0772182613191585,0.10142800476001587,0.1521420071400238,0.03042840142800476,,22.967500198333994,,3,Real Strength < floor · Trend score < floor · Weekly trend broken,False
2026-02-23,PET,Bán lẻ,SM ngắn hạn vượt 80,v2-causal-2026-09-20,2026-02-24,24.9,CLOSED,CLOSED,2026-03-09,24.73,TRAILING_PROFIT_STOP_GAP,2026-03-09,24.73,-0.006827309236947743,0.6666666666666667,28.7,2026-03-02,0.1526104417670684,-0.13832752613240418,ATR_ADAPTIVE,0.048207955888144936,1.0239872221966413,0.09641591177628987,0.1446238676644348,0.02892477353288696,0.13525978915662648,22.499243796770383,,0,,True
2026-06-16,PET,Bán lẻ,BB squeeze breakout,v2-causal-2026-09-20,2026-06-17,35.94,CLOSED,CLOSED,2026-07-22,33.26009809864976,VOL_ADAPTIVE_STOP,2026-07-22,33.26009809864976,-0.07456599614218795,0.15470228158041177,38.77,2026-06-17,0.07874234835837512,-0.14211766575574514,ATR_ADAPTIVE,0.037282998071093996,0.7461165178994765,0.07456599614218799,0.11184899421328198,0.022369798842656396,,33.26009809864976,,2,Leadership < floor · Close < MA20 & MA20 slope <= 0,False
2026-06-30,PET,Bán lẻ,SM ngắn hạn vượt 80,v2-causal-2026-09-20,2026-07-01,38.49,CLOSED,CLOSED,2026-07-06,35.033,VOL_ADAPTIVE_STOP,2026-07-06,35.033,-0.08981553650298779,0.07820213042348656,38.63,2026-07-01,0.003637308391789995,-0.09311415997929073,ATR_ADAPTIVE,0.0449077682514939,0.9188268051283507,0.0898155365029878,0.13472330475448172,0.02694466095089634,,35.033,,0,,False
2026-07-30,PET,Bán lẻ,MACD turn dương,v2-causal-2026-09-20,2026-07-31,38.25,OPEN,HOLD,,,,2026-09-22,41.5,0.08496732026143783,0.08496732026143783,41.5,2026-09-22,0.08496732026143783,0.0,ATR_ADAPTIVE,0.043065789473684196,0.8817498788057804,0.08613157894736839,0.1291973684210526,0.025839473684210516,,34.95546710526315,34.95546710526315,0,,False
2026-01-22,PHP,Hàng & Dịch vụ Công nghiệp,MA20/MA50 cross,v2-causal-2026-09-20,2026-01-23,36.65,CLOSED,CLOSED,2026-03-09,33.278999999999996,VOL_ADAPTIVE_STOP,2026-03-09,33.278999999999996,-0.09197817189631652,0.22783083219645306,39.97,2026-03-03,0.09058663028649394,-0.16740055041280966,ATR_ADAPTIVE,0.04598908594815829,1.6130293530485735,0.09197817189631657,0.13796725784447486,0.02759345156889497,,33.278999999999996,,0,,False
2026-03-03,PHP,Hàng & Dịch vụ Công nghiệp,SM ngắn hạn vượt 80,v2-causal-2026-09-20,2026-03-04,39.97,CLOSED,CLOSED,2026-03-04,37.275,VOL_ADAPTIVE_STOP,2026-03-04,37.275,-0.0674255691768827,0.1258443832874656,39.97,2026-03-04,0.0,-0.0674255691768827,ATR_ADAPTIVE,0.03371278458844132,1.1824481829332194,0.06742556917688264,0.10113835376532396,0.02022767075306479,,37.275,,0,,False
2026-08-17,PHP,Hàng & Dịch vụ Công nghiệp,SM ngắn hạn vượt 80,v2-causal-2026-09-20,2026-08-18,44.7,OPEN,HOLD,,,,2026-09-22,45.0,0.006711409395973034,0.006711409395973034,48.5,2026-08-21,0.08501118568232657,-0.07216494845360821,ATR_ADAPTIVE,0.03705357142857142,1.1543222999530312,0.07410714285714284,0.11116071428571427,0.022232142857142853,,41.38741071428572,41.38741071428572,1,Close < MA20 & MA20 slope <= 0,False
2026-01-07,PHR,Hóa chất,BB squeeze breakout,v2-causal-2026-09-20,2026-01-08,33.13,CLOSED,CLOSED,2026-01-21,33.7926,TRAILING_PROFIT_STOP,2026-01-21,33.7926,0.020000000000000018,-0.044672502263809366,36.98,2026-01-19,0.11620887413220626,-0.0861925365062195,ATR_ADAPTIVE,0.029957028852056495,1.1158031186164068,0.05991405770411299,0.1,0.02,0.10400390624999994,31.14504726826274,,0,,True
2026-02-04,PHR,Hóa chất,MACD turn dương,v2-causal-2026-09-20,2026-02-05,36.17,CLOSED,CLOSED,2026-02-06,32.718041781198465,VOL_ADAPTIVE_STOP,2026-02-06,32.718041781198465,-0.09543705332600316,-0.1249654409731823,36.17,2026-02-05,0.0,-0.09543705332600316,ATR_ADAPTIVE,0.04771852666300163,1.7773618715429533,0.09543705332600326,0.14315557998900488,0.028631115997800976,,32.718041781198465,,0,,False
2026-05-15,PHR,Hóa chất,BB squeeze breakout,v2-causal-2026-09-20,2026-05-18,38.56,CLOSED,CLOSED,2026-05-19,36.632,VOL_ADAPTIVE_STOP,2026-05-19,36.632,-0.050000000000000155,-0.17920124481327815,38.56,2026-05-18,0.0,-0.050000000000000155,ATR_ADAPTIVE,0.024431818181818176,0.8166123541828889,0.05,0.1,0.02,,36.632,,0,,False
2026-09-08,PHR,Hóa chất,MA20/MA50 cross,v2-causal-2026-09-20,2026-09-09,33.72,CLOSED,CLOSED,2026-09-14,32.034,VOL_ADAPTIVE_STOP,2026-09-14,32.034,-0.050000000000000044,-0.06138790035587194,33.72,2026-09-09,0.0,-0.050000000000000044,ATR_ADAPTIVE,0.023002673002672995,0.7751019150352109,0.05,0.1,0.02,,32.034,,2,Real Strength < floor · Weekly trend broken,False
2025-12-08,PLX,Dầu khí,BB squeeze breakout,v2-causal-2026-09-20,2025-12-09,34.56,CLOSED,CLOSED,2025-12-12,32.832,VOL_ADAPTIVE_STOP,2025-12-12,32.832,-0.050000000000000044,0.0561342592592593,34.56,2025-12-09,0.0,-0.050000000000000044,ATR_ADAPTIVE,0.016738505747126427,0.8656222032313461,0.05,0.1,0.02,,32.832,,2,Leadership < floor · Weekly trend broken,False
2025-12-23,PLX,Dầu khí,SM ngắn hạn vượt 80,v2-causal-2026-09-20,2025-12-24,34.32,CLOSED,CLOSED,2026-02-11,50.2,TRAILING_PROFIT_STOP_GAP,2026-02-11,50.2,0.46270396270396286,0.06351981351981362,58.79,2026-01-27,0.712995337995338,-0.14611328457220607,ATR_ADAPTIVE,0.021443118999127132,1.116016364038238,0.05,0.1,0.02,0.18,32.604,,0,,True
2026-03-03,PLX,Dầu khí,MACD turn dương,v2-causal-2026-09-20,2026-03-04,65.65,CLOSED,CLOSED,2026-03-09,58.618937470615904,VOL_ADAPTIVE_STOP,2026-03-09,58.618937470615904,-0.10709920075223311,-0.44402132520944404,67.1,2026-03-04,0.022086824067022004,-0.1263943745064693,ATR_ADAPTIVE,0.05354960037611658,2.5,0.10709920075223316,0.16064880112834973,0.03212976022566995,,58.618937470615904,,0,,False
2026-09-16,PLX,Dầu khí,MACD turn dương,v2-causal-2026-09-20,2026-09-17,38.0,OPEN,HOLD,,,,2026-09-22,36.5,-0.03947368421052633,-0.03947368421052633,38.0,2026-09-17,0.0,-0.03947368421052633,ATR_ADAPTIVE,0.03246073298429318,0.8498441049803419,0.06492146596858636,0.1,0.02,,35.53298429319372,35.53298429319372,4,Real Strength < floor · Leadership < floor · Trend score < floor · Weekly trend broken,False
2025-12-18,PNJ,Hàng cá nhân & Gia dụng,MA20/MA50 cross,v2-causal-2026-09-20,2025-12-19,60.58,CLOSED,CLOSED,2026-02-03,77.42875,TRAILING_PROFIT_STOP,2026-02-03,77.42875,0.27812396830637165,-0.40904588973258504,84.63,2026-01-30,0.39699570815450635,-0.08509098428453266,ATR_ADAPTIVE,0.019744435284418792,0.9708609718449471,0.05,0.1,0.02,0.09865413915693247,57.550999999999995,,0,,True
2025-11-26,POW,"Điện, nước & xăng dầu khí đốt",SM ngắn hạn vượt 80,v2-causal-2026-09-20,2025-11-27,12.7,CLOSED,CLOSED,2025-12-12,11.991303656597774,VOL_ADAPTIVE_STOP,2025-12-12,11.991303656597774,-0.055802861685214644,0.007874015748031704,12.7,2025-11-27,0.0,-0.055802861685214644,ATR_ADAPTIVE,0.027901430842607326,0.9594433052731172,0.05580286168521465,0.1,0.02,,11.991303656597774,,1,Leadership < floor,False
2025-12-22,POW,"Điện, nước & xăng dầu khí đốt",MACD turn dương,v2-causal-2026-09-20,2025-12-23,12.7,CLOSED,CLOSED,2026-01-29,13.38125,TRAILING_PROFIT_STOP,2026-01-29,13.38125,0.05364173228346458,0.007874015748031704,14.8,2026-01-22,0.16535433070866157,-0.09586148648648651,ATR_ADAPTIVE,0.02866141732283466,0.9849110268538241,0.05732283464566932,0.1,0.02,0.11413043478260872,11.972,,0,,True
2026-03-02,POW,"Điện, nước & xăng dầu khí đốt",SM ngắn hạn vượt 80,v2-causal-2026-09-20,2026-03-03,16.25,CLOSED,CLOSED,2026-03-05,15.154435483870968,VOL_ADAPTIVE_STOP,2026-03-05,15.154435483870968,-0.06741935483870964,-0.2123076923076923,16.55,2026-03-03,0.01846153846153853,-0.08432413994737364,ATR_ADAPTIVE,0.033709677419354836,1.111516870314354,0.06741935483870967,0.10112903225806451,0.020225806451612902,,15.154435483870968,,0,,False
2026-06-16,POW,"Điện, nước & xăng dầu khí đốt",BB squeeze breakout,v2-causal-2026-09-20,2026-06-17,14.25,CLOSED,CLOSED,2026-07-16,13.5375,VOL_ADAPTIVE_STOP,2026-07-16,13.5375,-0.050000000000000044,-0.10175438596491226,14.9,2026-07-02,0.04561403508771922,-0.09144295302013428,ATR_ADAPTIVE,0.024028268551236746,0.7281346020749853,0.05,0.1,0.02,,13.5375,,1,Leadership < floor,False
2026-01-05,PVC,Dầu khí,SM ngắn hạn vượt 80,v2-causal-2026-09-20,2026-01-06,11.6,CLOSED,CLOSED,2026-02-11,12.956000000000001,TRAILING_PROFIT_STOP,2026-02-11,12.956000000000001,0.11689655172413804,0.10344827586206895,15.8,2026-02-02,0.36206896551724155,-0.17999999999999994,ATR_ADAPTIVE,0.03793103448275863,0.8743847992826405,0.07586206896551725,0.11379310344827588,0.022758620689655177,0.18,10.719999999999999,,1,Real Strength < floor,True
2026-02-02,PVC,Dầu khí,MACD turn dương,v2-causal-2026-09-20,2026-02-03,16.1,CLOSED,CLOSED,2026-02-06,14.168000000000001,VOL_ADAPTIVE_STOP,2026-02-06,14.168000000000001,-0.12,-0.20496894409937894,16.1,2026-02-03,0.0,-0.12,ATR_ADAPTIVE,0.07278481012658226,1.5309908336970754,0.12,0.18,0.036,,14.168000000000001,,1,Real Strength < floor,False
2025-12-19,PVD,Dầu khí,MACD turn dương,v2-causal-2026-09-20,2025-12-22,16.59,CLOSED,CLOSED,2026-03-09,24.01125,TRAILING_PROFIT_STOP,2026-03-09,24.01125,0.44733273056057876,0.15430982519590097,26.96,2026-03-04,0.625075346594334,-0.109375,ATR_ADAPTIVE,0.038294010889292185,1.1018686498355634,0.07658802177858437,0.11488203266787655,0.02297640653357531,0.12051104972375688,15.319404718693285,,0,,True
2026-01-30,PVD,Dầu khí,SM ngắn hạn vượt 80,v2-causal-2026-09-20,2026-02-02,18.54,CLOSED,CLOSED,2026-03-09,24.01125,TRAILING_PROFIT_STOP,2026-03-09,24.01125,0.29510517799352765,0.03290183387270762,26.96,2026-03-04,0.4541531823085223,-0.109375,ATR_ADAPTIVE,0.04991922455573507,1.3244092043348692,0.09983844911147013,0.14975767366720522,0.02995153473344104,0.12051104972375688,16.688995153473343,,0,,True
2026-07-09,PVD,Dầu khí,SM ngắn hạn vượt 80,v2-causal-2026-09-20,2026-07-10,19.95,CLOSED,CLOSED,2026-07-13,18.717,VOL_ADAPTIVE_STOP,2026-07-13,18.717,-0.06180451127819553,-0.040100250626566414,19.95,2026-07-10,0.0,-0.06180451127819553,ATR_ADAPTIVE,0.030902255639097757,0.6674696946048416,0.061804511278195515,0.1,0.02,,18.717,,1,Weekly trend broken,False
2026-07-14,PVD,Dầu khí,SM ngắn hạn vượt 80,v2-causal-2026-09-20,2026-07-15,20.15,CLOSED,CLOSED,2026-07-16,18.769876884422107,VOL_ADAPTIVE_STOP,2026-07-16,18.769876884422107,-0.06849246231155792,-0.04962779156327546,20.15,2026-07-15,0.0,-0.06849246231155792,ATR_ADAPTIVE,0.034246231155778906,0.7402098015823739,0.06849246231155781,0.10273869346733672,0.020547738693467342,,18.769876884422107,,0,,False
2026-09-15,PVD,Dầu khí,MA20/MA50 cross,v2-causal-2026-09-20,2026-09-16,19.85,OPEN,HOLD,,,,2026-09-22,19.15,-0.035264483627204135,-0.035264483627204135,19.85,2026-09-16,0.0,-0.035264483627204135,ATR_ADAPTIVE,0.032188295165394405,0.7795814237089548,0.06437659033078881,0.1,0.02,,18.572124681933843,18.572124681933843,1,Real Strength < floor,False
2026-05-04,PVP,Hàng & Dịch vụ Công nghiệp,MA20/MA50 cross,v2-causal-2026-09-20,2026-05-05,17.08,CLOSED,CLOSED,2026-05-20,17.437599999999996,TRAILING_PROFIT_STOP,2026-05-20,17.437599999999996,0.02093676814988288,0.14168618266978927,18.98,2026-05-18,0.11124121779859508,-0.08126448893572202,ATR_ADAPTIVE,0.034894613583138154,1.299865462956826,0.06978922716627631,0.10468384074941446,0.020936768149882892,0.12705366922234385,15.887999999999998,,0,,True
2026-09-08,PVP,Hàng & Dịch vụ Công nghiệp,SM ngắn hạn vượt 80,v2-causal-2026-09-20,2026-09-09,18.31,OPEN,HOLD,,,,2026-09-22,19.5,0.06499180775532509,0.06499180775532509,19.5,2026-09-22,0.06499180775532509,0.0,ATR_ADAPTIVE,0.026816417082640043,0.7416491103385698,0.053632834165280086,0.1,0.02,,17.32798280643372,17.32798280643372,0,,False
2025-11-19,PVS,Dầu khí,MA20/MA50 cross,v2-causal-2026-09-20,2025-11-20,26.88,CLOSED,CLOSED,2025-12-15,24.57486053412463,VOL_ADAPTIVE_STOP,2025-12-15,24.57486053412463,-0.08575667655786345,0.23511904761904767,27.58,2025-12-04,0.02604166666666674,-0.10896082182289235,ATR_ADAPTIVE,0.04287833827893174,1.1036948474762223,0.08575667655786348,0.12863501483679524,0.025727002967359042,,24.57486053412463,,2,Leadership < floor · Close < MA20 & MA20 slope <= 0,False
2025-12-18,PVS,Dầu khí,MACD turn dương,v2-causal-2026-09-20,2025-12-19,27.33,CLOSED,CLOSED,2026-03-09,38.712500000000006,TRAILING_PROFIT_STOP,2026-03-09,38.712500000000006,0.4164837175265279,0.21478229052323483,45.5,2026-03-03,0.6648371752652764,-0.1491758241758241,ATR_ADAPTIVE,0.035876326381265984,0.984498149498759,0.07175265276253197,0.10762897914379796,0.02152579582875959,0.17614705882352938,25.369,,1,Real Strength < floor,True
2026-03-02,PVS,Dầu khí,MACD turn dương,v2-causal-2026-09-20,2026-03-03,45.0,CLOSED,CLOSED,2026-03-05,39.68332565637955,VOL_ADAPTIVE_STOP,2026-03-05,39.68332565637955,-0.11814831874712106,-0.26222222222222213,45.5,2026-03-03,0.011111111111111072,-0.12783899656308673,ATR_ADAPTIVE,0.059074159373560545,1.5157663185966423,0.11814831874712109,0.17722247812068165,0.035444495624136325,,39.68332565637955,,1,Real Strength < floor,False
2026-09-04,PVS,Dầu khí,MA20/MA50 cross,v2-causal-2026-09-20,2026-09-07,32.08,CLOSED,CLOSED,2026-09-08,29.923428217054262,VOL_ADAPTIVE_STOP,2026-09-08,29.923428217054262,-0.06722480620155036,0.034912718204488824,32.08,2026-09-07,0.0,-0.06722480620155036,ATR_ADAPTIVE,0.0336124031007752,0.7158627208306246,0.0672248062015504,0.10083720930232559,0.02016744186046512,,29.923428217054262,,1,Weekly trend broken,False
2025-11-25,PVT,Hàng & Dịch vụ Công nghiệp,MA20/MA50 cross,v2-causal-2026-09-20,2025-11-26,17.02,CLOSED,CLOSED,2025-12-12,16.044685273159146,VOL_ADAPTIVE_STOP,2025-12-12,16.044685273159146,-0.05730403800475048,0.41598119858989446,17.47,2025-12-02,0.026439482961222005,-0.08158641825076429,ATR_ADAPTIVE,0.028652019002375278,1.1409935278054326,0.057304038004750556,0.1,0.02,,16.044685273159146,,1,Leadership < floor,False
2026-01-07,PVT,Hàng & Dịch vụ Công nghiệp,SM ngắn hạn vượt 80,v2-causal-2026-09-20,2026-01-08,19.11,CLOSED,CLOSED,2026-01-12,18.115583601286172,VOL_ADAPTIVE_STOP,2026-01-12,18.115583601286172,-0.052036441586280846,0.2611198325484041,19.11,2026-01-08,0.0,-0.052036441586280846,ATR_ADAPTIVE,0.026018220793140416,0.9916687824492031,0.05203644158628083,0.1,0.02,,18.115583601286172,,1,Weekly trend broken,False
2026-02-26,PVT,Hàng & Dịch vụ Công nghiệp,SM ngắn hạn vượt 80,v2-causal-2026-09-20,2026-02-27,20.93,CLOSED,CLOSED,2026-03-10,24.57,TRAILING_PROFIT_STOP_GAP,2026-03-10,24.57,0.17391304347826098,0.15145723841376024,27.94,2026-03-06,0.3349259436215959,-0.12061560486757339,ATR_ADAPTIVE,0.04201660156249999,1.5071817651933272,0.08403320312499998,0.1260498046875,0.025209960937499994,0.12351133307721857,19.17118505859375,,0,,True
2026-08-24,PVT,Hàng & Dịch vụ Công nghiệp,MA20/MA50 cross,v2-causal-2026-09-20,2026-08-25,20.5,OPEN,RIDE TREND,,,,2026-09-22,24.1,0.17560975609756113,0.17560975609756113,24.1,2026-09-22,0.17560975609756113,0.0,ATR_ADAPTIVE,0.03426150121065374,0.8096178659703384,0.06852300242130747,0.1027845036319612,0.02055690072639224,0.08298755186721997,19.095278450363196,22.1,0,,True
2026-09-08,PVT,Hàng & Dịch vụ Công nghiệp,SM ngắn hạn vượt 80,v2-causal-2026-09-20,2026-09-09,21.7,OPEN,RIDE TREND,,,,2026-09-22,24.1,0.11059907834101401,0.11059907834101401,24.1,2026-09-22,0.11059907834101401,0.0,ATR_ADAPTIVE,0.032863849765258225,0.7994817285313244,0.06572769953051645,0.1,0.02,0.08298755186721997,20.27370892018779,22.134,0,,True
2026-05-13,QNS,Thực phẩm và đồ uống,MA20/MA50 cross,v2-causal-2026-09-20,2026-05-14,47.95,CLOSED,CLOSED,2026-05-18,45.5525,VOL_ADAPTIVE_STOP,2026-05-18,45.5525,-0.050000000000000044,0.03232533889468181,47.95,2026-05-14,0.0,-0.050000000000000044,ATR_ADAPTIVE,0.014848800834202288,1.0508798904684726,0.05,0.1,0.02,,45.5525,,1,Real Strength < floor,False
2026-09-11,QNS,Thực phẩm và đồ uống,MA20/MA50 cross,v2-causal-2026-09-20,2026-09-14,49.5,OPEN,HOLD,,,,2026-09-22,49.5,0.0,0.0,50.2,2026-09-16,0.014141414141414232,-0.01394422310756982,ATR_ADAPTIVE,0.014010101010101014,1.1904105632349928,0.05,0.1,0.02,,47.025,47.025,0,,False
2025-11-21,REE,"Điện, nước & xăng dầu khí đốt",MA20/MA50 cross,v2-causal-2026-09-20,2025-11-24,57.3,CLOSED,CLOSED,2025-12-02,54.434999999999995,VOL_ADAPTIVE_STOP,2025-12-02,54.434999999999995,-0.050000000000000044,-0.17888307155322858,57.3,2025-11-24,0.0,-0.050000000000000044,ATR_ADAPTIVE,0.017268760907504368,0.8246481022845203,0.05,0.1,0.02,,54.434999999999995,,2,Leadership < floor · Weekly trend broken,False
2026-03-03,REE,"Điện, nước & xăng dầu khí đốt",BB squeeze breakout,v2-causal-2026-09-20,2026-03-04,56.05,CLOSED,CLOSED,2026-03-06,53.247499999999995,VOL_ADAPTIVE_STOP,2026-03-06,53.247499999999995,-0.050000000000000044,-0.16057091882247998,56.05,2026-03-04,0.0,-0.050000000000000044,ATR_ADAPTIVE,0.017332738626226585,0.9178432445835292,0.05,0.1,0.02,,53.247499999999995,,2,Real Strength < floor · Weekly trend broken,False
2026-03-13,REE,"Điện, nước & xăng dầu khí đốt",MACD turn dương,v2-causal-2026-09-20,2026-03-16,56.31,CLOSED,CLOSED,2026-04-02,57.43620000000001,TRAILING_PROFIT_STOP,2026-04-02,57.43620000000001,0.020000000000000018,-0.16444681228911395,62.31,2026-03-26,0.10655301012253604,-0.07821858449687047,ATR_ADAPTIVE,0.02838203463203464,1.5029511098223967,0.05676406926406928,0.1,0.02,0.11110636844801092,53.11361525974026,,0,,True
2025-12-01,SAB,Thực phẩm và đồ uống,BB squeeze breakout,v2-causal-2026-09-20,2025-12-02,43.97,CLOSED,CLOSED,2026-01-23,46.220800000000004,TRAILING_PROFIT_STOP,2026-01-23,46.220800000000004,0.05118944735046638,0.015465089833977652,50.24,2026-01-14,0.14259722538094155,-0.07999999999999996,ATR_ADAPTIVE,0.014532635888105544,1.1286365148606554,0.05,0.1,0.02,0.08739966201943387,41.771499999999996,,1,Leadership < floor,True
2026-05-15,SAB,Thực phẩm và đồ uống,SM ngắn hạn vượt 80,v2-causal-2026-09-20,2026-05-18,45.42,CLOSED,CLOSED,2026-07-13,43.013000000000005,VOL_ADAPTIVE_STOP,2026-07-13,43.013000000000005,-0.05299427564949355,-0.01695288419198593,45.94,2026-06-16,0.011448701012769513,-0.0637135393992162,ATR_ADAPTIVE,0.026497137824746796,0.9742673536346281,0.05299427564949359,0.1,0.02,,43.013000000000005,,2,Leadership < floor · Close < MA20 & MA20 slope <= 0,False
2026-06-12,SAB,Thực phẩm và đồ uống,MACD turn dương,v2-causal-2026-09-20,2026-06-15,45.38,CLOSED,CLOSED,2026-07-13,43.111,VOL_ADAPTIVE_STOP,2026-07-13,43.111,-0.050000000000000155,-0.016086381665932237,45.94,2026-06-16,0.012340237990303926,-0.061580322159338285,ATR_ADAPTIVE,0.01903452826039149,0.6933122234792539,0.05,0.1,0.02,,43.111,,2,Leadership < floor · Close < MA20 & MA20 slope <= 0,False
2026-08-20,SAB,Thực phẩm và đồ uống,SM ngắn hạn vượt 80,v2-causal-2026-09-20,2026-08-21,47.0,CLOSED,CLOSED,2026-09-08,44.65,VOL_ADAPTIVE_STOP,2026-09-08,44.65,-0.050000000000000044,-0.050000000000000044,47.0,2026-08-21,0.0,-0.050000000000000044,ATR_ADAPTIVE,0.020405982905982896,0.9425674561081995,0.05,0.1,0.02,,44.65,,1,Leadership < floor,False
2026-08-17,SBT,Thực phẩm và đồ uống,MA20/MA50 cross,v2-causal-2026-09-20,2026-08-18,23.35,OPEN,HOLD,,,,2026-09-22,22.6,-0.032119914346895095,-0.032119914346895095,24.15,2026-08-24,0.03426124197002123,-0.06418219461697716,ATR_ADAPTIVE,0.018308351177730192,1.1058489039123989,0.05,0.1,0.02,,22.1825,22.1825,3,Real Strength < floor · Leadership < floor · Close < MA20 & MA20 slope <= 0,False
2026-06-01,SHS,Dịch vụ tài chính,SM ngắn hạn vượt 80,v2-causal-2026-09-20,2026-06-02,18.1,CLOSED,CLOSED,2026-07-15,16.7971978021978,VOL_ADAPTIVE_STOP,2026-07-15,16.7971978021978,-0.07197802197802217,-0.21546961325966862,19.4,2026-07-08,0.07182320441988943,-0.1341650617423814,ATR_ADAPTIVE,0.03598901098901101,0.6972338555071625,0.07197802197802201,0.10796703296703303,0.021593406593406604,,16.7971978021978,,5,Real Strength < floor · Leadership < floor · Trend score < floor · Close < MA20 & MA20 slope <= 0 · Weekly trend broken,False
2026-06-03,SHS,Dịch vụ tài chính,SM ngắn hạn vượt 80,v2-causal-2026-09-20,2026-06-04,18.4,CLOSED,CLOSED,2026-07-15,17.009999999999998,VOL_ADAPTIVE_STOP,2026-07-15,17.009999999999998,-0.0755434782608696,-0.2282608695652174,19.4,2026-07-08,0.05434782608695654,-0.1231958762886598,ATR_ADAPTIVE,0.03777173913043479,0.7317715763616076,0.07554347826086957,0.11331521739130436,0.022663043478260873,,17.009999999999998,,5,Real Strength < floor · Leadership < floor · Trend score < floor · Close < MA20 & MA20 slope <= 0 · Weekly trend broken,False
2026-06-12,SHS,Dịch vụ tài chính,SM ngắn hạn vượt 80,v2-causal-2026-09-20,2026-06-15,18.4,CLOSED,CLOSED,2026-07-15,16.954285714285714,VOL_ADAPTIVE_STOP,2026-07-15,16.954285714285714,-0.07857142857142851,-0.2282608695652174,19.4,2026-07-08,0.05434782608695654,-0.12606774668630338,ATR_ADAPTIVE,0.03928571428571429,0.7611026056299558,0.07857142857142858,0.11785714285714288,0.023571428571428573,,16.954285714285714,,5,Real Strength < floor · Leadership < floor · Trend score < floor · Close < MA20 & MA20 slope <= 0 · Weekly trend broken,False
2026-07-03,SHS,Dịch vụ tài chính,SM ngắn hạn vượt 80,v2-causal-2026-09-20,2026-07-06,19.4,CLOSED,CLOSED,2026-07-13,18.133471502590673,VOL_ADAPTIVE_STOP,2026-07-13,18.133471502590673,-0.06528497409326417,-0.268041237113402,19.4,2026-07-06,0.0,-0.06528497409326417,ATR_ADAPTIVE,0.03264248704663212,0.688499505980047,0.06528497409326424,0.1,0.02,,18.133471502590673,,2,Real Strength < floor · Weekly trend broken,False
2026-07-08,SHS,Dịch vụ tài chính,SM ngắn hạn vượt 80,v2-causal-2026-09-20,2026-07-09,19.4,CLOSED,CLOSED,2026-07-13,17.99,VOL_ADAPTIVE_STOP,2026-07-13,17.99,-0.07268041237113398,-0.268041237113402,19.4,2026-07-09,0.0,-0.07268041237113398,ATR_ADAPTIVE,0.03634020618556702,0.800899847663585,0.07268041237113404,0.10902061855670106,0.02180412371134021,,17.99,,2,Real Strength < floor · Weekly trend broken,False
2026-04-17,SIP,Bất động sản,MA20/MA50 cross,v2-causal-2026-09-20,2026-04-20,57.7,CLOSED,CLOSED,2026-04-23,54.64200000000001,VOL_ADAPTIVE_STOP,2026-04-23,54.64200000000001,-0.05299826689774689,-0.12998266897746968,57.7,2026-04-20,0.0,-0.05299826689774689,ATR_ADAPTIVE,0.026499133448873474,0.8652435369819305,0.05299826689774695,0.1,0.02,,54.64200000000001,,0,,False
2026-06-02,SSB,Ngân hàng,MA20/MA50 cross,v2-causal-2026-09-20,2026-06-03,14.4,CLOSED,CLOSED,2026-07-22,15.180000000000001,TRAILING_PROFIT_STOP,2026-07-22,15.180000000000001,0.054166666666666696,0.45138888888888884,16.5,2026-07-01,0.14583333333333326,-0.07999999999999996,ATR_ADAPTIVE,0.01684027777777777,0.9459889716057328,0.05,0.1,0.02,0.08,13.68,,0,,True
2026-03-04,SSI,Dịch vụ tài chính,BB squeeze breakout,v2-causal-2026-09-20,2026-03-05,27.44,CLOSED,CLOSED,2026-03-06,25.856296735905048,VOL_ADAPTIVE_STOP,2026-03-06,25.856296735905048,-0.0577151335311572,-0.23651603498542284,27.44,2026-03-05,0.0,-0.0577151335311572,ATR_ADAPTIVE,0.028857566765578626,0.8406979827506822,0.05771513353115725,0.1,0.02,,25.856296735905048,,0,,False
2025-12-31,STB,Ngân hàng,MA20/MA50 cross,v2-causal-2026-09-20,2026-01-05,58.2,CLOSED,CLOSED,2026-01-07,54.28655172413794,VOL_ADAPTIVE_STOP,2026-01-07,54.28655172413794,-0.0672413793103448,0.3178694158075601,58.2,2026-01-05,0.0,-0.0672413793103448,ATR_ADAPTIVE,0.03362068965517241,1.0486742188472553,0.06724137931034482,0.10086206896551723,0.020172413793103448,,54.28655172413794,,0,,False
2026-04-23,STB,Ngân hàng,MA20/MA50 cross,v2-causal-2026-09-20,2026-04-24,65.4,CLOSED,CLOSED,2026-05-20,70.5,TRAILING_PROFIT_STOP,2026-05-20,70.5,0.07798165137614665,0.1727828746177369,76.8,2026-05-12,0.17431192660550443,-0.08203125,ATR_ADAPTIVE,0.03570336391437309,0.9313400179166931,0.07140672782874619,0.10711009174311928,0.021422018348623856,0.08661825726141079,60.730000000000004,,0,,True
2026-06-25,STB,Ngân hàng,SM ngắn hạn vượt 80,v2-causal-2026-09-20,2026-06-26,72.0,OPEN,HOLD,,,,2026-09-22,76.7,0.06527777777777777,0.06527777777777777,78.2,2026-09-18,0.08611111111111125,-0.019181585677749413,ATR_ADAPTIVE,0.031094182825484727,0.8540419337359124,0.062188365650969454,0.1,0.02,,67.5224376731302,67.5224376731302,0,,False
2026-07-20,STB,Ngân hàng,MACD turn dương,v2-causal-2026-09-20,2026-07-21,73.0,OPEN,HOLD,,,,2026-09-22,76.7,0.050684931506849384,0.050684931506849384,78.2,2026-09-18,0.0712328767123287,-0.019181585677749413,ATR_ADAPTIVE,0.02965753424657532,0.8475887279955558,0.05931506849315064,0.1,0.02,,68.67,68.67,0,,False
2026-07-23,STB,Ngân hàng,Pullback resume + HTF confirm,v3-real-strength-2026-09-20,2026-07-24,73.0,OPEN,HOLD,,,,2026-09-22,76.7,0.050684931506849384,0.050684931506849384,78.2,2026-09-18,0.0712328767123287,-0.019181585677749413,ATR_ADAPTIVE,0.029097222222222226,0.8359954992949538,0.05819444444444445,0.1,0.02,,68.75180555555555,68.75180555555555,0,,False
2026-07-23,STB,Ngân hàng,Pullback resume + HTF confirm,v4-residual-strength-2026-09-21,2026-07-24,73.0,OPEN,HOLD,,,,2026-09-22,76.7,0.050684931506849384,0.050684931506849384,78.2,2026-09-18,0.0712328767123287,-0.019181585677749413,ATR_ADAPTIVE,0.029097222222222226,0.8359954992949538,0.05819444444444445,0.1,0.02,,68.75180555555555,68.75180555555555,0,,False
2026-07-23,STB,Ngân hàng,Pullback resume + HTF confirm,v4-vol-adaptive-2026-09-21,2026-07-24,73.0,OPEN,HOLD,,,,2026-09-22,76.7,0.050684931506849384,0.050684931506849384,78.2,2026-09-18,0.0712328767123287,-0.019181585677749413,ATR_ADAPTIVE,0.029097222222222226,0.8359954992949538,0.05819444444444445,0.1,0.02,,68.75180555555555,68.75180555555555,0,,False
2026-09-04,STB,Ngân hàng,BB squeeze breakout,v2-causal-2026-09-20,2026-09-07,77.5,OPEN,HOLD,,,,2026-09-22,76.7,-0.010322580645161228,-0.010322580645161228,78.2,2026-09-18,0.00903225806451613,-0.019181585677749413,ATR_ADAPTIVE,0.024256144890038838,0.7756829887832405,0.05,0.1,0.02,,73.625,73.625,0,,False
2026-01-12,TCB,Ngân hàng,MA20/MA50 cross,v2-causal-2026-09-20,2026-01-13,37.32,CLOSED,CLOSED,2026-01-15,35.12211069317571,VOL_ADAPTIVE_STOP,2026-01-15,35.12211069317571,-0.0588930682428801,-0.13451232583065387,37.32,2026-01-13,0.0,-0.0588930682428801,ATR_ADAPTIVE,0.029446534121440066,1.045701497348527,0.05889306824288013,0.1,0.02,,35.12211069317571,,1,Leadership < floor,False
2026-05-05,TCB,Ngân hàng,MA20/MA50 cross,v2-causal-2026-09-20,2026-05-06,32.76,CLOSED,CLOSED,2026-05-20,31.069258509659612,VOL_ADAPTIVE_STOP,2026-05-20,31.069258509659612,-0.051609935602575874,-0.014041514041514103,33.35,2026-05-15,0.018009768009768168,-0.0683880506848692,ATR_ADAPTIVE,0.025804967801287958,0.9300967042982977,0.051609935602575915,0.1,0.02,,31.069258509659612,,2,Real Strength < floor · Weekly trend broken,False
2026-07-08,TCB,Ngân hàng,MA20/MA50 cross,v2-causal-2026-09-20,2026-07-09,33.55,CLOSED,CLOSED,2026-07-13,31.872499999999995,VOL_ADAPTIVE_STOP,2026-07-13,31.872499999999995,-0.050000000000000044,-0.037257824143069995,33.55,2026-07-09,0.0,-0.050000000000000044,ATR_ADAPTIVE,0.019777777777777783,0.8037075754835551,0.05,0.1,0.02,,31.872499999999995,,1,Weekly trend broken,False
2026-09-04,TCB,Ngân hàng,MA20/MA50 cross,v2-causal-2026-09-20,2026-09-07,32.6,OPEN,HOLD,,,,2026-09-22,32.3,-0.00920245398773023,-0.00920245398773023,32.65,2026-09-17,0.0015337423312882237,-0.01071975497702915,ATR_ADAPTIVE,0.02921779141104294,1.1628816396075439,0.05843558282208588,0.1,0.02,,30.695000000000004,30.695000000000004,2,Real Strength < floor · Weekly trend broken,False
2026-04-14,TCH,Bất động sản,SM ngắn hạn vượt 80,v2-causal-2026-09-20,2026-04-15,15.84,CLOSED,CLOSED,2026-05-20,14.271085714285714,VOL_ADAPTIVE_STOP,2026-05-20,14.271085714285714,-0.09904761904761905,-0.26136363636363635,16.52,2026-04-29,0.04292929292929282,-0.13613282601176058,ATR_ADAPTIVE,0.049523809523809526,1.09678880052028,0.09904761904761905,0.14857142857142858,0.029714285714285714,,14.271085714285714,,4,Leadership < floor · Trend score < floor · Close < MA20 & MA20 slope <= 0 · Weekly trend broken,False
2026-04-28,TCH,Bất động sản,MACD turn dương,v2-causal-2026-09-20,2026-04-29,16.07,CLOSED,CLOSED,2026-05-20,14.614826993865032,VOL_ADAPTIVE_STOP,2026-05-20,14.614826993865032,-0.09055214723926375,-0.2719352831362788,16.52,2026-04-29,0.028002489110143136,-0.11532524250211673,ATR_ADAPTIVE,0.045276073619631894,1.0027154807965606,0.09055214723926379,0.13582822085889568,0.027165644171779135,,14.614826993865032,,4,Leadership < floor · Trend score < floor · Close < MA20 & MA20 slope <= 0 · Weekly trend broken,False
2026-07-02,TCX,Dịch vụ tài chính,MA20/MA50 cross,v2-causal-2026-09-20,2026-07-03,37.51,CLOSED,CLOSED,2026-07-13,34.93,VOL_ADAPTIVE_STOP_GAP,2026-07-13,34.93,-0.06878165822447346,-0.17355371900826444,37.51,2026-07-03,0.0,-0.06878165822447346,ATR_ADAPTIVE,0.033191149026926145,1.0490761232258548,0.06638229805385229,0.1,0.02,,35.019999999999996,,0,,False
2025-11-20,TNG,Hàng cá nhân & Gia dụng,MA20/MA50 cross,v2-causal-2026-09-20,2025-11-21,17.9,CLOSED,CLOSED,2025-12-09,16.689999999999998,VOL_ADAPTIVE_STOP,2025-12-09,16.689999999999998,-0.06759776536312856,-0.07262569832402221,17.9,2025-11-21,0.0,-0.06759776536312856,ATR_ADAPTIVE,0.033798882681564245,0.9839299320455979,0.06759776536312849,0.10139664804469273,0.020279329608938548,,16.689999999999998,,2,Leadership < floor · Weekly trend broken,False
2026-01-29,TNG,Hàng cá nhân & Gia dụng,SM ngắn hạn vượt 80,v2-causal-2026-09-20,2026-01-30,19.46,CLOSED,CLOSED,2026-03-09,20.9725,TRAILING_PROFIT_STOP,2026-03-09,20.9725,0.07772353545734845,-0.1469681397738951,24.72,2026-03-04,0.27029804727646445,-0.15159789644012944,ATR_ADAPTIVE,0.038668043366029935,1.2014970184706504,0.07733608673205987,0.1160041300980898,0.02320082601961796,0.1711666666666667,17.955039752194118,,0,,True
2026-06-30,TPB,Ngân hàng,SM ngắn hạn vượt 80,v2-causal-2026-09-20,2026-07-01,16.6,CLOSED,CLOSED,2026-07-13,15.770000000000001,VOL_ADAPTIVE_STOP,2026-07-13,15.770000000000001,-0.050000000000000044,-0.14156626506024106,16.75,2026-07-01,0.009036144578313143,-0.058507462686567036,ATR_ADAPTIVE,0.01957831325301204,0.7948359415404066,0.05,0.1,0.02,,15.770000000000001,,3,Real Strength < floor · Leadership < floor · Weekly trend broken,False
2026-02-04,TVN,Tài nguyên Cơ bản,SM ngắn hạn vượt 80,v2-causal-2026-09-20,2026-02-05,9.8,CLOSED,CLOSED,2026-02-09,8.624,VOL_ADAPTIVE_STOP,2026-02-09,8.624,-0.12,-0.07142857142857151,9.8,2026-02-05,0.0,-0.12,ATR_ADAPTIVE,0.06377551020408162,1.7412625427529496,0.12,0.18,0.036,,8.624,,1,Real Strength < floor,False
2026-03-03,TVN,Tài nguyên Cơ bản,MACD turn dương,v2-causal-2026-09-20,2026-03-04,9.6,CLOSED,CLOSED,2026-03-09,8.54,VOL_ADAPTIVE_STOP,2026-03-09,8.54,-0.11041666666666672,-0.05208333333333337,9.9,2026-03-04,0.03125,-0.13737373737373748,ATR_ADAPTIVE,0.05520833333333335,1.5073529411764708,0.1104166666666667,0.16562500000000005,0.03312500000000001,,8.54,,0,,False
2026-06-19,VAB,Ngân hàng,MACD turn dương,v2-causal-2026-09-20,2026-06-22,9.86,CLOSED,CLOSED,2026-07-20,9.329849287169042,VOL_ADAPTIVE_STOP,2026-07-20,9.329849287169042,-0.05376782077393083,-0.0730223123732251,10.5,2026-07-01,0.06490872210953347,-0.11144292503151987,ATR_ADAPTIVE,0.026883910386965366,1.3039853762107112,0.05376782077393073,0.1,0.02,,9.329849287169042,,4,Real Strength < floor · Leadership < floor · Trend score < floor · Close < MA20 & MA20 slope <= 0,False
2025-10-30,VC3,Bất động sản,MA20/MA50 cross,v2-causal-2026-09-20,2025-10-31,27.01,CLOSED,CLOSED,2025-11-03,25.6595,VOL_ADAPTIVE_STOP,2025-11-03,25.6595,-0.050000000000000044,-0.11514253980007416,27.01,2025-10-31,0.0,-0.050000000000000044,ATR_ADAPTIVE,0.022676786375416518,1.1353728541534798,0.05,0.1,0.02,,25.6595,,0,,False
2026-05-18,VCB,Ngân hàng,BB squeeze breakout,v2-causal-2026-09-20,2026-05-19,62.94,CLOSED,CLOSED,2026-07-13,59.79299999999999,VOL_ADAPTIVE_STOP,2026-07-13,59.79299999999999,-0.050000000000000044,-0.06418811566571336,64.42,2026-05-21,0.023514458214172196,-0.07182552002483711,ATR_ADAPTIVE,0.022330251832961424,1.0577034888647738,0.05,0.1,0.02,,59.79299999999999,,3,Real Strength < floor · Leadership < floor · Close < MA20 & MA20 slope <= 0,False
2026-07-01,VCB,Ngân hàng,BB squeeze breakout,v2-causal-2026-09-20,2026-07-02,62.54,CLOSED,CLOSED,2026-07-13,59.413,VOL_ADAPTIVE_STOP,2026-07-13,59.413,-0.050000000000000044,-0.05820275023984656,62.54,2026-07-02,0.0,-0.050000000000000044,ATR_ADAPTIVE,0.012136232811000965,0.5,0.05,0.1,0.02,,59.413,,3,Real Strength < floor · Leadership < floor · Close < MA20 & MA20 slope <= 0,False
2026-08-26,VCB,Ngân hàng,MA20/MA50 cross,v2-causal-2026-09-20,2026-08-27,60.5,OPEN,HOLD,,,,2026-09-22,58.9,-0.026446280991735516,-0.026446280991735516,60.5,2026-08-27,0.0,-0.026446280991735516,ATR_ADAPTIVE,0.02288557213930346,1.0031930945996586,0.05,0.1,0.02,,57.474999999999994,57.474999999999994,3,Real Strength < floor · Leadership < floor · Weekly trend broken,False
2026-09-15,VCB,Ngân hàng,SM ngắn hạn vượt 80,v2-causal-2026-09-20,2026-09-16,60.1,OPEN,HOLD,,,,2026-09-22,58.9,-0.019966722129783787,-0.019966722129783787,60.1,2026-09-16,0.0,-0.019966722129783787,ATR_ADAPTIVE,0.017416666666666646,0.8285341853129633,0.05,0.1,0.02,,57.095,57.095,3,Real Strength < floor · Leadership < floor · Weekly trend broken,False
2026-02-27,VCI,Dịch vụ tài chính,SM ngắn hạn vượt 80,v2-causal-2026-09-20,2026-03-02,27.92,CLOSED,CLOSED,2026-03-09,26.01,VOL_ADAPTIVE_STOP_GAP,2026-03-09,26.01,-0.06840974212034379,-0.2693409742120345,30.05,2026-03-04,0.07628939828080217,-0.13444259567387684,ATR_ADAPTIVE,0.026377118644067794,0.7803356695471678,0.05275423728813559,0.1,0.02,,26.447101694915258,,1,Weekly trend broken,False
2025-10-29,VEA,Hàng & Dịch vụ Công nghiệp,MACD turn dương,v2-causal-2026-09-20,2025-10-30,35.67,CLOSED,CLOSED,2025-12-15,33.8865,VOL_ADAPTIVE_STOP,2025-12-15,33.8865,-0.050000000000000044,0.0344827586206895,37.09,2025-11-05,0.03980936361087761,-0.08637098948503652,ATR_ADAPTIVE,0.012450815064643078,1.047786340651881,0.05,0.1,0.02,,33.8865,,4,Leadership < floor · Trend score < floor · Close < MA20 & MA20 slope <= 0 · Weekly trend broken,False
2026-01-20,VEA,Hàng & Dịch vụ Công nghiệp,MA20/MA50 cross,v2-causal-2026-09-20,2026-01-21,38.1,CLOSED,CLOSED,2026-03-02,34.95650130548303,VOL_ADAPTIVE_STOP,2026-03-02,34.95650130548303,-0.08250652741514364,-0.03149606299212604,38.1,2026-01-21,0.0,-0.08250652741514364,ATR_ADAPTIVE,0.04125326370757183,2.5,0.08250652741514367,0.1237597911227155,0.0247519582245431,,34.95650130548303,,4,Real Strength < floor · Leadership < floor · Trend score < floor · Close < MA20 & MA20 slope <= 0,False
2026-05-26,VEA,Hàng & Dịch vụ Công nghiệp,SM ngắn hạn vượt 80,v2-causal-2026-09-20,2026-05-27,35.6,CLOSED,CLOSED,2026-07-22,33.82,VOL_ADAPTIVE_STOP,2026-07-22,33.82,-0.050000000000000044,0.03651685393258419,35.6,2026-05-27,0.0,-0.050000000000000044,ATR_ADAPTIVE,0.01751412429378532,0.8323439565726622,0.05,0.1,0.02,,33.82,,2,Close < MA20 & MA20 slope <= 0 · Weekly trend broken,False
2025-11-06,VGI,Viễn thông,MA20/MA50 cross,v2-causal-2026-09-20,2025-11-07,74.0,CLOSED,CLOSED,2025-12-25,65.12,VOL_ADAPTIVE_STOP,2025-12-25,65.12,-0.11999999999999988,0.08243243243243237,79.0,2025-11-13,0.06756756756756754,-0.17569620253164553,ATR_ADAPTIVE,0.06109459459459462,1.9852631507393403,0.12,0.18,0.036,,65.12,,4,Leadership < floor · Trend score < floor · Close < MA20 & MA20 slope <= 0 · Weekly trend broken,False
2026-06-04,VGI,Viễn thông,SM ngắn hạn vượt 80,v2-causal-2026-09-20,2026-06-05,92.84,CLOSED,CLOSED,2026-06-11,74.67,VOL_ADAPTIVE_STOP_GAP,2026-06-11,74.67,-0.1957130547177941,-0.13722533390779845,92.84,2026-06-05,0.0,-0.1957130547177941,ATR_ADAPTIVE,0.048959462388900914,0.9267446590175754,0.09791892477780183,0.14687838716670273,0.029375677433340547,,83.74920702362888,,3,Real Strength < floor · Leadership < floor · Trend score < floor,False
2026-01-13,VGT,Hàng cá nhân & Gia dụng,MA20/MA50 cross,v2-causal-2026-09-20,2026-01-14,13.07,CLOSED,CLOSED,2026-01-26,12.233600616808019,VOL_ADAPTIVE_STOP,2026-01-26,12.233600616808019,-0.06399383191981489,-0.15837796480489674,13.64,2026-01-15,0.04361132364192799,-0.1031084591782978,ATR_ADAPTIVE,0.03199691595990748,1.0057718749558497,0.06399383191981496,0.1,0.02,,12.233600616808019,,1,Trend score < floor,False
2026-02-27,VGT,Hàng cá nhân & Gia dụng,SM ngắn hạn vượt 80,v2-causal-2026-09-20,2026-03-02,13.94,CLOSED,CLOSED,2026-03-09,12.562653548840478,VOL_ADAPTIVE_STOP,2026-03-09,12.562653548840478,-0.09880534082923398,-0.21090387374461972,15.6,2026-03-03,0.1190817790530847,-0.19470169558714878,ATR_ADAPTIVE,0.04940267041461701,1.5547476799101356,0.09880534082923402,0.14820801124385102,0.029641602248770205,,12.562653548840478,,0,,False
2025-11-17,VHC,Thực phẩm và đồ uống,MA20/MA50 cross,v2-causal-2026-09-20,2025-11-18,59.0,CLOSED,CLOSED,2025-12-09,55.25093696763202,VOL_ADAPTIVE_STOP,2025-12-09,55.25093696763202,-0.06354344122657585,-0.16186440677966096,60.7,2025-11-18,0.028813559322034,-0.08977039592039504,ATR_ADAPTIVE,0.031771720613287896,1.0277891906532997,0.06354344122657579,0.1,0.02,,55.25093696763202,,4,Leadership < floor · Trend score < floor · Close < MA20 & MA20 slope <= 0 · Weekly trend broken,False
2026-01-20,VHC,Thực phẩm và đồ uống,BB squeeze breakout,v2-causal-2026-09-20,2026-01-21,62.4,CLOSED,CLOSED,2026-01-23,59.279999999999994,VOL_ADAPTIVE_STOP,2026-01-23,59.279999999999994,-0.050000000000000044,-0.2075320512820512,62.4,2026-01-21,0.0,-0.050000000000000044,ATR_ADAPTIVE,0.024444444444444442,0.8400680057172945,0.05,0.1,0.02,,59.279999999999994,,0,,False
2026-01-29,VHC,Thực phẩm và đồ uống,SM ngắn hạn vượt 80,v2-causal-2026-09-20,2026-01-30,64.7,CLOSED,CLOSED,2026-02-06,60.579107692307694,VOL_ADAPTIVE_STOP,2026-02-06,60.579107692307694,-0.06369230769230771,-0.23570324574961354,69.2,2026-02-02,0.06955177743431218,-0.12457936860827035,ATR_ADAPTIVE,0.03184615384615385,1.0792205472216312,0.0636923076923077,0.1,0.02,,60.579107692307694,,0,,False
2026-04-23,VHC,Thực phẩm và đồ uống,MA20/MA50 cross,v2-causal-2026-09-20,2026-04-24,62.0,CLOSED,CLOSED,2026-05-19,58.9,VOL_ADAPTIVE_STOP,2026-05-19,58.9,-0.050000000000000044,-0.20241935483870965,62.4,2026-04-24,0.006451612903225712,-0.05608974358974361,ATR_ADAPTIVE,0.019032258064516118,0.6157132444886718,0.05,0.1,0.02,,58.9,,5,Real Strength < floor · Leadership < floor · Trend score < floor · Close < MA20 & MA20 slope <= 0 · Weekly trend broken,False
2026-05-05,VHM,Bất động sản,SM ngắn hạn vượt 80,v2-causal-2026-09-20,2026-05-06,73.67,CLOSED,CLOSED,2026-06-15,65.678626510989,VOL_ADAPTIVE_STOP,2026-06-15,65.678626510989,-0.10847527472527485,-0.05796117822722946,78.96,2026-05-08,0.07180670557893287,-0.16820381824988584,ATR_ADAPTIVE,0.05423763736263737,1.0580217794866595,0.10847527472527474,0.1627129120879121,0.03254258241758242,,65.678626510989,,3,Leadership < floor · Trend score < floor · Close < MA20 & MA20 slope <= 0,False
2026-07-01,VIB,Ngân hàng,MA20/MA50 cross,v2-causal-2026-09-20,2026-07-02,15.21,CLOSED,CLOSED,2026-07-13,14.4495,VOL_ADAPTIVE_STOP,2026-07-13,14.4495,-0.050000000000000044,-0.1190006574621959,15.21,2026-07-02,0.0,-0.050000000000000044,ATR_ADAPTIVE,0.0187005277044855,0.8900787222564103,0.05,0.1,0.02,,14.4495,,3,Real Strength < floor · Leadership < floor · Weekly trend broken,False
2025-11-24,VIC,Bất động sản,BB squeeze breakout,v2-causal-2026-09-20,2025-11-25,121.5,CLOSED,CLOSED,2025-12-11,143.0,TRAILING_PROFIT_STOP_GAP,2025-12-11,143.0,0.17695473251028804,1.0065843621399178,160.0,2025-12-09,0.3168724279835391,-0.10624999999999996,ATR_ADAPTIVE,0.04056367432150313,0.9480188624690304,0.08112734864300626,0.1216910229645094,0.02433820459290188,0.10080645161290325,111.64302713987473,,0,,True
2025-11-24,VJC,Du lịch và Giải trí,MACD turn dương,v2-causal-2026-09-20,2025-11-25,157.92,CLOSED,CLOSED,2025-12-11,146.88574976195008,VOL_ADAPTIVE_STOP,2025-12-11,146.88574976195008,-0.0698724052561418,-0.1394376899696047,168.53,2025-11-25,0.06718591691995957,-0.12842965785349747,ATR_ADAPTIVE,0.034936202628070824,1.0506282580599973,0.06987240525614165,0.10480860788421248,0.020961721576842493,,146.88574976195008,,0,,False
2025-12-25,VJC,Du lịch và Giải trí,SM ngắn hạn vượt 80,v2-causal-2026-09-20,2025-12-26,160.53,CLOSED,CLOSED,2026-01-09,146.8179599558472,VOL_ADAPTIVE_STOP,2026-01-09,146.8179599558472,-0.0854173054516465,-0.15342926555783964,163.22,2026-01-06,0.01675699246246798,-0.10049038135126098,ATR_ADAPTIVE,0.04270865272582326,1.0933468326543847,0.08541730545164652,0.1281259581774698,0.025625191635493958,,146.8179599558472,,1,Leadership < floor,False
2026-04-21,VJC,Du lịch và Giải trí,SM ngắn hạn vượt 80,v2-causal-2026-09-20,2026-04-22,135.22,CLOSED,CLOSED,2026-07-22,126.3374017018128,VOL_ADAPTIVE_STOP,2026-07-22,126.3374017018128,-0.06568997410284871,0.005028841887294799,143.9,2026-06-17,0.06419168762017469,-0.12204724321186389,ATR_ADAPTIVE,0.03284498705142434,0.7590242586400421,0.06568997410284869,0.1,0.02,,126.3374017018128,,3,Leadership < floor · Close < MA20 & MA20 slope <= 0 · Weekly trend broken,False
2026-06-05,VJC,Du lịch và Giải trí,BB squeeze breakout,v2-causal-2026-09-20,2026-06-08,136.92,CLOSED,CLOSED,2026-07-13,130.07399999999998,VOL_ADAPTIVE_STOP,2026-07-13,130.07399999999998,-0.050000000000000044,-0.007449605609114673,143.9,2026-06-17,0.050978673678060415,-0.09608061153578884,ATR_ADAPTIVE,0.02236425100359183,0.5345532707185908,0.05,0.1,0.02,,130.07399999999998,,0,,False
2026-05-26,VND,Dịch vụ tài chính,BB squeeze breakout,v2-causal-2026-09-20,2026-05-27,17.59,CLOSED,CLOSED,2026-07-16,16.555,VOL_ADAPTIVE_STOP,2026-07-16,16.555,-0.05884025014212624,-0.15577032404775437,18.75,2026-07-07,0.06594656054576475,-0.11706666666666665,ATR_ADAPTIVE,0.029420125071063095,0.8597885671018334,0.05884025014212619,0.1,0.02,,16.555,,2,Leadership < floor · Weekly trend broken,False
2026-06-16,VND,Dịch vụ tài chính,MACD turn dương,v2-causal-2026-09-20,2026-06-17,18.35,CLOSED,CLOSED,2026-07-16,16.865912328767124,VOL_ADAPTIVE_STOP,2026-07-16,16.865912328767124,-0.08087671232876714,-0.19073569482288832,18.75,2026-07-07,0.02179836512261568,-0.10048467579908671,ATR_ADAPTIVE,0.04043835616438358,1.1483271345546944,0.08087671232876716,0.12131506849315074,0.024263013698630147,,16.865912328767124,,2,Leadership < floor · Weekly trend broken,False
2026-07-03,VND,Dịch vụ tài chính,MACD turn dương,v2-causal-2026-09-20,2026-07-06,18.4,CLOSED,CLOSED,2026-07-13,17.24,VOL_ADAPTIVE_STOP,2026-07-13,17.24,-0.06304347826086953,-0.19293478260869557,18.75,2026-07-07,0.01902173913043481,-0.08053333333333346,ATR_ADAPTIVE,0.03152173913043481,0.8756671529875881,0.06304347826086962,0.1,0.02,,17.24,,1,Weekly trend broken,False
2025-11-24,VNM,Thực phẩm và đồ uống,MA20/MA50 cross,v2-causal-2026-09-20,2025-11-25,61.06,CLOSED,CLOSED,2026-01-23,65.4396,TRAILING_PROFIT_STOP,2026-01-23,65.4396,0.0717261709793644,0.0022928267278086167,71.13,2026-01-20,0.1649197510645266,-0.07999999999999996,ATR_ADAPTIVE,0.021757287913527667,1.0599668195878953,0.05,0.1,0.02,0.08,58.007,,0,,True
2026-01-20,VNM,Thực phẩm và đồ uống,BB squeeze breakout,v2-causal-2026-09-20,2026-01-21,70.75,CLOSED,CLOSED,2026-01-23,66.89371221706733,VOL_ADAPTIVE_STOP,2026-01-23,66.89371221706733,-0.054505834387740926,-0.13498233215547695,70.75,2026-01-21,0.0,-0.054505834387740926,ATR_ADAPTIVE,0.027252917193870397,1.211406901292336,0.054505834387740794,0.1,0.02,,66.89371221706733,,0,,False
2026-01-29,VNM,Thực phẩm và đồ uống,SM ngắn hạn vượt 80,v2-causal-2026-09-20,2026-01-30,69.29,CLOSED,CLOSED,2026-03-03,64.13498490566039,VOL_ADAPTIVE_STOP,2026-03-03,64.13498490566039,-0.07439767779390416,-0.11675566459806619,70.36,2026-02-02,0.01544234377255016,-0.08847377905542364,ATR_ADAPTIVE,0.03719883889695208,1.6271948403103844,0.07439767779390416,0.11159651669085624,0.022319303338171247,,64.13498490566039,,4,Real Strength < floor · Leadership < floor · Trend score < floor · Close < MA20 & MA20 slope <= 0,False
2026-07-29,VNM,Thực phẩm và đồ uống,MA20/MA50 cross,v2-causal-2026-09-20,2026-07-30,60.3,OPEN,HOLD,,,,2026-09-22,61.2,0.014925373134328401,0.014925373134328401,64.0,2026-08-20,0.06135986733001664,-0.043749999999999956,ATR_ADAPTIVE,0.02116666666666666,1.0649221483703404,0.05,0.1,0.02,,57.285,57.285,2,Leadership < floor · Close < MA20 & MA20 slope <= 0,False
2026-01-20,VOS,Hàng & Dịch vụ Công nghiệp,BB squeeze breakout,v2-causal-2026-09-20,2026-01-21,13.8,CLOSED,CLOSED,2026-01-27,12.936258992805756,VOL_ADAPTIVE_STOP,2026-01-27,12.936258992805756,-0.06258992805755392,-0.10144927536231885,14.3,2026-01-22,0.03623188405797095,-0.09536650399959745,ATR_ADAPTIVE,0.03129496402877699,0.9751669818597805,0.06258992805755398,0.1,0.02,,12.936258992805756,,1,Weekly trend broken,False
2026-02-03,VOS,Hàng & Dịch vụ Công nghiệp,MACD turn dương,v2-causal-2026-09-20,2026-02-04,14.5,CLOSED,CLOSED,2026-03-06,16.59375,TRAILING_PROFIT_STOP,2026-03-06,16.59375,0.1443965517241379,-0.1448275862068965,18.5,2026-03-04,0.27586206896551735,-0.10304054054054057,ATR_ADAPTIVE,0.04255319148936171,1.3259790704671992,0.08510638297872342,0.12765957446808512,0.025531914893617023,0.11811594202898557,13.26595744680851,,0,,True
2026-02-23,VOS,Hàng & Dịch vụ Công nghiệp,MACD turn dương,v2-causal-2026-09-20,2026-02-24,14.7,CLOSED,CLOSED,2026-03-06,16.59375,TRAILING_PROFIT_STOP,2026-03-06,16.59375,0.12882653061224492,-0.15646258503401356,18.5,2026-03-04,0.2585034013605443,-0.10304054054054057,ATR_ADAPTIVE,0.04846938775510205,1.5103307524581748,0.0969387755102041,0.14540816326530615,0.02908163265306123,0.11811594202898557,13.274999999999999,,0,,True
2026-05-06,VPB,Ngân hàng,MACD turn dương,v2-causal-2026-09-20,2026-05-07,27.51,CLOSED,CLOSED,2026-05-20,26.117,VOL_ADAPTIVE_STOP,2026-05-20,26.117,-0.050636132315521665,0.01781170483460559,28.15,2026-05-14,0.023264267539076622,-0.0722202486678507,ATR_ADAPTIVE,0.025318066157760825,0.801751445684676,0.05063613231552165,0.1,0.02,,26.117,,3,Real Strength < floor · Leadership < floor · Trend score < floor,False
2026-05-27,VPB,Ngân hàng,SM ngắn hạn vượt 80,v2-causal-2026-09-20,2026-05-28,28.05,CLOSED,CLOSED,2026-06-02,26.6475,VOL_ADAPTIVE_STOP,2026-06-02,26.6475,-0.050000000000000044,-0.0017825311942959443,28.05,2026-05-28,0.0,-0.050000000000000044,ATR_ADAPTIVE,0.02249554367201426,0.7408445127574722,0.05,0.1,0.02,,26.6475,,1,Real Strength < floor,False
2026-09-10,VPB,Ngân hàng,SM ngắn hạn vượt 80,v2-causal-2026-09-20,2026-09-11,27.45,OPEN,HOLD,,,,2026-09-22,28.0,0.020036429872495543,0.020036429872495543,28.45,2026-09-21,0.03642987249544616,-0.01581722319859402,ATR_ADAPTIVE,0.021636363636363634,0.908501924545782,0.05,0.1,0.02,,26.077499999999997,26.077499999999997,0,,False
2026-04-20,VPI,Bất động sản,BB squeeze breakout,v2-causal-2026-09-20,2026-04-21,55.06,CLOSED,CLOSED,2026-09-09,57.592000000000006,TRAILING_PROFIT_STOP,2026-09-09,57.592000000000006,0.045986196876135255,0.0824555030875409,62.6,2026-09-04,0.1369415183436251,-0.07999999999999996,ATR_ADAPTIVE,0.022927226647356965,0.8411226172183572,0.05,0.1,0.02,0.08,52.307,,0,,True
2025-12-24,VPL,Du lịch và Giải trí,SM ngắn hạn vượt 80,v2-causal-2026-09-20,2025-12-25,100.0,CLOSED,CLOSED,2025-12-31,88.0,VOL_ADAPTIVE_STOP,2025-12-31,88.0,-0.12,-0.18299999999999994,100.0,2025-12-25,0.0,-0.12,ATR_ADAPTIVE,0.06681372549019608,2.5,0.12,0.18,0.036,,88.0,,1,Leadership < floor,False
2026-04-16,VPL,Du lịch và Giải trí,SM ngắn hạn vượt 80,v2-causal-2026-09-20,2026-04-17,86.1,CLOSED,CLOSED,2026-07-20,78.96,VOL_ADAPTIVE_STOP,2026-07-20,78.96,-0.08292682926829265,-0.05110336817653882,95.7,2026-05-25,0.11149825783972145,-0.17492163009404393,ATR_ADAPTIVE,0.04146341463414634,0.8438138798953184,0.08292682926829267,0.12439024390243901,0.024878048780487803,,78.96,,5,Real Strength < floor · Leadership < floor · Trend score < floor · Close < MA20 & MA20 slope <= 0 · Weekly trend broken,False
2026-05-05,VPL,Du lịch và Giải trí,BB squeeze breakout,v2-causal-2026-09-20,2026-05-06,89.0,CLOSED,CLOSED,2026-07-13,80.86863636363637,VOL_ADAPTIVE_STOP,2026-07-13,80.86863636363637,-0.09136363636363631,-0.08202247191011236,95.7,2026-05-25,0.07528089887640443,-0.15497767645103067,ATR_ADAPTIVE,0.045681818181818185,0.9429185557198513,0.09136363636363637,0.13704545454545455,0.02740909090909091,,80.86863636363637,,5,Real Strength < floor · Leadership < floor · Trend score < floor · Close < MA20 & MA20 slope <= 0 · Weekly trend broken,False
2026-09-16,VPL,Du lịch và Giải trí,MA20/MA50 cross,v2-causal-2026-09-20,2026-09-17,83.1,OPEN,HOLD,,,,2026-09-22,81.7,-0.016847172081829065,-0.016847172081829065,85.5,2026-09-17,0.028880866425992746,-0.0444444444444444,ATR_ADAPTIVE,0.028562945368171045,0.7767941491253518,0.05712589073634209,0.1,0.02,,78.35283847980996,78.35283847980996,2,Real Strength < floor · Weekly trend broken,False
2026-07-06,VPX,Dịch vụ tài chính,MA20/MA50 cross,v2-causal-2026-09-20,2026-07-07,27.9,CLOSED,CLOSED,2026-07-13,26.051624999999998,VOL_ADAPTIVE_STOP,2026-07-13,26.051624999999998,-0.06625000000000003,-0.11111111111111105,28.55,2026-07-07,0.023297491039426577,-0.08750875656742563,ATR_ADAPTIVE,0.033124999999999995,1.0422729638597845,0.06624999999999999,0.1,0.02,,26.051624999999998,,1,Weekly trend broken,False
2026-04-28,VRE,Bất động sản,SM ngắn hạn vượt 80,v2-causal-2026-09-20,2026-04-29,30.42,CLOSED,CLOSED,2026-05-18,31.77,TRAILING_PROFIT_STOP,2026-05-18,31.77,0.044378698224851965,-0.17488494411571331,35.35,2026-05-06,0.16206443129520043,-0.10127298444130128,ATR_ADAPTIVE,0.042669804976462666,0.8858362348671922,0.08533960995292533,0.128009414929388,0.025601882985877598,0.1382841047503045,27.823969065232014,,1,Real Strength < floor,True
2025-10-30,VTP,Hàng & Dịch vụ Công nghiệp,SM ngắn hạn vượt 80,v2-causal-2026-09-20,2025-10-31,75.38,CLOSED,CLOSED,2025-11-03,69.56315650080258,VOL_ADAPTIVE_STOP,2025-11-03,69.56315650080258,-0.0771669341894059,-0.35062350756168736,75.38,2025-10-31,0.0,-0.0771669341894059,ATR_ADAPTIVE,0.038583467094703026,1.248400087106859,0.07716693418940605,0.11575040128410907,0.023150080256821814,,69.56315650080258,,1,Weekly trend broken,False
2025-12-31,VTZ,Hóa chất,SM ngắn hạn vượt 80,v2-causal-2026-09-20,2026-01-05,19.5,CLOSED,CLOSED,2026-02-03,18.2,VOL_ADAPTIVE_STOP_GAP,2026-02-03,18.2,-0.06666666666666665,0.04615384615384599,20.2,2026-01-29,0.03589743589743577,-0.09900990099009899,ATR_ADAPTIVE,0.0174358974358974,0.8800885450901937,0.05,0.1,0.02,,18.525,,1,Leadership < floor,False
2026-05-21,VTZ,Hóa chất,SM ngắn hạn vượt 80,v2-causal-2026-09-20,2026-05-22,20.7,OPEN,HOLD,,,,2026-09-22,20.4,-0.01449275362318847,-0.01449275362318847,20.7,2026-05-22,0.0,-0.01449275362318847,ATR_ADAPTIVE,0.016908212560386517,1.110305958132047,0.05,0.1,0.02,,19.665,19.665,2,Real Strength < floor · Leadership < floor,False
2026-09-08,VTZ,Hóa chất,MA20/MA50 cross,v2-causal-2026-09-20,2026-09-09,20.6,OPEN,HOLD,,,,2026-09-22,20.4,-0.009708737864077777,-0.009708737864077777,20.6,2026-09-09,0.0,-0.009708737864077777,ATR_ADAPTIVE,0.011707317073170725,1.0485436893203874,0.05,0.1,0.02,,19.57,19.57,2,Real Strength < floor · Leadership < floor,False
2026-06-19,VVS,Ô tô và phụ tùng,SM ngắn hạn vượt 80,v2-causal-2026-09-20,2026-06-22,80.0,CLOSED,CLOSED,2026-07-24,96.2,TRAILING_PROFIT_STOP_GAP,2026-07-24,96.2,0.20250000000000012,0.06999999999999984,108.9,2026-07-22,0.36125000000000007,-0.11662075298438934,ATR_ADAPTIVE,0.05010349288486417,0.8731668380491749,0.10020698576972834,0.15031047865459252,0.0300620957309185,0.10587364264560709,71.98344113842174,,0,,True
2026-07-17,VVS,Ô tô và phụ tùng,BB squeeze breakout,v2-causal-2026-09-20,2026-07-20,95.7,CLOSED,CLOSED,2026-07-24,96.2,TRAILING_PROFIT_STOP_GAP,2026-07-24,96.2,0.0052246603970742544,-0.10553814002089867,108.9,2026-07-22,0.13793103448275867,-0.11662075298438934,ATR_ADAPTIVE,0.04096385542168675,0.7276082640018352,0.0819277108433735,0.12289156626506025,0.02457831325301205,0.10587364264560709,87.85951807228916,,0,,True
