entry_date,ticker,sector,fast_setup,entry_reason,fast_score,entry_price,fast_stop_pct,fast_target_1r,fast_target_2r,leadership_score,short_momentum_score,flow_score,trend_score,sector_score,acceleration,ma20_distance,ret_5,volume_ratio_20,macd_hist,atr_pct_20,stage,model_version
2025-11-05,HUT,Ô tô và phụ tùng,FAST BREAKOUT,FAST BREAKOUT,68.5644519019941,18.3,0.08,19.764000000000003,21.227999999999998,78.88065881486934,91.81818181818183,76.8881118881119,72.16783216783216,81.84210526315789,,0.08669833729216148,0.07017543859649122,1.8940692727377462,0.24216120642238922,0.051912568306010924,NEUTRAL,fast-v1.2-quality-gated-2026-10-05
2025-11-05,POW,"Điện, nước & xăng dầu khí đốt",FAST BREAKOUT,FAST BREAKOUT,59.523053312738185,12.17,0.08,13.143600000000001,14.117199999999999,67.6463930806036,78.3916083916084,66.43356643356644,60.66433566433567,71.84210526315789,,0.04485941189096354,0.02874049027895187,1.7187735196341485,0.11102574772727938,0.02966310599835662,NEUTRAL,fast-v1.2-quality-gated-2026-10-05
2025-11-06,TNG,Hàng cá nhân & Gia dụng,PULLBACK RECLAIM,PULLBACK RECLAIM,68.23310430200475,17.17,0.08,18.5436,19.9172,70.16175929333824,79.16083916083919,83.63636363636363,69.96503496503497,76.31578947368422,,0.031943985335216585,0.010594467333725932,2.056341336554756,0.10368767654993719,0.033139196272568415,NEUTRAL,fast-v1.2-quality-gated-2026-10-05
2025-11-06,HAH,Hàng & Dịch vụ Công nghiệp,MOMENTUM IGNITION,MOMENTUM IGNITION,68.04640729086806,60.14,0.08,64.9512,69.7624,78.88075082811925,83.35664335664337,88.56643356643357,87.30769230769232,49.473684210526315,,0.07761362516462533,-0.001494271957496185,1.0279224920452272,0.5056059818480685,0.042808446957100094,NEUTRAL,fast-v1.2-quality-gated-2026-10-05
2025-11-06,BFC,Hóa chất,PULLBACK RECLAIM,PULLBACK RECLAIM,65.64728706787804,42.03,0.06661908160837504,44.83,47.63000000000001,73.64013617960987,75.13986013986016,78.81118881118881,77.51748251748252,67.89473684210526,,0.03718875700219626,-0.016381933068101984,0.8769288671433948,0.19734660329609238,0.0270996906971211,NEUTRAL,fast-v1.2-quality-gated-2026-10-05
2025-11-11,HHP,Tài nguyên Cơ bản,FAST BREAKOUT,FAST BREAKOUT,76.21450589895298,11.95,0.08,12.906,13.861999999999998,88.21960711638252,97.64084507042253,98.87323943661973,93.04577464788733,53.157894736842096,,0.09607888099059836,0.06222222222222218,2.685586187160164,0.030145654307296488,0.0593305439330544,LEADER,fast-v1.2-quality-gated-2026-10-05
2025-11-11,SAB,Thực phẩm và đồ uống,FAST BREAKOUT,FAST BREAKOUT,71.70587657379649,42.0,0.035,43.47,44.940000000000005,79.7373980726464,88.27464788732394,83.27464788732395,83.06338028169014,67.89473684210526,,0.026844653073199387,0.012048192771084265,1.9116829242631477,0.12864076210891168,0.013392857142857142,NEUTRAL,fast-v1.2-quality-gated-2026-10-05
2025-11-11,BFC,Hóa chất,PULLBACK RECLAIM,PULLBACK RECLAIM,69.58302672183495,42.92,0.08,46.35360000000001,49.7872,79.93383988139362,95.28169014084509,93.2394366197183,85.17605633802816,48.94736842105263,,0.053458347651072824,0.045554202192448434,2.0970266040688577,0.1524384983947646,0.027842497670083857,NEUTRAL,fast-v1.2-quality-gated-2026-10-05
2025-11-12,HHP,Tài nguyên Cơ bản,FAST BREAKOUT,FAST BREAKOUT,76.63274540373092,12.0,0.08,12.96,13.919999999999998,88.38305115936696,97.30769230769232,98.32167832167833,92.97202797202797,55.26315789473684,,0.09125630882553537,0.06666666666666665,2.210772435488671,0.05171090679128343,0.06145833333333334,LEADER,fast-v1.2-quality-gated-2026-10-05
2025-11-12,SAB,Thực phẩm và đồ uống,MOMENTUM IGNITION,MOMENTUM IGNITION,69.94742882604929,42.13,0.035,43.604549999999996,45.079100000000004,75.59946632315054,83.77622377622379,80.62937062937064,83.3916083916084,54.73684210526315,10.624033860875969,0.02811264580994699,0.016160154365653767,1.1151145670718625,0.14641009168047092,0.013410871113220986,EMERGING,fast-v1.2-quality-gated-2026-10-05
2025-11-13,VGI,Viễn thông,MOMENTUM IGNITION,MOMENTUM IGNITION,79.15792664358285,79.0,0.08,85.32000000000001,91.64,89.5858042994811,94.7887323943662,92.35915492957747,92.20070422535211,78.1578947368421,12.125830063191074,0.10620243504561322,0.06756756756756754,1.823857685257921,0.7199640449911389,0.06677215189873419,LEADER,fast-v1.2-quality-gated-2026-10-05
2025-11-13,TNG,Hàng cá nhân & Gia dụng,PULLBACK RECLAIM,PULLBACK RECLAIM,72.76725549213347,17.36,0.07142857142857129,18.599999999999994,19.839999999999993,78.29716456634544,80.31690140845072,85.49295774647887,78.27464788732394,75.52631578947368,8.135405273007208,0.03973886742730515,0.011065812463599167,1.5241556220607098,0.05486746929289009,0.034619815668202755,NEUTRAL,fast-v1.2-quality-gated-2026-10-05
2025-11-13,VHC,Thực phẩm và đồ uống,PULLBACK RECLAIM,PULLBACK RECLAIM,72.35442452593492,58.8,0.061224489795918324,62.39999999999999,65.99999999999999,78.29336545589327,86.69014084507045,78.90845070422534,83.87323943661971,58.421052631578945,10.019994090416631,0.042645624612110966,0.019064124783362058,1.6214861634294488,0.13951305155982974,0.033503401360544215,EMERGING,fast-v1.2-quality-gated-2026-10-05
2025-11-13,DPR,Hóa chất,PULLBACK RECLAIM,PULLBACK RECLAIM,71.25914882045973,38.4,0.06119791666666674,40.75,43.1,74.08024462564863,77.95774647887325,75.84507042253522,76.54929577464787,76.05263157894737,12.539758795689124,0.02928365610132011,0.01856763925729421,1.2375960340748544,0.013097989883365559,0.030598958333333336,EMERGING,fast-v1.2-quality-gated-2026-10-05
2025-11-13,PVS,Dầu khí,MOMENTUM IGNITION,MOMENTUM IGNITION,71.23441307309926,26.96,0.08,29.1168,31.2736,78.94421793921424,84.11971830985918,91.72535211267605,82.74647887323944,69.21052631578948,4.408700824749758,0.08105940613910234,0.0029761904761904656,2.2702952029520294,0.2267046264763431,0.045530415430267056,NEUTRAL,fast-v1.2-quality-gated-2026-10-05
2025-11-13,GVR,Hóa chất,PULLBACK RECLAIM,PULLBACK RECLAIM,68.99864832641084,28.5,0.05731578947368422,30.1335,31.767,73.66651223128244,78.13380281690141,83.02816901408451,76.40845070422536,76.05263157894737,1.7309215062180385,0.04506618752521008,0.007067137809187329,1.2448861526496382,0.11483199006312172,0.03821052631578948,NEUTRAL,fast-v1.2-quality-gated-2026-10-05
2025-11-13,SAB,Thực phẩm và đồ uống,FAST BREAKOUT,FAST BREAKOUT,68.19228735017566,42.54,0.042313117066290484,44.339999999999996,46.13999999999999,76.53456263899186,83.76760563380283,80.66901408450704,82.92253521126759,58.421052631578945,11.87307938540333,0.03561603817221304,0.02704007725736357,1.583820250091738,0.17549027582356747,0.01349318288669488,EMERGING,fast-v1.2-quality-gated-2026-10-05
2025-11-13,GAS,"Điện, nước & xăng dầu khí đốt",MOMENTUM IGNITION,MOMENTUM IGNITION,68.02727729999569,62.9,0.05087440381558017,66.1,69.29999999999998,75.27372127501853,78.7323943661972,79.29577464788733,75.66901408450704,71.3157894736842,7.674162938618096,0.04147694345558395,0.012882447665056418,1.4329547422858981,0.29512599474220164,0.02813990461049284,NEUTRAL,fast-v1.2-quality-gated-2026-10-05
2025-11-14,TNG,Hàng cá nhân & Gia dụng,MOMENTUM IGNITION,MOMENTUM IGNITION,76.79793680560218,17.72,0.08,19.1376,20.555199999999996,83.44495922905857,87.57042253521128,95.07042253521126,82.3943661971831,73.15789473684211,19.08187494492165,0.056522776055330404,0.047900650502661124,1.6698026825513417,0.09790007583817689,0.03470654627539503,EMERGING,fast-v1.2-quality-gated-2026-10-05
2025-11-14,HAG,Thực phẩm và đồ uống,FAST BREAKOUT,FAST BREAKOUT,72.22623313017891,17.65,0.08,19.062,20.473999999999997,81.60507783543365,90.77464788732395,88.59154929577466,80.35211267605632,60.78947368421052,21.0953244309434,0.0829881883724497,0.11006289308176087,2.911904775495216,0.06217316058095282,0.04334277620396597,EMERGING,fast-v1.2-quality-gated-2026-10-05
2025-11-14,DGC,Hóa chất,MOMENTUM IGNITION,MOMENTUM IGNITION,70.94039960462734,78.94,0.08,85.2552,91.57039999999999,78.09571905114899,87.04225352112678,92.35915492957746,76.33802816901408,66.57894736842104,19.56793104967678,0.06259969443864866,0.06762239653773339,1.7607040594061698,0.5303366735328737,0.031435267291613875,EMERGING,fast-v1.2-quality-gated-2026-10-05
2025-11-14,NT2,"Điện, nước & xăng dầu khí đốt",PULLBACK RECLAIM,PULLBACK RECLAIM,70.54294969036916,24.25,0.08,26.19,28.13,80.4304114158636,77.50000000000001,67.25352112676057,83.27464788732394,81.3157894736842,9.865910127678106,0.03832155855277253,0.05206073752711493,0.8038141648609523,-0.02184081347594874,0.03682474226804124,NEUTRAL,fast-v1.2-quality-gated-2026-10-05
2025-11-14,PVC,Dầu khí,MOMENTUM IGNITION,MOMENTUM IGNITION,68.04104458863452,11.3,0.08,12.204000000000002,13.108,70.24388435878429,78.34507042253522,86.72535211267606,64.75352112676056,68.68421052631578,9.85172388767645,0.06654082114204818,0.03669724770642202,1.453924851875023,0.10770253830968621,0.06238938053097343,NEUTRAL,fast-v1.2-quality-gated-2026-10-05
2025-11-14,HUT,Ô tô và phụ tùng,MOMENTUM IGNITION,MOMENTUM IGNITION,67.31206136852025,18.3,0.08,19.764000000000003,21.227999999999998,70.00426241660489,83.69718309859158,75.91549295774648,74.96478873239437,63.94736842105262,14.02671364958244,0.07837360047142017,0.07647058823529407,0.9814263766013468,0.1415999373167573,0.054371584699453586,EMERGING,fast-v1.2-quality-gated-2026-10-05
2025-11-14,BFC,Hóa chất,MOMENTUM IGNITION,MOMENTUM IGNITION,66.8038209255858,42.97,0.08,46.4076,49.8452,73.29994440326166,78.7323943661972,73.52112676056338,81.02112676056338,66.57894736842104,10.779149408782459,0.041066020593579555,0.04549878345498781,0.9372367312552654,0.17811263013254774,0.02910169885966951,EMERGING,fast-v1.2-quality-gated-2026-10-05
2025-11-14,POW,"Điện, nước & xăng dầu khí đốt",FAST BREAKOUT,FAST BREAKOUT,64.23020123927391,12.33,0.08,13.316400000000002,14.3028,71.33005930318754,77.67605633802819,81.79577464788733,64.5774647887324,81.3157894736842,11.380942630386663,0.05841452422850768,0.04936170212765956,1.3050650740735004,0.08581736015725411,0.031386861313868614,EMERGING,fast-v1.2-quality-gated-2026-10-05
2025-11-17,DPR,Hóa chất,PULLBACK RECLAIM,PULLBACK RECLAIM,73.30306616562982,38.9,0.07326478149100257,41.75,44.6,77.92967012601927,83.80281690140846,84.64788732394368,77.07746478873241,72.36842105263159,23.119625648628613,0.0326519777010883,0.07162534435261714,1.573150957632969,0.09706151852190426,0.028341902313624687,EMERGING,fast-v1.2-quality-gated-2026-10-05
2025-11-17,TNG,Hàng cá nhân & Gia dụng,FAST BREAKOUT,FAST BREAKOUT,73.07583749002703,17.99,0.08,19.429199999999998,20.868399999999998,82.93458117123797,89.68309859154931,94.22535211267606,83.13380281690141,72.89473684210526,17.668736100815423,0.06585300826495244,0.10435850214855735,1.6102160560450558,0.13718553389351568,0.033490828237909956,EMERGING,fast-v1.2-quality-gated-2026-10-05
2025-11-17,GVR,Hóa chất,MOMENTUM IGNITION,MOMENTUM IGNITION,71.66804593072847,29.1,0.07319587628865987,31.230000000000008,33.36000000000001,76.62157153446998,83.8380281690141,90.80985915492957,80.2112676056338,72.36842105263159,12.348498888065237,0.055667410349893975,0.05587808417997109,1.4403797517606318,0.15549257188967308,0.03558419243986254,EMERGING,fast-v1.2-quality-gated-2026-10-05
2025-11-17,FRT,Bán lẻ,PULLBACK RECLAIM,PULLBACK RECLAIM,70.86148585730447,139.62,0.07907176622260415,150.66,161.7,75.62574128984433,71.47887323943664,70.17605633802816,74.47183098591549,83.94736842105263,13.697739065974794,0.015691495165971903,0.05389492753623193,0.9900668756352331,-0.15151420329645404,0.03452585589457096,EMERGING,fast-v1.2-quality-gated-2026-10-05
2025-11-17,CSV,Hóa chất,MOMENTUM IGNITION,MOMENTUM IGNITION,68.53091840831361,31.75,0.07086614173228345,33.99999999999999,36.25,69.2166419570052,78.90845070422537,85.4225352112676,58.48591549295776,72.36842105263159,16.97525945144553,0.033949360905316306,0.06010016694490816,1.4600094955794227,0.18336564422455134,0.03472440944881888,EMERGING,fast-v1.2-quality-gated-2026-10-05
2025-11-17,DGC,Hóa chất,MOMENTUM IGNITION,MOMENTUM IGNITION,68.06177113865546,78.62,0.08,84.90960000000001,91.1992,76.26417716827281,81.47887323943664,82.8169014084507,73.62676056338029,72.36842105263159,19.2375833951075,0.05154749485060073,0.08187697812026973,1.3696974634729238,0.5907345875644308,0.029642584584075288,EMERGING,fast-v1.2-quality-gated-2026-10-05
2025-11-18,FRT,Bán lẻ,PULLBACK RECLAIM,PULLBACK RECLAIM,74.76209558059382,141.43,0.08,152.7444,164.0588,78.8042994810971,77.28873239436622,83.76760563380282,79.29577464788731,82.89473684210526,15.203669384729423,0.025200520465229026,0.04646688864224946,1.676905953392987,0.04884691361027338,0.03209715053383298,EMERGING,fast-v1.2-quality-gated-2026-10-05
2025-11-18,TNG,Hàng cá nhân & Gia dụng,MOMENTUM IGNITION,MOMENTUM IGNITION,71.80748577303238,18.08,0.08,19.5264,20.972799999999996,84.54558932542625,88.13380281690142,88.8380281690141,84.33098591549297,80.26315789473685,9.999351371386211,0.06471939226193979,0.08653846153846145,1.3519296977535997,0.16026309017358142,0.03310287610619469,NEUTRAL,fast-v1.2-quality-gated-2026-10-05
2025-11-18,VHC,Thực phẩm và đồ uống,FAST BREAKOUT,FAST BREAKOUT,71.47841407456797,60.7,0.08,65.55600000000001,70.41199999999999,82.22312824314308,88.66197183098595,93.94366197183099,85.66901408450704,58.1578947368421,12.48220904373612,0.0597067039106145,0.06866197183098599,2.986412957681257,0.31865382802759357,0.030889621087314655,EMERGING,fast-v1.2-quality-gated-2026-10-05
2025-11-18,DGC,Hóa chất,MOMENTUM IGNITION,MOMENTUM IGNITION,68.1979572920792,78.46,0.07889370379811367,84.64999999999999,90.83999999999999,73.75866382505559,82.81690140845072,81.09154929577466,73.48591549295774,68.94736842105262,18.419894366197177,0.04408692296432304,0.07626886145404654,1.5081828349072524,0.5866637527455427,0.028485852663777716,EMERGING,fast-v1.2-quality-gated-2026-10-05
2025-11-18,CSV,Hóa chất,PULLBACK RECLAIM,PULLBACK RECLAIM,66.43459977993913,32.5,0.08,35.1,37.699999999999996,71.16623424759081,83.27464788732395,78.41549295774648,65.80985915492957,68.94736842105262,18.765845070422536,0.05220558478348858,0.09243697478991586,1.2294839986181338,0.2287383046579948,0.034230769230769224,EMERGING,fast-v1.2-quality-gated-2026-10-05
2025-11-18,AAA,Hóa chất,PULLBACK RECLAIM,PULLBACK RECLAIM,66.20527575510766,7.84,0.04846938775510201,8.22,8.6,70.69088213491476,73.45070422535214,82.99295774647888,71.26760563380283,68.94736842105262,12.644366197183103,0.031511084797053,0.03430079155672816,2.4439204117616073,0.023850748182460926,0.024553571428571414,EMERGING,fast-v1.2-quality-gated-2026-10-05
2025-11-18,VOS,Hàng & Dịch vụ Công nghiệp,FAST BREAKOUT,FAST BREAKOUT,65.00100049589254,13.2,0.06439393939393934,14.05,14.899999999999997,64.29790585618976,75.73943661971832,86.26760563380282,54.683098591549296,49.473684210526315,30.188750926612293,0.02743724460011676,0.05600000000000005,2.3276020174232004,0.07242103182811838,0.031060606060606052,NEUTRAL,fast-v1.2-quality-gated-2026-10-05
2025-11-18,NKG,Tài nguyên Cơ bản,MOMENTUM IGNITION,MOMENTUM IGNITION,63.95726138535956,15.68,0.08,16.9344,18.188799999999997,71.08005930318754,76.79577464788734,75.59859154929576,69.40140845070424,51.315789473684205,14.429114158636018,0.047253297712472886,0.048128342245989275,1.4340837034664997,0.13093916280900902,0.03373724489795916,EMERGING,fast-v1.2-quality-gated-2026-10-05
2025-11-19,TNG,Hàng cá nhân & Gia dụng,MOMENTUM IGNITION,MOMENTUM IGNITION,80.30043657739246,17.72,0.08,19.1376,20.555199999999996,83.18634173461824,90.07042253521128,92.8169014084507,81.58450704225352,77.89473684210526,21.65855373314603,0.03862610632436536,0.053507728894173434,1.5761087229327424,0.14288886326774158,0.03558126410835214,EMERGING,fast-v1.2-quality-gated-2026-10-05
2025-11-19,HAG,Thực phẩm và đồ uống,MOMENTUM IGNITION,MOMENTUM IGNITION,77.40230619341905,17.65,0.08,19.062,20.473999999999997,80.17531504818385,92.78169014084509,87.88732394366197,83.48591549295774,66.05263157894737,17.406268305452897,0.05420337464536362,0.06969696969696959,3.028313880015943,0.19984880542214867,0.0440509915014164,EMERGING,fast-v1.2-quality-gated-2026-10-05
2025-11-19,VHC,Thực phẩm và đồ uống,MOMENTUM IGNITION,MOMENTUM IGNITION,74.8367115015267,58.3,0.04952830188679244,61.1875,64.075,76.16651223128244,78.23943661971832,88.73239436619718,75.88028169014086,66.05263157894737,11.586276677362676,0.01541409039449615,0.019230769230769162,1.5590990804697376,0.22256793176789036,0.033018867924528295,EMERGING,fast-v1.2-quality-gated-2026-10-05
2025-11-19,VGT,Hàng cá nhân & Gia dụng,FAST BREAKOUT,FAST BREAKOUT,74.24443505092296,12.5,0.08,13.5,14.499999999999998,88.1229614529281,94.08450704225353,95.91549295774648,88.59154929577466,77.89473684210526,,0.06837606837606836,0.06564364876385342,2.6766788595010316,0.10089585432894158,0.03512000000000001,LEADER,fast-v1.2-quality-gated-2026-10-05
2025-11-19,CSV,Hóa chất,MOMENTUM IGNITION,MOMENTUM IGNITION,74.20032995156042,32.0,0.07187500000000002,34.3,36.6,72.6815233506301,86.61971830985918,86.3380281690141,63.73239436619718,74.73684210526315,28.626315400685307,0.03200838506812875,0.05090311986863716,1.832003665887274,0.2138404805143296,0.03546874999999999,EMERGING,fast-v1.2-quality-gated-2026-10-05
2025-11-19,DGC,Hóa chất,MOMENTUM IGNITION,MOMENTUM IGNITION,72.87126939021726,76.72,0.058003128258602765,81.16999999999999,85.62,70.7572275759822,80.31690140845072,81.16197183098592,69.33098591549296,74.73684210526315,16.647823821841598,0.017918388738149993,0.03326599326599333,1.954014294898461,0.44022952080807065,0.028610531803962447,EMERGING,fast-v1.2-quality-gated-2026-10-05
2025-11-19,FRT,Bán lẻ,PULLBACK RECLAIM,PULLBACK RECLAIM,70.78359132091919,140.01,0.08,151.2108,162.41159999999996,72.96182357301704,69.92957746478875,70.88028169014085,78.23943661971832,89.21052631578947,7.823067592155795,0.01399576324889984,0.020853080568720372,1.2464274515074139,0.06384952000773603,0.03167273766159559,NEUTRAL,fast-v1.2-quality-gated-2026-10-05
2025-11-19,DPM,Hóa chất,PULLBACK RECLAIM,PULLBACK RECLAIM,70.71286345777261,22.89,0.05723023154215823,24.200000000000003,25.510000000000005,66.76074870274276,80.73943661971832,87.18309859154928,58.52112676056338,74.73684210526315,22.861135158392372,0.026572485704675408,0.0357466063348415,2.5475459816406274,0.1254651841453915,0.02868064657055484,EMERGING,fast-v1.2-quality-gated-2026-10-05
2025-11-20,BVH,Bảo hiểm,MOMENTUM IGNITION,MOMENTUM IGNITION,71.876242097013,55.3,0.08,59.724000000000004,64.148,76.7033914010378,86.6549295774648,92.74647887323944,79.89436619718309,78.68421052631578,4.508802816901408,0.05809982109885481,0.007285974499089187,1.5036219143399676,0.4094677478019606,0.03203435804701628,NEUTRAL,fast-v1.2-quality-gated-2026-10-05
2025-11-20,REE,"Điện, nước & xăng dầu khí đốt",MOMENTUM IGNITION,MOMENTUM IGNITION,71.84390170936835,57.73,0.059414515849644856,61.16,64.58999999999999,80.86434395848777,87.35915492957749,82.0774647887324,84.64788732394366,77.63157894736841,10.199777613046692,0.036947892155982265,0.025946330193708844,1.2405617105356008,0.3552465725649828,0.01707084704659623,EMERGING,fast-v1.2-quality-gated-2026-10-05
2025-11-20,HDG,"Điện, nước & xăng dầu khí đốt",MOMENTUM IGNITION,MOMENTUM IGNITION,67.75224323122512,28.94,0.07878369039391853,31.220000000000002,33.50000000000001,67.92068198665677,75.07042253521128,62.112676056338024,70.95070422535211,77.63157894736841,21.347664936990355,0.034735506015696416,0.03690433536366888,0.9140466415834867,0.18885872687557625,0.03617829993089148,EMERGING,fast-v1.2-quality-gated-2026-10-05
2025-11-21,HHP,Tài nguyên Cơ bản,PULLBACK RECLAIM,PULLBACK RECLAIM,72.72214102167013,11.53,0.08,12.4524,13.374799999999999,78.77826167531505,75.28169014084507,85.1056338028169,85.2112676056338,57.368421052631575,2.6280578206078644,0.029234545860298944,0.0,1.0106801021697027,-0.06535521560259988,0.05711188204683434,NEUTRAL,fast-v1.2-quality-gated-2026-10-05
2025-11-21,POW,"Điện, nước & xăng dầu khí đốt",MOMENTUM IGNITION,MOMENTUM IGNITION,71.9832671849731,12.37,0.06305578011317703,13.149999999999999,13.929999999999998,75.80865455893255,82.39436619718312,84.8943661971831,73.30985915492957,79.21052631578947,4.478595255745006,0.03195128055393348,0.0032441200324411223,1.1803594553368542,0.07667726692403708,0.02890056588520616,NEUTRAL,fast-v1.2-quality-gated-2026-10-05
2025-11-21,KDH,Bất động sản,MOMENTUM IGNITION,MOMENTUM IGNITION,69.7440573415303,34.85,0.08,37.638000000000005,40.426,66.94208673091178,75.31690140845072,76.37323943661971,75.88028169014085,49.73684210526316,12.353131949592289,0.015960935791852204,0.005772005772005873,1.0162029857517625,0.07818712844055886,0.040674318507890994,EMERGING,fast-v1.2-quality-gated-2026-10-05
2025-11-21,DBC,Thực phẩm và đồ uống,MOMENTUM IGNITION,MOMENTUM IGNITION,69.21089364722201,23.8,0.07394957983193284,25.560000000000006,27.320000000000004,72.91132320237212,84.50704225352113,78.7676056338028,71.30281690140845,63.42105263157894,17.378428465530014,0.034782608695652195,0.03253796095444694,1.077657713860942,0.19824757946004662,0.024054621848739525,EMERGING,fast-v1.2-quality-gated-2026-10-05
2025-11-21,ANV,Thực phẩm và đồ uống,PULLBACK RECLAIM,PULLBACK RECLAIM,68.75979964710959,30.4,0.08,32.832,35.263999999999996,73.97470348406227,78.48591549295777,66.40845070422536,78.69718309859155,63.42105263157894,23.179484803558196,0.04575163398692794,0.07042253521126751,0.9360433077247237,0.21399796505193724,0.04120065789473684,EMERGING,fast-v1.2-quality-gated-2026-10-05
2025-11-21,SCR,Bất động sản,PULLBACK RECLAIM,PULLBACK RECLAIM,67.9116133262116,8.74,0.08,9.439200000000001,10.138399999999999,64.94208673091178,76.72535211267608,76.16197183098592,59.85915492957747,49.73684210526316,21.124258710155672,0.022042916447406746,-0.004555808656036331,1.3962063977603867,0.054313063171745724,0.031750572082379865,NEUTRAL,fast-v1.2-quality-gated-2026-10-05
2025-11-24,AAA,Hóa chất,MOMENTUM IGNITION,MOMENTUM IGNITION,80.96105169059675,8.0,0.0675,8.54,9.08,84.00765210899588,92.94326241134755,93.72340425531915,83.15602836879434,69.73684210526315,20.24699606748365,0.031260070899129744,0.03761348897535677,1.90408014251558,0.06266489078726076,0.02812499999999999,EMERGING,fast-v1.2-quality-gated-2026-10-05
2025-11-24,DBC,Thực phẩm và đồ uống,MOMENTUM IGNITION,MOMENTUM IGNITION,73.26999926742866,23.98,0.08,25.898400000000002,27.816799999999997,77.74785367674505,90.03546099290783,86.66666666666667,73.93617021276597,66.84210526315789,18.129710607805094,0.03931001603605955,0.028301886792452935,1.5404106058397342,0.20199897575699752,0.02416597164303589,EMERGING,fast-v1.2-quality-gated-2026-10-05
2025-11-24,HDG,"Điện, nước & xăng dầu khí đốt",PULLBACK RECLAIM,PULLBACK RECLAIM,72.31615356269722,29.3,0.08,31.644000000000002,33.988,78.95604703247481,78.15602836879435,76.63120567375886,78.15602836879435,88.1578947368421,9.045187136255393,0.042352229673241926,-0.023658780406531132,1.3027588071593978,0.16685468463649322,0.034061433447098964,NEUTRAL,fast-v1.2-quality-gated-2026-10-05
2025-11-24,HQC,Bất động sản,MOMENTUM IGNITION,MOMENTUM IGNITION,63.10599828620015,3.24,0.07098765432098775,3.4700000000000006,3.700000000000001,60.01026502426278,77.65957446808513,78.01418439716312,45.53191489361702,56.84210526315789,28.308263541683093,0.028408189176321264,0.03514376996805124,0.9242082997276033,0.03395802792536509,0.02901234567901237,NEUTRAL,fast-v1.2-quality-gated-2026-10-05
2025-11-25,HAG,Thực phẩm và đồ uống,MOMENTUM IGNITION,MOMENTUM IGNITION,79.4779370059628,18.6,0.08,20.088000000000005,21.576,89.8046052631579,93.14285714285717,95.57142857142858,92.03571428571429,74.21052631578947,7.9335896960711665,0.07982583454281578,-0.01326259946949604,2.734896244134888,0.13128423676643908,0.04448924731182793,LEADER,fast-v1.2-quality-gated-2026-10-05
2025-11-25,DBC,Thực phẩm và đồ uống,MOMENTUM IGNITION,MOMENTUM IGNITION,77.4817879769606,23.36,0.0547945205479452,24.64,25.919999999999998,74.88496240601503,85.60714285714288,81.14285714285715,71.28571428571428,74.21052631578947,14.813242613576193,0.011080332409972415,-0.0017094017094017033,1.2357250341199388,0.15527320900106714,0.025577910958904146,EMERGING,fast-v1.2-quality-gated-2026-10-05
2025-11-25,AAA,Hóa chất,MOMENTUM IGNITION,MOMENTUM IGNITION,76.55787137872314,7.96,0.06281407035175879,8.459999999999999,8.959999999999999,80.25216165413534,88.50000000000003,84.35714285714286,83.85714285714285,57.89473684210527,9.561279519220577,0.02169169554614303,0.015306122448979664,1.2118396680452186,0.04888024867218383,0.028643216080402,NEUTRAL,fast-v1.2-quality-gated-2026-10-05
2025-11-25,PVT,Hàng & Dịch vụ Công nghiệp,PULLBACK RECLAIM,PULLBACK RECLAIM,75.15717693877838,16.84,0.07066508313539188,18.029999999999998,19.22,80.6845864661654,84.5,89.57142857142857,78.89285714285714,61.315789473684205,11.78104680715873,0.032527054784021514,-0.0023696682464454666,2.6189594157066485,0.03920919043304444,0.028652019002375278,EMERGING,fast-v1.2-quality-gated-2026-10-05
2025-11-25,KBC,Bất động sản,PULLBACK RECLAIM,PULLBACK RECLAIM,72.28883142893079,35.6,0.08,38.44800000000001,41.296,67.7609022556391,89.07142857142858,81.85714285714285,68.03571428571429,48.94736842105263,23.032399661124636,0.031734531227358254,0.01859799713876953,2.4098059291664726,0.23185669703181364,0.03391853932584268,EMERGING,fast-v1.2-quality-gated-2026-10-05
2025-11-25,DPR,Hóa chất,MOMENTUM IGNITION,MOMENTUM IGNITION,71.24768387352584,38.3,0.057441253263707415,40.49999999999999,42.69999999999998,72.98787593984963,75.53571428571432,75.42857142857144,75.57142857142857,57.89473684210527,4.335726199301078,0.0030116537907556307,-0.012886597938144284,1.1809017227674228,0.0379010836328649,0.028198433420365557,NEUTRAL,fast-v1.2-quality-gated-2026-10-05
2025-11-25,VNM,Thực phẩm và đồ uống,MOMENTUM IGNITION,MOMENTUM IGNITION,71.11746753953771,59.99,0.07917986331055171,64.74000000000001,69.49,82.07246240601503,84.14285714285715,74.5,86.46428571428571,74.21052631578947,11.534193317801552,0.04044538485552751,0.01971783103858571,1.0737883534909771,0.2761917355919091,0.02271211868644772,EMERGING,fast-v1.2-quality-gated-2026-10-05
2025-11-25,IDC,Bất động sản,MOMENTUM IGNITION,MOMENTUM IGNITION,70.8286021685627,33.38,0.06530856800479334,35.56,37.74000000000001,69.06090225563909,77.71428571428574,80.5,76.10714285714286,48.94736842105263,3.0859207878852146,0.0038342981730699055,-0.03162170002901066,1.1602470610817803,0.04413002511179909,0.042121030557219906,NEUTRAL,fast-v1.2-quality-gated-2026-10-05
2025-11-26,DCL,Y tế,PULLBACK RECLAIM,PULLBACK RECLAIM,86.12470170834706,36.25,0.08,39.150000000000006,42.05,91.47097797685703,93.29787234042556,92.62411347517731,86.77304964539007,99.47368421052632,25.70522556766504,0.0492799768434764,0.07090103397341196,1.493254515965629,-0.22258116113714643,0.04882758620689656,LEADER,fast-v1.2-quality-gated-2026-10-05
2025-11-26,POW,"Điện, nước & xăng dầu khí đốt",PULLBACK RECLAIM,PULLBACK RECLAIM,72.30629493037104,12.58,0.07551669316375198,13.530000000000001,14.48,75.9991601343785,85.56737588652484,84.36170212765957,78.93617021276597,67.89473684210526,11.693100089901108,0.038296467481016894,0.020275750202757514,1.13181702146206,0.0513125229412289,0.027901430842607326,EMERGING,fast-v1.2-quality-gated-2026-10-05
2025-11-26,CII,Xây dựng và Vật liệu,PULLBACK RECLAIM,PULLBACK RECLAIM,69.0317544148652,26.6,0.08,28.728000000000005,30.855999999999998,75.92721164613661,82.69503546099294,75.81560283687944,73.90070921985816,54.210526315789465,20.190925508256704,0.08174054493696636,0.017208413001912115,1.212870652073984,0.22482820184869812,0.048872180451127824,EMERGING,fast-v1.2-quality-gated-2026-10-05
2025-11-26,PET,Bán lẻ,PULLBACK RECLAIM,PULLBACK RECLAIM,68.31498595898877,22.26,0.06873315363881405,23.790000000000003,25.320000000000004,73.88857782754758,74.89361702127661,75.56737588652481,71.66666666666666,82.36842105263158,1.1996415784741856,0.03489155954345757,-0.004472271914132242,0.9962376313732859,-0.008156498291954861,0.03831985624438452,NEUTRAL,fast-v1.2-quality-gated-2026-10-05
2025-11-27,GAS,"Điện, nước & xăng dầu khí đốt",PULLBACK RECLAIM,PULLBACK RECLAIM,80.22653599140033,63.0,0.03650793650793649,65.3,67.6,81.6764650989175,83.47517730496456,90.81560283687944,73.82978723404256,82.89473684210525,24.10789578831706,0.016210984756835467,0.01449275362318847,1.9563447835397543,-0.016848336167321454,0.023968253968253948,EMERGING,fast-v1.2-quality-gated-2026-10-05
2025-11-27,POW,"Điện, nước & xăng dầu khí đốt",MOMENTUM IGNITION,MOMENTUM IGNITION,75.59955596240897,12.62,0.06576862123613314,13.449999999999998,14.28,79.88391190742814,86.73758865248229,83.51063829787233,82.12765957446808,82.89473684210525,13.132244005278409,0.03787162301081448,0.02021018593371049,1.0178940217391304,0.05189197998260342,0.027456418383518238,EMERGING,fast-v1.2-quality-gated-2026-10-05
2025-11-27,PET,Bán lẻ,PULLBACK RECLAIM,PULLBACK RECLAIM,74.2906568530922,22.33,0.07165248544558878,23.93,25.529999999999994,76.54628592758492,82.1631205673759,74.14893617021276,74.39716312056737,76.57894736842105,16.9820716948199,0.034946236559139754,0.010864644635581566,0.894634787816349,0.024745602174520792,0.03880429914912671,EMERGING,fast-v1.2-quality-gated-2026-10-05
2025-11-27,DPR,Hóa chất,FAST BREAKOUT,FAST BREAKOUT,72.24853989865125,39.75,0.05660377358490565,42.0,44.25,78.17282568122432,86.24113475177306,89.8581560283688,82.34042553191489,52.10526315789474,16.73101693400416,0.03982734942122801,0.04057591623036649,2.9367073682969425,0.11505218024734348,0.026352201257861675,EMERGING,fast-v1.2-quality-gated-2026-10-05
2025-11-28,GAS,"Điện, nước & xăng dầu khí đốt",PULLBACK RECLAIM,PULLBACK RECLAIM,77.81485536460973,63.4,0.04258675078864349,66.1,68.8,80.84042553191489,82.51773049645391,89.07801418439716,76.70212765957446,79.99999999999999,20.82754562086967,0.021180639445920857,0.024232633279483107,1.55,0.06045304958589065,0.022791798107255505,EMERGING,fast-v1.2-quality-gated-2026-10-05
2025-11-28,PVT,Hàng & Dịch vụ Công nghiệp,MOMENTUM IGNITION,MOMENTUM IGNITION,75.14216842057525,17.16,0.053613053613053685,18.080000000000002,19.000000000000004,81.51577081000373,86.06382978723406,94.21985815602837,79.71631205673758,58.421052631578945,20.83693463505933,0.041072620275435456,0.04761904761904767,2.2849010525875184,0.07257695961993132,0.029720279720279713,EMERGING,fast-v1.2-quality-gated-2026-10-05
2025-11-28,CII,Xây dựng và Vật liệu,MOMENTUM IGNITION,MOMENTUM IGNITION,73.23586605890326,26.75,0.08,28.89,31.029999999999998,80.94036954087346,88.29787234042554,79.32624113475178,82.05673758865248,60.526315789473685,15.551192372600667,0.07841161056238666,0.017110266159695797,1.3083420260953866,0.21266132602362225,0.048317757009345805,EMERGING,fast-v1.2-quality-gated-2026-10-05
2025-11-28,PVD,Dầu khí,PULLBACK RECLAIM,PULLBACK RECLAIM,72.81948219942277,15.99,0.07254534083802378,17.150000000000002,18.310000000000002,82.49094811496826,84.9290780141844,81.45390070921987,88.67021276595744,53.42105263157894,8.030977766562032,0.054888507718696244,0.03696498054474717,0.91595396246609,-0.02261654329616747,0.04574734208880551,NEUTRAL,fast-v1.2-quality-gated-2026-10-05
2025-11-28,VGT,Hàng cá nhân & Gia dụng,PULLBACK RECLAIM,PULLBACK RECLAIM,72.23416147623638,12.12,0.04832920792079213,12.70575,13.2915,78.27076334453155,73.28014184397166,78.15602836879432,82.65957446808511,88.1578947368421,-3.6939327266322834,0.015585721468074354,0.0,0.8870113711987501,-0.01646593854203751,0.03221947194719475,NEUTRAL,fast-v1.2-quality-gated-2026-10-05
2025-11-28,PVS,Dầu khí,PULLBACK RECLAIM,PULLBACK RECLAIM,71.88976371976547,26.83,0.058926574729780065,28.410999999999998,29.991999999999994,72.63988428518104,79.14893617021278,76.17021276595746,75.99290780141844,53.42105263157894,13.121815345225528,0.016807837341064502,0.02170601675552164,0.8887608478050039,-0.03463825279769245,0.03928438315318671,EMERGING,fast-v1.2-quality-gated-2026-10-05
2025-12-01,DCL,Y tế,MOMENTUM IGNITION,MOMENTUM IGNITION,75.53380526635482,38.6,0.08,41.688,44.775999999999996,87.7424412094065,88.86524822695037,82.58865248226951,89.68085106382979,96.05263157894737,16.657241508025393,0.0907035885843459,0.13196480938416433,1.0918881238981861,0.2315917712183888,0.047150259067357515,LEADER,fast-v1.2-quality-gated-2026-10-05
2025-12-01,DBC,Thực phẩm và đồ uống,PULLBACK RECLAIM,PULLBACK RECLAIM,68.71243517135836,24.24,0.04909240924092395,25.429999999999996,26.61999999999999,78.43001119820829,86.95035460992911,89.68085106382978,75.56737588652483,67.89473684210526,0.6821575214632389,0.04417497684636751,0.010842368640533673,2.289588537547158,0.1160879679742654,0.023906765676567694,NEUTRAL,fast-v1.2-quality-gated-2026-10-05
2025-12-01,AAA,Hóa chất,MOMENTUM IGNITION,MOMENTUM IGNITION,66.94409874038753,8.05,0.05714285714285727,8.510000000000003,8.970000000000002,74.92571855169838,80.39007092198584,88.19148936170214,82.34042553191489,46.578947368421055,-9.081933557297504,0.026196698323666556,0.006250000000000089,1.2103473940418,0.02100215670292699,0.02708074534161489,NEUTRAL,fast-v1.2-quality-gated-2026-10-05
2025-12-02,PET,Bán lẻ,FAST BREAKOUT,FAST BREAKOUT,76.44275517156098,23.38,0.08,25.2504,27.120799999999996,86.70140977443609,95.25000000000001,89.0,79.96428571428571,82.10526315789474,31.325281954887217,0.0686290193569028,0.10283018867924532,2.452264103834016,0.09439097577390332,0.036206159110350696,LEADER,fast-v1.2-quality-gated-2026-10-05
2025-12-02,CII,Xây dựng và Vật liệu,MOMENTUM IGNITION,MOMENTUM IGNITION,65.18355899108813,26.6,0.06456766917293233,28.317500000000006,30.035,74.90498120300751,78.17857142857144,55.78571428571428,81.5,62.10526315789474,12.97875939849623,0.05860113421550084,0.05138339920948609,0.9122770124806863,0.1690331809482377,0.043045112781954886,EMERGING,fast-v1.2-quality-gated-2026-10-05
2025-12-02,DGC,Hóa chất,PULLBACK RECLAIM,PULLBACK RECLAIM,58.81878618423051,76.87,0.038275660205541795,79.81225,82.75450000000001,64.20667293233083,65.10714285714288,53.24999999999999,67.96428571428572,57.63157894736842,4.554511278195491,0.011134714923674904,0.02973878097789684,0.9300012604127279,-0.11153676966196657,0.025517106803694532,NEUTRAL,fast-v1.2-quality-gated-2026-10-05
2025-12-03,DGW,Bán lẻ,PULLBACK RECLAIM,PULLBACK RECLAIM,71.6756097083118,43.64,0.08,47.13120000000001,50.6224,83.2017543859649,82.71739130434784,81.84782608695653,79.38405797101447,91.8421052631579,0.5241694662187371,0.056940105112741835,0.02876001885902868,1.3525367445811538,0.10226648918972381,0.03872593950504125,NEUTRAL,fast-v1.2-quality-gated-2026-10-05
2025-12-03,AAA,Hóa chất,MOMENTUM IGNITION,MOMENTUM IGNITION,66.38772737363661,8.11,0.040690505548705236,8.44,8.769999999999998,73.51935545385203,75.72463768115942,84.20289855072464,78.80434782608695,48.421052631578945,3.6974069656101562,0.02957978925987037,0.008706467661691475,1.4647953537114482,0.01513345449466226,0.025400739827373592,NEUTRAL,fast-v1.2-quality-gated-2026-10-05
2025-12-03,GAS,"Điện, nước & xăng dầu khí đốt",MOMENTUM IGNITION,MOMENTUM IGNITION,66.09593532453624,64.5,0.058914728682170514,68.3,72.1,74.0840007627765,76.15942028985509,81.08695652173913,78.44202898550725,61.84210526315789,10.12739381988736,0.029775684521433643,0.040322580645161255,1.271478422191793,0.3238658084010456,0.02162790697674417,EMERGING,fast-v1.2-quality-gated-2026-10-05
2025-12-03,TPB,Ngân hàng,PULLBACK RECLAIM,PULLBACK RECLAIM,63.16785359639899,17.35,0.035230547550432256,17.96125,18.572499999999998,61.369469870328,69.85507246376814,71.01449275362319,54.239130434782616,64.73684210526315,10.899611714299631,0.014323297281496838,-0.002873563218390607,2.6073624293038424,0.04492919940369307,0.02348703170028817,NEUTRAL,fast-v1.2-quality-gated-2026-10-05
2025-12-03,NAB,Ngân hàng,FAST BREAKOUT,FAST BREAKOUT,62.394404820809385,12.4,0.04354838709677422,12.94,13.48,67.56512204424104,75.32608695652175,72.02898550724638,64.67391304347825,64.73684210526315,21.350583037148844,0.03139945934705768,0.045531197301855064,1.3716792170919898,0.03456154804203239,0.01689516129032257,EMERGING,fast-v1.2-quality-gated-2026-10-05
2025-12-04,PET,Bán lẻ,MOMENTUM IGNITION,MOMENTUM IGNITION,74.43947137907384,23.58,0.08,25.4664,27.352799999999995,85.06233192470226,90.40145985401462,87.4087591240876,77.88321167883213,89.73684210526316,8.516045997117345,0.06307199855732382,0.055978504254366346,1.6195418096827066,0.21524617804818552,0.03638676844783713,LEADER,fast-v1.2-quality-gated-2026-10-05
2025-12-04,CEO,Bất động sản,FAST BREAKOUT,FAST BREAKOUT,62.13810919625169,25.1,0.08,27.108000000000004,29.116,64.08999231655781,71.20437956204381,53.21167883211679,61.97080291970803,49.473684210526315,22.68293744533721,0.03637639869523923,0.023654159869494373,1.1102903251865799,0.12606047560008393,0.050398406374501985,NEUTRAL,fast-v1.2-quality-gated-2026-10-05
2025-12-04,TPB,Ngân hàng,PULLBACK RECLAIM,PULLBACK RECLAIM,61.953141423935406,17.6,0.042613636363636354,18.349999999999998,19.1,63.53803303880139,72.22627737226279,78.43065693430657,57.883211678832126,65.26315789473684,9.037939720399002,0.02683780630105015,0.014409221902017322,2.246539886983456,0.06453556785984894,0.02286931818181816,NEUTRAL,fast-v1.2-quality-gated-2026-10-05
2025-12-04,KSB,Xây dựng và Vật liệu,PULLBACK RECLAIM,PULLBACK RECLAIM,61.2730658969275,18.55,0.036590296495956846,19.228749999999998,19.9075,57.89934690741452,65.69343065693432,68.32116788321167,45.47445255474452,60.26315789473684,12.052669042539563,0.0006743088334457692,0.019230769230769384,1.1397697358784313,0.018772803352025108,0.024393530997304565,FADING,fast-v1.2-quality-gated-2026-10-05
2025-12-04,IDC,Bất động sản,PULLBACK RECLAIM,PULLBACK RECLAIM,60.936332405610074,34.17,0.08,36.903600000000004,39.6372,61.92575873991548,68.46715328467155,66.3138686131387,61.27737226277373,49.473684210526315,3.894590393517582,0.009587685216646324,0.02366686638705806,1.085320033950978,-0.09753357043763133,0.03784021071115013,NEUTRAL,fast-v1.2-quality-gated-2026-10-05
2025-12-04,DIG,Bất động sản,PULLBACK RECLAIM,PULLBACK RECLAIM,60.22794249089266,19.58,0.06230847803881512,20.799999999999997,22.02,55.212255090280436,69.05109489051097,62.627737226277375,48.284671532846716,49.473684210526315,20.023285325442814,0.015270540043037517,0.02728226652675758,1.2557663175158793,0.023964509281055896,0.03546986721144026,FADING,fast-v1.2-quality-gated-2026-10-05
2025-12-04,TCB,Ngân hàng,FAST BREAKOUT,FAST BREAKOUT,58.07905937488848,34.67,0.06345543697721379,36.870000000000005,39.07000000000001,61.85555128697657,75.21897810218981,64.08759124087591,54.05109489051096,65.26315789473684,24.08950052176567,0.0322446184535683,0.0486993345432547,1.2109410415990878,0.22190967689310692,0.019901932506489778,NEUTRAL,fast-v1.2-quality-gated-2026-10-05
2025-12-05,PC1,Xây dựng và Vật liệu,MOMENTUM IGNITION,MOMENTUM IGNITION,69.30620039979755,23.1,0.06493506493506496,24.600000000000005,26.1,76.9350686498856,84.71014492753623,81.44927536231884,68.40579710144928,75.78947368421052,19.299663648019227,0.04390265946629923,0.06451612903225823,3.367147912215426,0.11662101434794725,0.026385281385281394,EMERGING,fast-v1.2-quality-gated-2026-10-05
2025-12-05,EIB,Ngân hàng,PULLBACK RECLAIM,PULLBACK RECLAIM,63.63166495909454,22.75,0.07472527472527468,24.45,26.15,60.36918382913806,80.10869565217394,82.68115942028984,44.81884057971015,58.94736842105263,20.62072358277748,0.03562080345965635,0.03409090909090917,2.211858229044068,0.20616935167084233,0.029450549450549438,NEUTRAL,fast-v1.2-quality-gated-2026-10-05
2025-12-08,PC1,Xây dựng và Vật liệu,MOMENTUM IGNITION,MOMENTUM IGNITION,70.85400467716677,22.4,0.04104910714285716,23.319499999999998,24.238999999999997,71.29998106777737,77.62589928057555,73.09352517985612,63.84892086330935,70.78947368421052,14.392086330935257,0.00787401574803126,0.032258064516129004,1.3916564018829911,0.06017194435769835,0.02736607142857144,EMERGING,fast-v1.2-quality-gated-2026-10-05
2025-12-08,BVH,Bảo hiểm,FAST BREAKOUT,FAST BREAKOUT,70.63989654708173,55.6,0.08,60.04800000000001,64.496,76.92644831503219,82.1223021582734,89.78417266187051,64.49640287769785,87.10526315789473,42.09386152891797,0.040857396920484845,0.07961165048543695,2.9828213866176623,0.06276347658426099,0.027041366906474813,EMERGING,fast-v1.2-quality-gated-2026-10-05
2025-12-08,NT2,"Điện, nước & xăng dầu khí đốt",PULLBACK RECLAIM,PULLBACK RECLAIM,66.00762042427479,23.85,0.035,24.68475,25.519500000000004,66.43042408178721,68.5611510791367,63.884892086330936,73.12949640287769,51.31578947368421,11.161013854090307,0.0034711265383402523,0.010593220338983134,1.1771668993380124,-0.025033223895189166,0.023165618448637324,EMERGING,fast-v1.2-quality-gated-2026-10-05
2025-12-08,HHV,Xây dựng và Vật liệu,FAST BREAKOUT,FAST BREAKOUT,62.632607780455075,13.62,0.058002936857562304,14.409999999999998,15.199999999999996,69.40429761453996,80.93525179856117,68.48920863309353,63.27338129496403,70.78947368421052,9.218034083371606,0.038347183044903366,0.027924528301886742,1.7333657048166011,0.09427883966291925,0.0234214390602056,NEUTRAL,fast-v1.2-quality-gated-2026-10-05
2025-12-08,GAS,"Điện, nước & xăng dầu khí đốt",PULLBACK RECLAIM,PULLBACK RECLAIM,57.54356681002214,65.4,0.0718654434250765,70.10000000000001,74.80000000000001,72.44930897387354,68.79496402877699,82.01438848920864,80.2158273381295,51.31578947368421,-11.188895580064496,0.03735427075898179,0.0,1.1460827356766927,0.22255221905268974,0.020183486238532104,FADING,fast-v1.2-quality-gated-2026-10-05
2025-12-08,YEG,Truyền thông,PULLBACK RECLAIM,PULLBACK RECLAIM,56.13963689302792,11.73,0.055413469735720366,12.379999999999999,13.030000000000001,57.20957970465733,70.00000000000001,64.60431654676259,49.96402877697842,60.526315789473685,26.786847341835383,0.03320708182859167,0.0539083557951483,1.0281053396983972,0.08853868703399545,0.024467178175618064,FADING,fast-v1.2-quality-gated-2026-10-05
2025-12-09,FRT,Bán lẻ,MOMENTUM IGNITION,MOMENTUM IGNITION,75.58110847224216,147.15,0.08,158.92200000000003,170.694,84.76647103369936,88.52517985611513,84.10071942446042,87.55395683453239,83.15789473684211,10.882918402120424,0.044735851869732945,0.06553222302679229,1.5916089299461125,1.0868273525927692,0.03145769622833841,EMERGING,fast-v1.2-quality-gated-2026-10-05
2025-12-09,BVH,Bảo hiểm,MOMENTUM IGNITION,MOMENTUM IGNITION,71.82902510475103,55.0,0.08,59.400000000000006,63.8,74.73826202196136,79.38848920863312,81.79856115107913,65.28776978417267,84.4736842105263,22.732716909179402,0.027077497665733086,0.06382978723404253,1.8652217049530642,0.15973804781754286,0.028899999999999995,EMERGING,fast-v1.2-quality-gated-2026-10-05
2025-12-09,VHM,Bất động sản,MOMENTUM IGNITION,MOMENTUM IGNITION,67.08685106199201,51.76,0.06877897990726423,55.31999999999999,58.87999999999999,75.92625899280576,86.40287769784175,75.68345323741008,81.11510791366906,49.99999999999999,9.555582301076441,0.059667727835726936,0.006612213146635515,1.7004119240949864,0.5474624769231827,0.030882921174652248,NEUTRAL,fast-v1.2-quality-gated-2026-10-05
2025-12-09,HHV,Xây dựng và Vật liệu,MOMENTUM IGNITION,MOMENTUM IGNITION,63.36786402559308,13.76,0.06758720930232553,14.69,15.62,70.34456645210147,80.79136690647482,63.84892086330935,68.88489208633094,61.578947368421055,20.934228106236816,0.043649740225264466,0.03849056603773593,1.4362029094308475,0.10366887714293788,0.02420058139534885,EMERGING,fast-v1.2-quality-gated-2026-10-05
2025-12-09,HQC,Bất động sản,PULLBACK RECLAIM,PULLBACK RECLAIM,63.32688482849419,3.19,0.03996865203761757,3.3175000000000003,3.445,59.61151079136691,74.53237410071944,75.68345323741008,48.9568345323741,49.99999999999999,23.98369124249473,0.018355945730247347,0.025723472668810254,1.3773782691257883,0.015149138702378086,0.02664576802507838,FADING,fast-v1.2-quality-gated-2026-10-05
2025-12-09,VCG,Xây dựng và Vật liệu,PULLBACK RECLAIM,PULLBACK RECLAIM,62.05753418895511,21.73,0.04693971468016567,22.750000000000004,23.77,58.65571753123817,73.48920863309353,58.92086330935251,55.0,61.578947368421055,18.154307756802076,0.011615185866250766,0.03132415757000473,1.4137269209188528,0.13105609506097238,0.02158306488725266,FADING,fast-v1.2-quality-gated-2026-10-05
2025-12-10,HDB,Ngân hàng,MOMENTUM IGNITION,MOMENTUM IGNITION,77.04686682390656,24.79,0.03812020976200084,25.735,26.68,78.61785308595229,87.19424460431657,84.20863309352518,83.48920863309353,55.526315789473685,11.771933940261988,0.017714555493975492,-0.003216726980297624,1.5948090196538174,0.047504096426990494,0.025413473174667224,EMERGING,fast-v1.2-quality-gated-2026-10-05
2025-12-10,KSB,Xây dựng và Vật liệu,PULLBACK RECLAIM,PULLBACK RECLAIM,70.33254847383076,18.75,0.04266666666666674,19.550000000000004,20.35,65.30490344566452,79.3884892086331,81.58273381294964,60.50359712230216,65.52631578947368,12.852624650851403,0.009285425918449608,0.013513513513513598,1.126081227192864,0.0503843938951775,0.024133333333333316,EMERGING,fast-v1.2-quality-gated-2026-10-05
2025-12-10,BVH,Bảo hiểm,PULLBACK RECLAIM,PULLBACK RECLAIM,68.19892150208847,54.3,0.07182320441988943,58.199999999999996,62.09999999999999,67.600530102234,73.63309352517987,78.9928057553957,63.63309352517986,72.89473684210526,8.802475182325537,0.014573991031390232,0.016853932584269593,1.2468676607746851,0.16559838668237184,0.028508287292817673,NEUTRAL,fast-v1.2-quality-gated-2026-10-05
2025-12-10,YEG,Truyền thông,MOMENTUM IGNITION,MOMENTUM IGNITION,66.51226610615413,11.97,0.07435254803675861,12.860000000000001,13.750000000000002,70.38612268080273,83.77697841726619,83.02158273381295,59.964028776978424,73.68421052631578,29.231755785303108,0.04573450399685486,0.04907975460122693,1.0385309141618542,0.11522071057957745,0.02518796992481202,EMERGING,fast-v1.2-quality-gated-2026-10-05
2025-12-10,EIB,Ngân hàng,MOMENTUM IGNITION,MOMENTUM IGNITION,64.66328553218148,22.45,0.055679287305122505,23.699999999999996,24.95,60.412817114729265,77.41007194244605,77.84172661870504,48.453237410071935,55.526315789473685,8.383926954546197,0.012743881808954471,-0.004434589800443534,1.0572306024454396,0.1550729194655185,0.028507795100222694,NEUTRAL,fast-v1.2-quality-gated-2026-10-05
2025-12-11,HAG,Thực phẩm và đồ uống,PULLBACK RECLAIM,PULLBACK RECLAIM,87.62663285837898,18.1,0.06194751381215466,19.221249999999998,20.3425,86.42857142857143,91.07142857142858,90.67857142857143,84.60714285714286,75.0,21.770292519620227,0.005695235449368008,0.0027700831024930483,1.2848547353662199,-0.03731160882615209,0.04129834254143644,LEADER,fast-v1.2-quality-gated-2026-10-05
2025-12-11,KDC,Thực phẩm và đồ uống,PULLBACK RECLAIM,PULLBACK RECLAIM,78.00284135035416,51.17,0.035,52.96095,54.751900000000006,74.67142857142858,77.60714285714288,81.0,71.60714285714286,75.0,22.562419735470073,0.0004985873358815951,0.007680189050807362,0.9894104078565686,-0.005928344862238838,0.015917529802618714,EMERGING,fast-v1.2-quality-gated-2026-10-05
2025-12-11,BVH,Bảo hiểm,PULLBACK RECLAIM,PULLBACK RECLAIM,73.22061557503551,54.6,0.07692307692307698,58.80000000000001,63.00000000000001,72.21907894736842,77.82142857142858,81.75,69.5,78.15789473684211,30.764795428351903,0.020465377067563795,0.03409090909090917,1.119728225644235,0.17748311282491847,0.028571428571428567,EMERGING,fast-v1.2-quality-gated-2026-10-05
2025-12-11,FCN,Xây dựng và Vật liệu,MOMENTUM IGNITION,MOMENTUM IGNITION,72.5848725501821,15.46,0.08,16.696800000000003,17.9336,70.9296992481203,89.0357142857143,86.0,62.464285714285715,68.68421052631578,40.175219964805635,0.03366429311670527,0.04248145650708035,2.1053934761545916,0.1964366855622875,0.029721862871927532,EMERGING,fast-v1.2-quality-gated-2026-10-05
2025-12-12,MSR,Tài nguyên Cơ bản,MOMENTUM IGNITION,MOMENTUM IGNITION,76.7154511369635,25.46,0.07305577376276506,27.32,29.18,82.68487315410829,92.7697841726619,85.53956834532374,86.22302158273381,55.78947368421053,13.120323192247113,0.06772908366533859,0.0,1.9500011234019607,0.20235665794651148,0.04654359780047133,EMERGING,fast-v1.2-quality-gated-2026-10-05
2025-12-12,FCN,Xây dựng và Vật liệu,MOMENTUM IGNITION,MOMENTUM IGNITION,71.09500057671332,15.22,0.07095926412614983,16.3,17.380000000000003,68.42133661491859,79.24460431654677,63.63309352517986,67.66187050359711,70.26315789473685,32.85685359886782,0.016123109790699974,0.016700066800267255,1.2041787146721388,0.1493958636407508,0.032917214191852805,EMERGING,fast-v1.2-quality-gated-2026-10-05
2025-12-15,DBC,Thực phẩm và đồ uống,PULLBACK RECLAIM,PULLBACK RECLAIM,86.8864134129074,24.42,0.0397215397215398,25.390000000000004,26.360000000000007,88.17834153729648,93.38129496402878,96.51079136690647,83.56115107913669,83.1578947368421,23.143884892086334,0.020028821453186074,0.0036991368680643344,1.623602515717768,-0.012024364085569478,0.025614250614250652,LEADER,fast-v1.2-quality-gated-2026-10-05
2025-12-15,MSR,Tài nguyên Cơ bản,MOMENTUM IGNITION,MOMENTUM IGNITION,74.42199850588604,24.97,0.07178614337204647,26.762500000000003,28.555,78.95759182127982,83.45323741007196,77.26618705035972,84.64028776978418,53.421052631578945,13.61842105263159,0.042479908151549894,-0.02308294209702655,1.0460057323436467,0.1375958502027359,0.047857428914697644,EMERGING,fast-v1.2-quality-gated-2026-10-05
2025-12-16,VNM,Thực phẩm và đồ uống,PULLBACK RECLAIM,PULLBACK RECLAIM,77.17358094709677,62.22,0.062359369977499135,66.1,69.97999999999999,82.19632714880727,83.20143884892087,77.41007194244605,85.82733812949641,73.1578947368421,19.0863309352518,0.024366150806717224,0.02724120851906875,1.260085244354604,-0.22620573020384482,0.026880424300867862,EMERGING,fast-v1.2-quality-gated-2026-10-05
2025-12-16,DBC,Thực phẩm và đồ uống,PULLBACK RECLAIM,PULLBACK RECLAIM,73.52935977742345,24.64,0.048295454545454586,25.830000000000002,27.020000000000003,79.76377319197275,81.87050359712232,75.93525179856115,83.3453237410072,73.1578947368421,12.123201438848938,0.026559733361108284,0.023680930619027762,1.1723274344103125,0.021091246177106976,0.026095779220779255,EMERGING,fast-v1.2-quality-gated-2026-10-05
2025-12-16,PNJ,Hàng cá nhân & Gia dụng,FAST BREAKOUT,FAST BREAKOUT,71.0489263976242,60.98,0.05526402099048866,64.35,67.72,78.21052631578948,87.94964028776981,76.61870503597123,84.49640287769785,56.05263157894736,23.679572131768268,0.032002572390799955,0.04399931518575584,1.6661333113109187,0.0936559707329447,0.01974417841915382,EMERGING,fast-v1.2-quality-gated-2026-10-05
2025-12-16,NAF,Thực phẩm và đồ uống,MOMENTUM IGNITION,MOMENTUM IGNITION,69.99276080261669,34.75,0.07913669064748197,37.5,40.25,79.15316168118137,78.45323741007196,66.43884892086331,88.92086330935251,73.1578947368421,13.850719424460436,0.036694510739856634,0.02356406480117812,1.0900661901446311,0.2001260900975621,0.025179856115107934,EMERGING,fast-v1.2-quality-gated-2026-10-05
2025-12-16,GAS,"Điện, nước & xăng dầu khí đốt",PULLBACK RECLAIM,PULLBACK RECLAIM,67.87627181358988,64.3,0.051321928460342114,67.6,70.89999999999999,73.76978417266187,68.41726618705037,61.29496402877699,81.72661870503597,70.0,13.876088602801964,0.01692234698718953,0.004687499999999956,0.9794081242263981,-0.21037488911712654,0.020917573872472783,EMERGING,fast-v1.2-quality-gated-2026-10-05
2025-12-16,FCN,Xây dựng và Vật liệu,PULLBACK RECLAIM,PULLBACK RECLAIM,67.31458978846497,15.9,0.08,17.172,18.444,73.2725293449451,83.05755395683454,93.9568345323741,70.89928057553958,65.52631578947368,0.8812003029155733,0.05894105894105883,-0.009345794392523366,2.381903705910798,0.12561496340153705,0.03364779874213834,NEUTRAL,fast-v1.2-quality-gated-2026-10-05
2025-12-17,DBC,Thực phẩm và đồ uống,FAST BREAKOUT,FAST BREAKOUT,76.47970116652127,25.26,0.07165479018210619,27.07,28.880000000000006,86.58342868039664,93.91304347826089,95.94202898550724,85.8695652173913,75.26315789473685,17.85529539754924,0.049591756175596746,0.06898011002962345,2.2704756662926817,0.07843583654297645,0.02517814726840858,LEADER,fast-v1.2-quality-gated-2026-10-05
2025-12-17,CTG,Ngân hàng,MOMENTUM IGNITION,MOMENTUM IGNITION,70.91574592404665,34.17,0.035,35.36595,36.5619,70.45175438596492,76.81159420289856,80.1086956521739,72.82608695652175,46.8421052631579,11.243973242458665,0.006910167818361179,-0.00610820244328103,1.4099656468693833,0.02641390501346569,0.02089552238805969,EMERGING,fast-v1.2-quality-gated-2026-10-05
2025-12-17,HDB,Ngân hàng,PULLBACK RECLAIM,PULLBACK RECLAIM,69.57831778437063,24.75,0.0698989898989899,26.48,28.21,73.42276887871853,81.48550724637683,78.80434782608695,78.40579710144928,46.8421052631579,-5.195084207233762,0.008824668310677186,-0.0016135538523598392,1.5451541660767145,-0.05285341347993133,0.029050505050505073,NEUTRAL,fast-v1.2-quality-gated-2026-10-05
2025-12-17,VTZ,Hóa chất,MOMENTUM IGNITION,MOMENTUM IGNITION,65.03114139226027,19.0,0.05789473684210533,20.099999999999998,21.200000000000003,73.58552631578948,84.71014492753625,73.98550724637681,81.59420289855073,46.05263157894737,17.100956077243474,0.03683492496589369,0.04972375690607733,1.0753654060851823,0.07226989582356093,0.015526315789473643,EMERGING,fast-v1.2-quality-gated-2026-10-05
2025-12-17,SSB,Ngân hàng,MOMENTUM IGNITION,MOMENTUM IGNITION,64.90049237062829,14.48,0.035,14.986799999999999,15.4936,61.88472540045766,76.84782608695654,69.31159420289855,61.55797101449275,46.8421052631579,5.12118886126796,0.004509191814082714,0.0,0.9003247694285693,0.03079770713987183,0.020027624309392273,NEUTRAL,fast-v1.2-quality-gated-2026-10-05
2025-12-18,HDB,Ngân hàng,FAST BREAKOUT,FAST BREAKOUT,70.71947700233846,25.6,0.08,27.648000000000003,29.695999999999998,77.01491228070175,87.59259259259261,83.25925925925925,81.88888888888889,48.157894736842096,13.508709273182959,0.04117946110828674,0.045751633986928164,1.7634260173074725,0.031967728843305995,0.029472656250000014,EMERGING,fast-v1.2-quality-gated-2026-10-05
2025-12-18,SSB,Ngân hàng,MOMENTUM IGNITION,MOMENTUM IGNITION,68.43137645385244,14.48,0.035,14.986799999999999,15.4936,63.93620857699805,79.46296296296298,77.2962962962963,60.92592592592593,48.157894736842096,8.142505569479255,0.003186919772758756,0.0,1.1583088972198508,0.02927180547363699,0.02044198895027625,NEUTRAL,fast-v1.2-quality-gated-2026-10-05
2025-12-19,VPL,Du lịch và Giải trí,PULLBACK RECLAIM,PULLBACK RECLAIM,78.36008986000044,93.8,0.08,101.304,108.80799999999999,85.04931773879142,86.81481481481484,76.66666666666666,83.51851851851853,77.89473684210526,9.32033250592508,0.010285960471754008,0.10743801652892548,0.9497334886512054,-1.2827864192914213,0.07020255863539447,LEADER,fast-v1.2-quality-gated-2026-10-05
2025-12-19,YEG,Truyền thông,MOMENTUM IGNITION,MOMENTUM IGNITION,68.92052924503471,12.44,0.08,13.4352,14.430399999999999,74.48128654970759,92.37037037037038,91.92592592592592,71.55555555555554,73.68421052631578,12.75542513357734,0.06895810955961323,0.11369740376007154,2.24625813851307,0.12656205092910625,0.035369774919614135,EMERGING,fast-v1.2-quality-gated-2026-10-05
2025-12-19,HDB,Ngân hàng,MOMENTUM IGNITION,MOMENTUM IGNITION,66.31179269426792,25.95,0.08,28.026,30.101999999999997,78.41198830409357,88.59259259259262,79.33333333333334,84.44444444444444,48.421052631578945,14.037272287433211,0.051373470545336586,0.11469072164948435,1.3505222517707172,0.10483191410228335,0.028863198458574196,EMERGING,fast-v1.2-quality-gated-2026-10-05
2025-12-22,DCL,Y tế,PULLBACK RECLAIM,PULLBACK RECLAIM,76.42985649537212,43.15,0.08,46.602000000000004,50.053999999999995,88.29160216718266,88.60294117647061,82.83088235294117,92.8125,95.26315789473685,13.103983840791145,0.08498868493839584,0.07740324594257175,1.4021824571137929,-0.06529801146706049,0.043626882966396316,LEADER,fast-v1.2-quality-gated-2026-10-05
2025-12-22,PVS,Dầu khí,PULLBACK RECLAIM,PULLBACK RECLAIM,74.81510285809664,27.58,0.08,29.7864,31.992799999999995,78.81743421052632,82.9044117647059,74.04411764705883,82.83088235294117,82.36842105263158,20.565162343809163,0.03616042077580528,0.0677506775067751,1.4733832959901105,0.07305784851892871,0.0349891225525743,EMERGING,fast-v1.2-quality-gated-2026-10-05
2025-12-22,GAS,"Điện, nước & xăng dầu khí đốt",PULLBACK RECLAIM,PULLBACK RECLAIM,67.01952243998181,65.3,0.06584992343032159,69.6,73.89999999999999,76.83020510835914,76.06617647058825,81.875,81.80147058823529,60.26315789473685,8.047641685413282,0.026003613795270608,0.05152979066022545,1.3138701320320871,0.007922636884235668,0.0222052067381317,NEUTRAL,fast-v1.2-quality-gated-2026-10-05
2025-12-22,PVD,Dầu khí,MOMENTUM IGNITION,MOMENTUM IGNITION,65.3716940411634,16.71,0.08,18.0468,19.3836,79.84316950464395,80.51470588235297,56.25,89.87132352941177,82.36842105263158,30.540537925696583,0.07625917815277616,0.15241379310344838,0.9696598158400558,0.09815057681958128,0.03836026331538001,EMERGING,fast-v1.2-quality-gated-2026-10-05
2025-12-22,MBB,Ngân hàng,PULLBACK RECLAIM,PULLBACK RECLAIM,65.36241137186535,20.22,0.069238377843719,21.619999999999994,23.019999999999996,72.46604102167183,77.83088235294119,73.52941176470588,73.30882352941177,66.05263157894736,16.753337500278413,0.03862749126772158,0.06309148264984232,1.0981613979018294,0.06419593989588282,0.026409495548961427,EMERGING,fast-v1.2-quality-gated-2026-10-05
2025-12-22,YEG,Truyền thông,MOMENTUM IGNITION,MOMENTUM IGNITION,65.31057612302483,12.39,0.08,13.381200000000002,14.372399999999999,69.49274380804953,84.77941176470588,82.46323529411764,67.79411764705881,72.10526315789474,16.53647724235472,0.06083308360803108,0.12330009066183156,1.50336853656743,0.12501358043832778,0.03551251008878126,EMERGING,fast-v1.2-quality-gated-2026-10-05
2025-12-22,CTG,Ngân hàng,PULLBACK RECLAIM,PULLBACK RECLAIM,63.387300644529695,34.62,0.035528596187174966,35.849999999999994,37.07999999999999,70.12596749226006,65.66176470588238,79.85294117647061,69.33823529411765,66.05263157894736,3.301753179499755,0.016695299766529947,0.02335205438959509,1.4589467202782085,0.010836685259945134,0.02189485846331598,NEUTRAL,fast-v1.2-quality-gated-2026-10-05
2025-12-23,PVS,Dầu khí,FAST BREAKOUT,FAST BREAKOUT,76.77300912021381,28.5,0.08,30.78,33.059999999999995,85.93148148148148,92.66666666666667,84.88888888888889,86.81481481481481,85.0,16.550565161905567,0.06546039104265566,0.06542056074766345,2.840770780151011,0.15616548161683308,0.035245614035087684,LEADER,fast-v1.2-quality-gated-2026-10-05
2025-12-23,PLX,Dầu khí,MOMENTUM IGNITION,MOMENTUM IGNITION,74.70153073004556,34.37,0.06459121326738437,36.589999999999996,38.81,80.6111111111111,86.22222222222224,87.40740740740739,78.25925925925925,85.0,12.237389036139504,0.028564588289865522,0.034929238181270694,2.232331119421622,0.09511468868332082,0.021443118999127132,EMERGING,fast-v1.2-quality-gated-2026-10-05
2025-12-23,GAS,"Điện, nước & xăng dầu khí đốt",FAST BREAKOUT,FAST BREAKOUT,73.28242970808974,65.3,0.06584992343032159,69.6,73.89999999999999,80.14385964912282,80.33333333333334,89.33333333333334,81.7037037037037,66.05263157894737,6.374075476460945,0.022389228119617854,0.015552099533437058,1.4879016985336435,0.08358187239029236,0.02304747320061256,NEUTRAL,fast-v1.2-quality-gated-2026-10-05
2025-12-23,YEG,Truyền thông,MOMENTUM IGNITION,MOMENTUM IGNITION,72.25033178290062,12.06,0.08,13.0248,13.9896,68.94035087719298,83.77777777777779,83.11111111111111,64.74074074074075,72.36842105263158,27.978404644705293,0.029493362926288125,0.06631299734748008,1.7105795866183677,0.09588327384526857,0.03785240464344939,EMERGING,fast-v1.2-quality-gated-2026-10-05
2025-12-23,NT2,"Điện, nước & xăng dầu khí đốt",MOMENTUM IGNITION,MOMENTUM IGNITION,68.65198812263891,24.2,0.07644628099173545,26.049999999999997,27.899999999999995,73.61793372319688,80.40740740740742,71.55555555555556,78.2962962962963,66.05263157894737,19.761818615283218,0.025423728813559254,0.05446623093681913,1.4568653197032921,0.07864835591190139,0.021177685950413208,EMERGING,fast-v1.2-quality-gated-2026-10-05
2025-12-23,BVH,Bảo hiểm,MOMENTUM IGNITION,MOMENTUM IGNITION,68.59927214620303,56.0,0.08,60.480000000000004,64.96,76.44668615984406,79.59259259259261,70.40740740740742,76.18518518518519,87.63157894736842,12.904845947803167,0.048002245719097836,0.048689138576779145,1.2693172315678587,0.2273608267733508,0.03151785714285713,EMERGING,fast-v1.2-quality-gated-2026-10-05
2025-12-23,VND,Dịch vụ tài chính,MOMENTUM IGNITION,MOMENTUM IGNITION,59.40451557260706,19.39,0.08,20.941200000000002,22.4924,62.67729044834307,83.00000000000001,72.92592592592592,56.48148148148148,49.210526315789465,17.700955726646747,0.05901308064119726,0.055525313010343025,1.3283347241364745,0.2526590056387244,0.03091799896854046,NEUTRAL,fast-v1.2-quality-gated-2026-10-05
2025-12-24,DCL,Y tế,MOMENTUM IGNITION,MOMENTUM IGNITION,80.59227583525526,42.5,0.08,45.900000000000006,49.3,87.46101364522416,89.2962962962963,81.5925925925926,88.55555555555556,96.84210526315789,8.417153996101348,0.04518905625576397,0.04938271604938271,1.2635273135229985,0.09039789410560717,0.04882352941176471,LEADER,fast-v1.2-quality-gated-2026-10-05
2025-12-24,GAS,"Điện, nước & xăng dầu khí đốt",PULLBACK RECLAIM,PULLBACK RECLAIM,74.2235290438981,66.1,0.07715582450832059,71.19999999999999,76.29999999999997,81.99775828460038,85.96296296296296,90.66666666666667,82.74074074074075,67.36842105263158,15.570794135096193,0.03160358954350362,0.05087440381558017,1.4318134928821953,0.1734312785999309,0.02307110438729198,EMERGING,fast-v1.2-quality-gated-2026-10-05
2025-12-24,VPL,Du lịch và Giải trí,MOMENTUM IGNITION,MOMENTUM IGNITION,73.31742823172075,102.0,0.08,110.16000000000001,118.32,84.13986354775827,91.33333333333336,85.5185185185185,89.48148148148148,56.57894736842105,8.623082464615635,0.06622066586525888,0.16040955631399312,1.117423876602144,0.42152879530759124,0.06681372549019608,NEUTRAL,fast-v1.2-quality-gated-2026-10-05
2025-12-24,MBB,Ngân hàng,MOMENTUM IGNITION,MOMENTUM IGNITION,70.12268107710725,20.26,0.07107601184600199,21.700000000000003,23.14,74.14795321637428,78.8888888888889,76.37037037037037,73.00000000000001,73.6842105263158,17.784966946351396,0.03156822810590665,0.0368474923234392,1.007369180590022,0.07896814515589888,0.026850937808489628,EMERGING,fast-v1.2-quality-gated-2026-10-05
2025-12-24,CTG,Ngân hàng,PULLBACK RECLAIM,PULLBACK RECLAIM,66.38484037638277,34.76,0.039413118527042545,36.129999999999995,37.49999999999999,72.69610136452242,71.92592592592594,77.40740740740742,68.85185185185185,73.6842105263158,2.244346978557502,0.0160920212221749,0.017266608135791506,1.129953647439907,0.04459647239267556,0.022180667433831965,NEUTRAL,fast-v1.2-quality-gated-2026-10-05
2025-12-24,VPB,Ngân hàng,PULLBACK RECLAIM,PULLBACK RECLAIM,65.07086269968944,28.79,0.08,31.0932,33.3964,63.39424951267057,74.00000000000001,69.88888888888889,55.07407407407409,73.6842105263158,15.976915416560722,0.01643453547282392,0.046528535078153244,1.0671811345636768,0.08730634728115133,0.028551580409864528,NEUTRAL,fast-v1.2-quality-gated-2026-10-05
2025-12-24,AGR,Dịch vụ tài chính,MOMENTUM IGNITION,MOMENTUM IGNITION,63.495346758237844,16.5,0.08,17.82,19.139999999999997,67.84873294346978,78.70370370370374,77.14814814814815,64.22222222222223,53.947368421052616,35.13440751722813,0.04978527119452858,0.05769230769230771,1.1297643638085966,0.14398666790635561,0.03121212121212124,EMERGING,fast-v1.2-quality-gated-2026-10-05
2025-12-24,FTS,Dịch vụ tài chính,MOMENTUM IGNITION,MOMENTUM IGNITION,61.83708296801345,29.97,0.0637303970637304,31.88,33.79,62.3635477582846,75.03703703703705,71.33333333333333,56.18518518518519,53.947368421052616,25.19554623273158,0.027548728849879245,0.05491024287222812,1.1827577069163502,0.22566687399165547,0.02691024357691025,NEUTRAL,fast-v1.2-quality-gated-2026-10-05
2025-12-25,VPL,Du lịch và Giải trí,MOMENTUM IGNITION,MOMENTUM IGNITION,83.81696580312985,99.0,0.08,106.92,114.83999999999999,89.85332817337462,93.56617647058825,90.36764705882354,87.16911764705883,88.42105263157896,11.894166380002304,0.029748283752860205,0.11486486486486491,1.5484485489765702,0.40335856834039685,0.07126262626262628,LEADER,fast-v1.2-quality-gated-2026-10-05
2025-12-25,MWG,Bán lẻ,MOMENTUM IGNITION,MOMENTUM IGNITION,71.97210299333825,84.68,0.08,91.4544,98.2288,80.5235100619195,83.52941176470591,78.08823529411765,79.59558823529412,71.57894736842104,18.45323715743607,0.035625619137305,0.05388923459863104,1.2461594614698694,0.5475031425958884,0.02553141237600379,EMERGING,fast-v1.2-quality-gated-2026-10-05
2025-12-25,HAG,Thực phẩm và đồ uống,MOMENTUM IGNITION,MOMENTUM IGNITION,69.96143001641433,18.25,0.07397260273972606,19.6,20.950000000000003,72.51044891640866,79.55882352941178,69.55882352941177,78.12500000000001,62.368421052631575,13.74397718151588,0.023555804823331306,0.04285714285714293,1.402708633178397,0.03299302161040668,0.03273972602739729,EMERGING,fast-v1.2-quality-gated-2026-10-05
2025-12-25,PAN,Thực phẩm và đồ uống,PULLBACK RECLAIM,PULLBACK RECLAIM,67.21241832171846,21.42,0.035,22.1697,22.919400000000003,63.12441950464397,77.05882352941178,75.25735294117646,62.86764705882353,62.368421052631575,9.324614436417846,0.010782625109124089,0.007052186177715303,1.567548830479865,0.09749184028835184,0.022268907563025214,NEUTRAL,fast-v1.2-quality-gated-2026-10-05
2025-12-25,BVB,Ngân hàng,MOMENTUM IGNITION,MOMENTUM IGNITION,66.92818976961863,13.4,0.06716417910447758,14.299999999999999,15.2,65.12558049535605,75.58823529411767,85.73529411764707,59.669117647058826,52.631578947368425,27.072376834028816,0.01823708206686936,0.03875968992248069,1.4566357954286235,0.0895149885077479,0.023880597014925405,EMERGING,fast-v1.2-quality-gated-2026-10-05
2025-12-25,BID,Ngân hàng,FAST BREAKOUT,FAST BREAKOUT,63.32597111383459,35.9,0.05013927576601662,37.699999999999996,39.49999999999999,69.92705108359132,76.28676470588238,81.32352941176471,69.375,52.631578947368425,8.467694358445137,0.028859656664660394,0.021046643913538166,1.7536978248089359,0.14277463903555362,0.016963788300835645,NEUTRAL,fast-v1.2-quality-gated-2026-10-05
2025-12-26,BVH,Bảo hiểm,MOMENTUM IGNITION,MOMENTUM IGNITION,74.87233478553769,55.9,0.08,60.372,64.844,79.71567505720824,82.17391304347828,73.15217391304348,79.34782608695653,90.26315789473685,15.535947961691676,0.03614457831325302,0.03518518518518521,1.3917681294830992,0.2254265592252811,0.034525939177101964,EMERGING,fast-v1.2-quality-gated-2026-10-05
2025-12-26,HNG,Thực phẩm và đồ uống,FAST BREAKOUT,FAST BREAKOUT,73.02528155906303,6.2,0.08,6.696000000000001,7.191999999999999,77.36541762013731,87.24637681159422,89.56521739130436,71.8840579710145,61.05263157894737,27.070169608020684,0.05982905982905984,0.08771929824561409,6.37305947665145,0.036709150493320554,0.04596774193548389,EMERGING,fast-v1.2-quality-gated-2026-10-05
2025-12-26,PET,Bán lẻ,FAST BREAKOUT,FAST BREAKOUT,71.97711560980342,22.97,0.08,24.8076,26.645199999999996,76.67896643783371,79.31159420289856,74.09420289855072,67.31884057971016,73.94736842105262,27.60226078481226,0.03180307250022474,0.09017560512577116,1.2215950137758889,0.05004813602253799,0.04886808881149324,EMERGING,fast-v1.2-quality-gated-2026-10-05
2025-12-26,MWG,Bán lẻ,MOMENTUM IGNITION,MOMENTUM IGNITION,70.76415127220929,85.67,0.08,92.5236,99.3772,81.61556064073226,84.23913043478262,75.94202898550724,82.71739130434783,73.94736842105262,12.744410543266369,0.04327388527275278,0.04949160847727563,1.367657719791903,0.5446970890103008,0.02724991245476831,EMERGING,fast-v1.2-quality-gated-2026-10-05
2025-12-26,PVS,Dầu khí,PULLBACK RECLAIM,PULLBACK RECLAIM,68.67867428329482,28.08,0.08,30.3264,32.572799999999994,77.63196033562167,78.94927536231886,62.355072463768124,84.42028985507244,84.21052631578948,4.9572040003390185,0.043090638930163516,0.043090638930163294,1.26318940863053,0.11665923418797419,0.03735754985754984,NEUTRAL,fast-v1.2-quality-gated-2026-10-05
2025-12-26,PLX,Dầu khí,PULLBACK RECLAIM,PULLBACK RECLAIM,67.67641819237052,34.32,0.06322843822843827,36.49,38.660000000000004,75.14826468344775,74.45652173913045,61.92028985507247,78.69565217391305,84.21052631578948,6.180915755572514,0.02117023967151166,0.019910846953937744,1.143787613094163,0.08328335717685792,0.02274184149184148,NEUTRAL,fast-v1.2-quality-gated-2026-10-05
2025-12-26,FTS,Dịch vụ tài chính,PULLBACK RECLAIM,PULLBACK RECLAIM,65.73686084090221,30.64,0.08,33.0912,35.5424,71.64654843630815,81.66666666666669,87.82608695652173,66.59420289855072,54.47368421052631,6.3690630561911945,0.046197971796360315,0.005909389363099038,2.456181549486811,0.22851208138493978,0.0287369451697128,NEUTRAL,fast-v1.2-quality-gated-2026-10-05
2025-12-26,BSR,Dầu khí,MOMENTUM IGNITION,MOMENTUM IGNITION,65.59317498867665,16.07,0.08,17.355600000000003,18.641199999999998,75.78413424866514,76.44927536231886,81.3768115942029,66.55797101449276,84.21052631578948,6.744563098567681,0.06564986737400513,0.019023462270133296,1.4565845530527308,0.20297131348755298,0.03593652769135035,NEUTRAL,fast-v1.2-quality-gated-2026-10-05
2025-12-29,PLX,Dầu khí,FAST BREAKOUT,FAST BREAKOUT,75.89753835495861,35.24,0.08,38.059200000000004,40.8784,82.67547061083364,91.02189781021899,92.26277372262774,81.53284671532846,89.73684210526316,14.358036400307327,0.04546465920047482,0.03403755868544622,2.7765115932206936,0.14565587573758115,0.023311577752553894,EMERGING,fast-v1.2-quality-gated-2026-10-05
2025-12-29,ELC,Công nghệ Thông tin,MOMENTUM IGNITION,MOMENTUM IGNITION,73.46342436830582,22.68,0.07627865961199298,24.409999999999997,26.14,83.19083749519784,85.94890510948906,87.5912408759124,92.2992700729927,57.368421052631575,4.564386256807751,0.05107053480396706,-0.00613496932515345,1.151042320430253,0.02613234353688587,0.032649911816578496,NEUTRAL,fast-v1.2-quality-gated-2026-10-05
2025-12-29,NT2,"Điện, nước & xăng dầu khí đốt",PULLBACK RECLAIM,PULLBACK RECLAIM,71.86421465733348,24.45,0.08,26.406000000000002,28.362,78.80887437572032,81.42335766423359,81.2043795620438,80.98540145985402,72.89473684210526,9.300360443831778,0.029148689887404045,0.008247422680412342,1.6514166998187685,0.08532525439964306,0.021472392638036797,NEUTRAL,fast-v1.2-quality-gated-2026-10-05
2025-12-29,POW,"Điện, nước & xăng dầu khí đốt",FAST BREAKOUT,FAST BREAKOUT,68.73601114311569,13.0,0.08,14.040000000000001,15.079999999999998,79.61179408374952,81.86131386861315,81.56934306569343,77.00729927007299,72.89473684210526,9.18232426950803,0.050123187527767676,0.023622047244094446,1.8894881918812207,0.06667813695847177,0.027692307692307704,NEUTRAL,fast-v1.2-quality-gated-2026-10-05
2025-12-29,MCH,Thực phẩm và đồ uống,PULLBACK RECLAIM,PULLBACK RECLAIM,68.45786157097199,176.51,0.04130077615999084,183.79999999999998,191.08999999999995,75.53851325393777,85.40145985401462,77.11678832116789,83.94160583941607,48.15789473684211,-1.4150081394738265,0.016145142209083696,0.03914988814317666,1.9576486326254503,-1.1749491259292908,0.022010084414480782,NEUTRAL,fast-v1.2-quality-gated-2026-10-05
2025-12-29,HNG,Thực phẩm và đồ uống,MOMENTUM IGNITION,MOMENTUM IGNITION,66.22287197030793,6.2,0.08,6.696000000000001,7.191999999999999,70.61698040722244,78.1021897810219,75.62043795620437,70.65693430656935,48.15789473684211,18.545327089144635,0.05621805792163559,0.06896551724137945,1.0617107022285488,0.04745965975909277,0.048387096774193575,EMERGING,fast-v1.2-quality-gated-2026-10-05
2025-12-30,HNG,Thực phẩm và đồ uống,MOMENTUM IGNITION,MOMENTUM IGNITION,72.64753093736485,6.0,0.06750000000000003,6.405000000000001,6.8100000000000005,70.36245740249906,77.76978417266189,84.1726618705036,65.35971223021583,55.526315789473685,24.057096778717387,0.020408163265306145,0.016949152542372836,1.538801361581816,0.038959812894258886,0.04500000000000002,EMERGING,fast-v1.2-quality-gated-2026-10-05
2025-12-30,BID,Ngân hàng,FAST BREAKOUT,FAST BREAKOUT,71.2365235094066,36.45,0.06447187928669418,38.80000000000001,41.150000000000006,77.7152593714502,87.44604316546764,88.92086330935251,75.50359712230217,63.68421052631579,19.14469406930595,0.03626206484811445,0.03668941979522211,2.228358020369653,0.17739543307338798,0.018052126200274334,EMERGING,fast-v1.2-quality-gated-2026-10-05
2025-12-30,CTG,Ngân hàng,PULLBACK RECLAIM,PULLBACK RECLAIM,68.90020525718944,35.11,0.04898889205354595,36.83,38.55,73.02820901173797,79.42446043165468,75.32374100719426,73.59712230215828,63.68421052631579,5.1780140799641,0.017297829803262665,0.018566869741804437,0.9169876895300009,0.06968281652181729,0.024195385929934473,NEUTRAL,fast-v1.2-quality-gated-2026-10-05
2025-12-30,MCH,Thực phẩm và đồ uống,PULLBACK RECLAIM,PULLBACK RECLAIM,68.86416406225338,177.4,0.04611048478015789,185.58,193.76000000000002,76.61965164710337,84.28057553956837,72.19424460431655,85.93525179856114,55.526315789473685,1.4754827716773917,0.01959589747716106,0.0346436486644115,1.158280129504675,-1.0024292957435836,0.02212795941375424,NEUTRAL,fast-v1.2-quality-gated-2026-10-05
2025-12-31,ABB,Ngân hàng,PULLBACK RECLAIM,PULLBACK RECLAIM,79.23575276660158,12.75,0.04941176470588238,13.379999999999999,14.01,83.31156358048405,89.9270072992701,91.53284671532847,89.45255474452554,57.10526315789474,14.309906660406071,0.029055690072639306,0.01918465227817756,3.6937686171379887,-0.02393382526821275,0.02898039215686275,EMERGING,fast-v1.2-quality-gated-2026-10-05
2025-12-31,DCL,Y tế,PULLBACK RECLAIM,PULLBACK RECLAIM,77.47292542512827,43.0,0.07906976744186045,46.39999999999999,49.8,85.03399923165577,86.9343065693431,81.89781021897811,86.42335766423356,93.94736842105263,-2.4270144135683864,0.037019172796334265,0.0117647058823529,1.9629061788303241,-0.1797792175557389,0.04296511627906977,LEADER,fast-v1.2-quality-gated-2026-10-05
2025-12-31,ELC,Công nghệ Thông tin,MOMENTUM IGNITION,MOMENTUM IGNITION,77.15220701918086,23.0,0.06478260869565211,24.490000000000002,25.979999999999997,84.79984633115636,88.75912408759126,81.78832116788321,93.72262773722629,64.47368421052632,19.269534440318154,0.04919827566544255,0.03790613718411562,1.020032054983072,0.03276837333155358,0.032500000000000015,EMERGING,fast-v1.2-quality-gated-2026-10-05
2025-12-31,PVD,Dầu khí,MOMENTUM IGNITION,MOMENTUM IGNITION,71.13811829865391,16.98,0.08,18.3384,19.6968,82.63868613138686,85.7299270072993,68.39416058394161,89.56204379562044,80.0,8.792682232751389,0.07028049164828243,0.025362318840579823,1.0275820316294895,0.08555846807564704,0.0383097762073027,NEUTRAL,fast-v1.2-quality-gated-2026-10-05
2025-12-31,PET,Bán lẻ,PULLBACK RECLAIM,PULLBACK RECLAIM,66.84943321055403,23.72,0.08,25.6176,27.515199999999997,73.20937379946216,77.40875912408761,78.61313868613139,75.00000000000001,62.10526315789473,31.57204436476431,0.06410659010362929,0.12204351939451263,1.0479417636958233,0.2257554027344105,0.046606239460370985,EMERGING,fast-v1.2-quality-gated-2026-10-05
2025-12-31,VTZ,Hóa chất,FAST BREAKOUT,FAST BREAKOUT,65.9131160949231,19.5,0.0461538461538461,20.4,21.299999999999997,75.51440645409143,82.22627737226279,75.65693430656934,84.59854014598541,46.84210526315789,10.819572146099233,0.037234042553191404,0.015625,1.1490779216319242,0.05357683390135032,0.0174358974358974,EMERGING,fast-v1.2-quality-gated-2026-10-05
2025-12-31,MBB,Ngân hàng,PULLBACK RECLAIM,PULLBACK RECLAIM,64.686065493588,20.26,0.043435340572556935,21.140000000000004,22.02000000000001,69.0898482520169,75.0182481751825,75.14598540145985,72.51824817518249,57.10526315789474,-5.058104964357369,0.017170398634401174,0.0,1.027809989232171,0.029315840721664627,0.026554787759131303,NEUTRAL,fast-v1.2-quality-gated-2026-10-05
2025-12-31,CTG,Ngân hàng,PULLBACK RECLAIM,PULLBACK RECLAIM,59.76996048017419,35.21,0.05026980971314976,36.980000000000004,38.75000000000001,67.14915482135997,71.021897810219,65.94890510948906,75.62043795620437,57.10526315789474,-5.5469465431624485,0.020476183575579343,0.012945914844649131,0.9335521643943792,0.08467836100093515,0.021456972451008215,NEUTRAL,fast-v1.2-quality-gated-2026-10-05
2026-01-05,PVC,Dầu khí,PULLBACK RECLAIM,PULLBACK RECLAIM,77.47883527736022,11.6,0.08,12.528,13.456,83.34642719938532,89.05109489051097,91.82481751824818,76.60583941605839,90.26315789473685,35.614204355040414,0.061299176578225145,0.06422018348623837,3.729565714222318,0.08316155917801021,0.03793103448275863,EMERGING,fast-v1.2-quality-gated-2026-10-05
2026-01-05,PLX,Dầu khí,PULLBACK RECLAIM,PULLBACK RECLAIM,77.35109490501605,35.04,0.04680365296803657,36.68000000000001,38.32,83.15299654245102,88.50364963503651,93.13868613138686,80.25547445255474,90.26315789473685,11.016483384556281,0.03517038656405558,0.03546099290780136,2.8867268375125685,0.10747754758548572,0.025542237442922364,EMERGING,fast-v1.2-quality-gated-2026-10-05
2026-01-05,BSR,Dầu khí,MOMENTUM IGNITION,MOMENTUM IGNITION,73.80335635077458,16.07,0.08,17.355600000000003,18.641199999999998,76.16394544756051,80.87591240875915,90.03649635036498,68.02919708029198,90.26315789473685,15.121182289665768,0.05239030779305831,0.022264631043257044,1.7031489352937694,0.12890849445710245,0.040199128811449936,EMERGING,fast-v1.2-quality-gated-2026-10-05
2026-01-05,OIL,Dầu khí,FAST BREAKOUT,FAST BREAKOUT,73.74519360238918,11.04,0.0625,11.729999999999999,12.419999999999998,83.34825201690357,89.81751824817519,97.22627737226279,77.5912408759124,90.26315789473685,,0.04530606447947738,0.04644549763033168,3.584958427480035,0.0488519239344504,0.028125000000000008,NEUTRAL,fast-v1.2-quality-gated-2026-10-05
2026-01-05,HNG,Thực phẩm và đồ uống,PULLBACK RECLAIM,PULLBACK RECLAIM,71.38678344499557,6.4,0.08,6.912000000000001,7.4239999999999995,78.40558970418749,87.84671532846717,92.84671532846716,75.87591240875913,47.89473684210526,36.03624953390885,0.0819949281487744,0.06666666666666665,4.151724810929495,0.05057575183171374,0.04609375,EMERGING,fast-v1.2-quality-gated-2026-10-05
2026-01-05,NT2,"Điện, nước & xăng dầu khí đốt",MOMENTUM IGNITION,MOMENTUM IGNITION,69.47602098195499,24.35,0.045174537987679675,25.45,26.55,76.11006530925854,75.32846715328469,74.67153284671532,76.05839416058394,74.47368421052632,8.762735587896316,0.02192844402476135,0.008281573498964967,1.7084116308970427,0.06054947825357351,0.02145790554414782,NEUTRAL,fast-v1.2-quality-gated-2026-10-05
2026-01-05,MBB,Ngân hàng,PULLBACK RECLAIM,PULLBACK RECLAIM,67.90481743198144,20.3,0.0453201970443351,21.220000000000002,22.140000000000004,67.50153668843642,79.96350364963506,80.43795620437956,73.39416058394161,50.26315789473684,6.524853251903906,0.019895498392282773,0.013986013986013957,1.7570261860468996,0.03468162923915044,0.02709359605911332,NEUTRAL,fast-v1.2-quality-gated-2026-10-05
2026-01-05,DCL,Y tế,PULLBACK RECLAIM,PULLBACK RECLAIM,66.15267902890135,42.9,0.07692307692307687,46.199999999999996,49.49999999999999,76.22349212447176,71.24087591240878,55.47445255474453,84.41605839416059,89.21052631578947,-5.330300445187689,0.032863849765258246,0.00233644859813098,1.1933155186854385,-0.1752868527004683,0.04143356643356643,NEUTRAL,fast-v1.2-quality-gated-2026-10-05
2026-01-06,ABB,Ngân hàng,PULLBACK RECLAIM,PULLBACK RECLAIM,68.67693162624523,12.67,0.044159431728492515,13.229500000000002,13.789000000000001,76.83056826849733,76.08695652173914,76.52173913043478,84.09420289855072,57.368421052631575,-2.032990083905432,0.019390135972322975,0.012789768185451633,1.440666800875661,-0.034459853921321115,0.029439621152328344,NEUTRAL,fast-v1.2-quality-gated-2026-10-05
2026-01-06,NT2,"Điện, nước & xăng dầu khí đốt",MOMENTUM IGNITION,MOMENTUM IGNITION,65.38536333310401,24.8,0.03830645161290325,25.75,26.700000000000003,77.58514492753623,76.12318840579712,73.40579710144928,78.44202898550725,75.0,9.773646071700995,0.03874345549738223,0.0269151138716357,1.5059668140541054,0.07716585198695036,0.02127016129032256,NEUTRAL,fast-v1.2-quality-gated-2026-10-05
2026-01-06,CTG,Ngân hàng,PULLBACK RECLAIM,PULLBACK RECLAIM,65.38527707977889,35.65,0.059467040673211735,37.769999999999996,39.88999999999999,71.76535087719299,79.7826086956522,82.8623188405797,77.02898550724639,57.368421052631575,3.682589626239519,0.03300396974877584,0.028266512835304125,1.642110731041495,0.10247844443790821,0.023450210378681596,NEUTRAL,fast-v1.2-quality-gated-2026-10-05
2026-01-07,PHR,Hóa chất,PULLBACK RECLAIM,PULLBACK RECLAIM,64.95601601251165,32.58,0.08,35.1864,37.79279999999999,76.66800152555302,83.36956521739131,90.72463768115944,76.19565217391305,58.68421052631579,,0.05079825834542806,0.06749672346002611,3.687175266217398,0.11605375504465223,0.029957028852056495,NEUTRAL,fast-v1.2-quality-gated-2026-10-05
2026-01-08,DDV,Hóa chất,FAST BREAKOUT,FAST BREAKOUT,64.86387012517083,25.04,0.08,27.043200000000002,29.0464,64.64436090225564,83.96428571428572,80.78571428571429,51.035714285714285,66.57894736842105,31.51865094390653,0.05609447490510333,0.05922165820642977,4.279699798645433,0.2838806744894258,0.036601437699680536,NEUTRAL,fast-v1.2-quality-gated-2026-10-05
2026-01-08,NT2,"Điện, nước & xăng dầu khí đốt",MOMENTUM IGNITION,MOMENTUM IGNITION,63.97119056260092,24.95,0.044088176352705344,26.049999999999994,27.149999999999995,74.59078947368421,76.71428571428572,79.14285714285715,77.32142857142857,61.57894736842105,4.886700113593335,0.039583333333333304,0.02254098360655732,3.8273647524132124,0.09535774556773569,0.02304609218436871,NEUTRAL,fast-v1.2-quality-gated-2026-10-05
2026-01-12,FTS,Dịch vụ tài chính,PULLBACK RECLAIM,PULLBACK RECLAIM,56.98632386497038,30.82,0.08,33.2856,35.7512,61.23894371345028,69.27083333333333,81.14583333333331,50.3125,55.526315789473685,14.770829998505988,0.04568510696049022,0.08635882974973552,2.4007289168320924,0.04143867828394518,0.03361453601557432,NEUTRAL,fast-v1.2-quality-gated-2026-10-05
2026-01-12,VPB,Ngân hàng,FAST BREAKOUT,FAST BREAKOUT,56.823182674632704,29.67,0.08,32.043600000000005,34.4172,60.20047514619883,72.95138888888891,73.61111111111111,52.29166666666667,57.89473684210527,21.788354516156573,0.05952933614255618,0.08245165997811021,2.403678476289249,0.13995068318689508,0.03402426693629928,NEUTRAL,fast-v1.2-quality-gated-2026-10-05
2026-01-12,VCI,Dịch vụ tài chính,FAST BREAKOUT,FAST BREAKOUT,53.93521157208133,26.38,0.07771038665655805,28.43,30.48,56.20769371345029,72.56944444444446,70.9375,48.6111111111111,55.526315789473685,10.606368319673876,0.051393953886929244,0.07148659626320053,2.382088572644974,0.09773171822420886,0.03390826383623958,FADING,fast-v1.2-quality-gated-2026-10-05
2026-01-12,VEA,Hàng & Dịch vụ Công nghiệp,PULLBACK RECLAIM,PULLBACK RECLAIM,51.95082869495164,35.6,0.08,38.44800000000001,41.296,58.21929824561404,65.06944444444446,67.22222222222223,53.715277777777786,60.263157894736835,13.44023728385713,0.04506091296051684,0.053254437869822535,3.3752420432541523,0.22406296535879655,0.02485955056179777,FADING,fast-v1.2-quality-gated-2026-10-05
2026-01-12,VND,Dịch vụ tài chính,FAST BREAKOUT,FAST BREAKOUT,50.49561545705247,20.07,0.08,21.675600000000003,23.2812,57.46984649122807,69.58333333333336,59.02777777777777,53.888888888888886,55.526315789473685,13.094798469714434,0.0648062180014326,0.10396039603960405,1.7874769784443065,0.07447642801236432,0.03592426507224711,FADING,fast-v1.2-quality-gated-2026-10-05
2026-01-13,VPB,Ngân hàng,FAST BREAKOUT,FAST BREAKOUT,52.48429668654934,29.97,0.08,32.3676,34.76519999999999,61.297880116959064,70.10416666666669,65.76388888888889,57.5,56.315789473684205,7.008978515128398,0.06287902968400916,0.05714285714285694,1.9423114929065606,0.20738045919008155,0.03303303303303301,NEUTRAL,fast-v1.2-quality-gated-2026-10-05
2026-01-13,VND,Dịch vụ tài chính,FAST BREAKOUT,FAST BREAKOUT,50.199544480684445,20.22,0.08,21.837600000000002,23.455199999999998,57.12527412280702,69.44444444444446,50.34722222222222,56.97916666666667,52.63157894736841,24.791178012967208,0.06370666526382229,0.11527854384997238,1.3683676016115693,0.1288723925331797,0.03447082096933727,FADING,fast-v1.2-quality-gated-2026-10-05
2026-01-15,GEE,Hàng & Dịch vụ Công nghiệp,PULLBACK RECLAIM,PULLBACK RECLAIM,71.55262375509231,124.21,0.08,134.1468,144.0836,76.0982814178303,79.48979591836736,70.37414965986395,74.62585034013605,66.05263157894737,25.364728786251348,0.04967379914139847,0.05468285641504633,1.6212509194683953,-0.8870337527688399,0.05709282666451977,EMERGING,fast-v1.2-quality-gated-2026-10-05
2026-01-15,STB,Ngân hàng,PULLBACK RECLAIM,PULLBACK RECLAIM,58.595510254665655,57.8,0.08,62.424,67.04799999999999,64.8003043322592,76.15646258503403,62.04081632653062,69.5238095238095,47.10526315789474,7.3307554600787554,0.055033312037966464,0.08037383177570079,1.3341826793800158,-0.14910461422284627,0.044247404844290655,NEUTRAL,fast-v1.2-quality-gated-2026-10-05
2026-01-15,HDB,Ngân hàng,PULLBACK RECLAIM,PULLBACK RECLAIM,56.14307143240444,29.55,0.08,31.914,34.278,69.21356963838167,66.56462585034015,64.8639455782313,81.6326530612245,47.10526315789474,-1.5649078052273637,0.06161307706125374,0.02604166666666674,1.3209904054397938,-0.050118914845518225,0.03800338409475465,NEUTRAL,fast-v1.2-quality-gated-2026-10-05
2026-01-16,GEE,Hàng & Dịch vụ Công nghiệp,PULLBACK RECLAIM,PULLBACK RECLAIM,68.5722345323176,127.21,0.08,137.3868,147.56359999999998,75.64278093883357,82.87162162162163,64.1891891891892,78.54729729729729,59.21052631578948,26.448285015927716,0.06226096831838612,0.11705303828591496,1.3529654809750966,-0.4635434480261411,0.05662290700416636,EMERGING,fast-v1.2-quality-gated-2026-10-05
2026-01-16,PET,Bán lẻ,MOMENTUM IGNITION,MOMENTUM IGNITION,64.9136992583332,24.84,0.08,26.8272,28.8144,73.04240753911806,80.16891891891893,63.783783783783775,73.3108108108108,76.84210526315788,31.040276330815615,0.08481090051532858,0.08141053548106236,1.7249890193967043,0.21369490631041377,0.04384057971014492,EMERGING,fast-v1.2-quality-gated-2026-10-05
2026-01-16,FRT,Bán lẻ,PULLBACK RECLAIM,PULLBACK RECLAIM,60.8888179340535,147.62,0.07803820620512136,159.14000000000001,170.66000000000003,64.9427453769559,75.27027027027029,75.27027027027026,61.79054054054054,76.84210526315788,20.4740648728788,0.05260155587088122,0.08011999707324224,3.2006246940630754,0.20382857711722324,0.028099173553719048,NEUTRAL,fast-v1.2-quality-gated-2026-10-05
2026-01-20,HNG,Thực phẩm và đồ uống,MOMENTUM IGNITION,MOMENTUM IGNITION,67.96798677997391,6.6,0.08,7.128,7.655999999999999,70.37204168138466,77.01342281879197,80.06711409395973,66.9463087248322,50.52631578947368,17.378803377291085,0.049284578696343395,0.04761904761904767,1.701743352565029,0.06359410879427718,0.05681818181818182,EMERGING,fast-v1.2-quality-gated-2026-10-05
2026-01-20,PET,Bán lẻ,MOMENTUM IGNITION,MOMENTUM IGNITION,67.41877279823788,24.77,0.08,26.7516,28.733199999999997,72.95920169551395,80.63758389261746,68.95973154362416,72.95302013422818,72.63157894736841,13.647432689665997,0.06574305137251546,0.042508417508417384,1.5428695191547437,0.17733424945794918,0.04600322971336293,EMERGING,fast-v1.2-quality-gated-2026-10-05
2026-01-20,HAH,Hàng & Dịch vụ Công nghiệp,FAST BREAKOUT,FAST BREAKOUT,56.42354411580663,59.08,0.08,63.806400000000004,68.5328,59.74823383963263,69.86577181208055,71.91275167785236,44.66442953020134,72.10526315789474,14.228679746065382,0.046738244569646925,0.05499999999999994,3.3737095624417375,0.23543274724325702,0.031051117129316186,FADING,fast-v1.2-quality-gated-2026-10-05
2026-01-22,DGW,Bán lẻ,MOMENTUM IGNITION,MOMENTUM IGNITION,63.95759149718087,43.94,0.08,47.4552,50.97039999999999,68.43626110731374,75.77922077922078,64.64285714285714,71.88311688311688,64.21052631578948,16.09531946749992,0.057024982258627066,0.046688899475940904,1.1396072409891709,0.4086565590664558,0.04095357305416474,EMERGING,fast-v1.2-quality-gated-2026-10-05
2026-01-22,DDV,Hóa chất,MOMENTUM IGNITION,MOMENTUM IGNITION,60.972379945724555,26.72,0.08,28.8576,30.995199999999997,63.93403964456596,76.13636363636364,88.3116883116883,56.03896103896104,72.10526315789474,3.8541076717768448,0.06903518774130313,0.010590015128592922,2.452898748790111,0.2343836977055737,0.037799401197604804,NEUTRAL,fast-v1.2-quality-gated-2026-10-05
2026-01-23,DCM,Hóa chất,MOMENTUM IGNITION,MOMENTUM IGNITION,71.39967537833769,34.08,0.046897007042253525,35.67824999999999,37.2765,73.91778465772273,82.58169934640524,85.45751633986929,65.81699346405229,72.10526315789474,20.92436360509116,0.04438962352328257,0.024038461538461453,1.2443212165949504,0.20975558918550552,0.03126467136150235,EMERGING,fast-v1.2-quality-gated-2026-10-05
2026-01-23,DPM,Hóa chất,MOMENTUM IGNITION,MOMENTUM IGNITION,67.97497020306325,22.99,0.0455089169204002,24.03625,25.082499999999996,70.31484348125215,76.33986928104576,77.18954248366012,66.60130718954248,72.10526315789474,16.986962969161127,0.03780611669111855,0.019060283687943214,1.0164114636796917,0.14021625059756565,0.030339277946933467,EMERGING,fast-v1.2-quality-gated-2026-10-05
2026-01-26,DCM,Hóa chất,MOMENTUM IGNITION,MOMENTUM IGNITION,76.5434842142169,32.9,0.05170212765957447,34.601,36.302,71.34269949066214,81.00000000000001,87.45161290322581,62.83870967741936,68.94736842105263,16.555181709723307,0.004150897326333558,-0.008438818565400852,1.5914222009829546,0.07994949677315644,0.03446808510638298,EMERGING,fast-v1.2-quality-gated-2026-10-05
2026-01-26,VOS,Hàng & Dịch vụ Công nghiệp,MOMENTUM IGNITION,MOMENTUM IGNITION,75.09304560727946,13.2,0.06392045454545457,14.04375,14.887500000000001,68.53446519524618,80.54838709677419,82.70967741935483,62.322580645161295,64.73684210526316,25.0838962052035,0.006673021925643452,0.007633587786259444,1.8121554333125103,0.0618300735220563,0.04261363636363638,EMERGING,fast-v1.2-quality-gated-2026-10-05
2026-01-26,GMD,Hàng & Dịch vụ Công nghiệp,MOMENTUM IGNITION,MOMENTUM IGNITION,74.08348126857474,62.19,0.04617703810902074,65.06175,67.9335,65.75865874363328,81.48387096774196,84.64516129032258,64.03225806451613,64.73684210526316,14.581738402239253,0.004985334873912173,0.0030645161290321354,1.7242409489244932,0.4319895436247734,0.030784692072680496,EMERGING,fast-v1.2-quality-gated-2026-10-05
2026-01-26,DPR,Hóa chất,PULLBACK RECLAIM,PULLBACK RECLAIM,71.81327574233457,41.7,0.05548561151079136,44.01375,46.3275,76.94592529711375,80.38709677419355,77.19354838709677,79.51612903225806,68.94736842105263,9.700637245904645,0.040224508886810284,0.0024038461538462563,1.198600817005455,0.011520128666521967,0.03699040767386091,NEUTRAL,fast-v1.2-quality-gated-2026-10-05
2026-01-26,MSR,Tài nguyên Cơ bản,MOMENTUM IGNITION,MOMENTUM IGNITION,67.47650285752059,29.08,0.08,31.4064,33.7328,76.9518675721562,84.87096774193549,67.7741935483871,87.16129032258064,51.315789473684205,15.379232437021066,0.10232937207406967,0.04944063514976538,1.126598279773652,0.22000803554053094,0.055502063273727656,EMERGING,fast-v1.2-quality-gated-2026-10-05
2026-01-27,PVS,Dầu khí,PULLBACK RECLAIM,PULLBACK RECLAIM,79.21249324062461,34.0,0.08,36.72,39.44,83.16799660441424,89.90322580645163,84.5806451612903,85.96774193548386,91.3157894736842,18.30134171215002,0.07698886583569586,0.0625,1.204195770157463,0.033295948122444186,0.055426470588235306,EMERGING,fast-v1.2-quality-gated-2026-10-05
2026-01-27,PVD,Dầu khí,PULLBACK RECLAIM,PULLBACK RECLAIM,77.03071545547762,17.55,0.08,18.954,20.358,74.01960950764006,77.35483870967745,75.77419354838709,67.54838709677419,91.3157894736842,24.374431125442946,0.008186126669538885,0.02811950790861162,1.4462841303711567,-0.1494497896272034,0.04940170940170942,EMERGING,fast-v1.2-quality-gated-2026-10-05
2026-01-27,FRT,Bán lẻ,PULLBACK RECLAIM,PULLBACK RECLAIM,67.43754370839928,147.34,0.07241753766797898,158.01000000000002,168.68000000000006,68.55747028862478,78.38709677419357,70.70967741935483,68.80645161290323,70.26315789473684,10.838201479016874,0.03468374519841855,0.012437298151583898,1.5770809260070924,0.22317721607190144,0.034651147006922775,EMERGING,fast-v1.2-quality-gated-2026-10-05
2026-01-27,NT2,"Điện, nước & xăng dầu khí đốt",PULLBACK RECLAIM,PULLBACK RECLAIM,65.8919326679227,26.65,0.08,28.782,30.913999999999998,74.04151103565366,76.58064516129035,71.77419354838709,77.6774193548387,69.47368421052633,13.484022515696054,0.05055681482211494,0.02895752895752901,0.9910238934183792,0.06599852546786411,0.030018761726078775,EMERGING,fast-v1.2-quality-gated-2026-10-05
2026-01-27,DBC,Thực phẩm và đồ uống,PULLBACK RECLAIM,PULLBACK RECLAIM,64.21442575985843,25.17,0.04666269368295592,26.344500000000004,27.519000000000005,64.8997453310696,73.90322580645163,75.96774193548387,63.99999999999999,48.68421052631579,20.859918414785596,0.03599431993579083,0.025254582484725008,1.8193597228086011,0.054802768222219245,0.031108462455303947,NEUTRAL,fast-v1.2-quality-gated-2026-10-05
2026-01-27,HNG,Thực phẩm và đồ uống,PULLBACK RECLAIM,PULLBACK RECLAIM,59.65309435011168,6.7,0.08,7.236000000000001,7.771999999999999,67.38845500848896,68.67741935483872,67.51612903225806,68.99999999999999,48.68421052631579,-2.9835866728956972,0.04199066874028001,0.015151515151515138,0.9045908301186725,-0.012587135019605372,0.05820895522388059,NEUTRAL,fast-v1.2-quality-gated-2026-10-05
2026-01-28,PVD,Dầu khí,PULLBACK RECLAIM,PULLBACK RECLAIM,73.18119118885429,18.27,0.08,19.7316,21.193199999999997,75.37470667113644,77.57961783439492,75.19108280254777,74.26751592356688,91.57894736842105,14.733259302715382,0.04594246457707163,0.025252525252525304,1.6972347360162539,-0.06685786287647355,0.04860426929392448,EMERGING,fast-v1.2-quality-gated-2026-10-05
2026-01-28,HNG,Thực phẩm và đồ uống,PULLBACK RECLAIM,PULLBACK RECLAIM,71.32676480003538,6.9,0.08,7.452000000000001,8.004,77.39482065035199,82.57961783439492,87.00636942675159,71.84713375796177,59.73684210526316,15.139886439825673,0.06728538283062635,0.06153846153846154,2.4894333137429494,0.005173480321778168,0.05797101449275362,EMERGING,fast-v1.2-quality-gated-2026-10-05
2026-01-28,FRT,Bán lẻ,FAST BREAKOUT,FAST BREAKOUT,70.07150579663465,152.67,0.08,164.8836,177.0972,74.96940998994302,86.52866242038219,78.2484076433121,76.01910828025478,73.94736842105263,21.69144946362723,0.06701052543296848,0.04906204906204903,2.6458292910941386,0.6991962528084841,0.03472194930241698,EMERGING,fast-v1.2-quality-gated-2026-10-05
2026-01-28,PVT,Hàng & Dịch vụ Công nghiệp,PULLBACK RECLAIM,PULLBACK RECLAIM,69.5508848321825,19.11,0.07849293563579274,20.609999999999996,22.11,74.33397586322494,82.13375796178346,79.20382165605096,79.7452229299363,48.68421052631579,6.2468048105933605,0.040537965206501214,0.024115755627009516,1.2629467180289102,-0.0209756839038463,0.044531658817373115,NEUTRAL,fast-v1.2-quality-gated-2026-10-05
2026-01-28,MSN,Thực phẩm và đồ uống,PULLBACK RECLAIM,PULLBACK RECLAIM,65.4237568762607,79.5,0.04402515723270439,83.0,86.5,63.67666778410995,67.80254777070066,72.22929936305732,61.01910828025478,59.73684210526316,12.625680942004692,0.009972686273264308,-0.005006257822277926,1.224212476837554,-0.17452384895921713,0.028176100628930827,NEUTRAL,fast-v1.2-quality-gated-2026-10-05
2026-01-28,FPT,Công nghệ Thông tin,PULLBACK RECLAIM,PULLBACK RECLAIM,61.679696506412114,103.08,0.06412495149398523,109.69,116.3,68.67289641300704,73.5031847133758,75.41401273885351,73.02547770700637,67.89473684210526,-3.6626299027824274,0.045414900306281814,-0.004731099739306743,1.1705970487725914,0.15874631659996385,0.03133973612727979,NEUTRAL,fast-v1.2-quality-gated-2026-10-05
2026-01-28,VHC,Thực phẩm và đồ uống,PULLBACK RECLAIM,PULLBACK RECLAIM,61.34421860989954,61.0,0.049180327868852514,64.0,67.0,69.9744384847469,68.82165605095543,69.77707006369427,75.73248407643312,59.73684210526316,-2.0913509889373074,0.03600543478260887,-0.016129032258064502,1.032718810808642,0.0008787256322295711,0.03229508196721312,NEUTRAL,fast-v1.2-quality-gated-2026-10-05
2026-01-29,DGW,Bán lẻ,PULLBACK RECLAIM,PULLBACK RECLAIM,75.35118121032124,45.94,0.08,49.6152,53.29039999999999,82.34126718069058,88.88535031847137,86.56050955414014,80.57324840764332,76.57894736842104,13.905006073376839,0.07006428771079842,0.04551661356395087,1.717711333924219,0.09531480844949725,0.04536351763169349,EMERGING,fast-v1.2-quality-gated-2026-10-05
2026-01-29,MSH,Hàng cá nhân & Gia dụng,PULLBACK RECLAIM,PULLBACK RECLAIM,69.09163767989466,34.76,0.049172899884925195,36.46925,38.1785,69.03880321823667,75.89171974522294,79.07643312101911,65.38216560509554,71.84210526315789,11.499244093151226,0.027611896174540185,-0.002868617326448719,1.1983097981147748,-0.04545675907982194,0.032781933256616796,EMERGING,fast-v1.2-quality-gated-2026-10-05
2026-01-29,FPT,Công nghệ Thông tin,MOMENTUM IGNITION,MOMENTUM IGNITION,68.95968688015164,104.66,0.07634244219377029,112.65,120.63999999999999,74.08933959101576,81.21019108280255,82.16560509554141,73.72611464968153,75.52631578947368,15.241509789238592,0.05636610463737246,0.02517386619649331,1.3495820829923313,0.30158904653800733,0.0314303458819033,EMERGING,fast-v1.2-quality-gated-2026-10-05
2026-01-29,VNM,Thực phẩm và đồ uống,PULLBACK RECLAIM,PULLBACK RECLAIM,68.7747755759464,68.9,0.07024673439767781,73.74000000000001,78.58000000000001,78.50687227623197,82.13375796178346,80.12738853503186,81.43312101910828,61.57894736842105,10.342484032896365,0.07031620154256024,0.002765245233590674,1.0378872054611927,0.07445379547288167,0.03719883889695208,EMERGING,fast-v1.2-quality-gated-2026-10-05
2026-01-29,DDV,Hóa chất,PULLBACK RECLAIM,PULLBACK RECLAIM,66.5044654078603,26.72,0.08,28.8576,30.995199999999997,67.87039054642977,81.70382165605098,88.28025477707007,59.80891719745223,55.52631578947368,3.9363509018638183,0.04848044890031167,0.0,1.7840188058501092,0.009687675983843458,0.04547155688622756,NEUTRAL,fast-v1.2-quality-gated-2026-10-05
2026-01-29,DCM,Hóa chất,PULLBACK RECLAIM,PULLBACK RECLAIM,61.07916300242557,34.98,0.07432818753573456,37.579999999999984,40.179999999999986,70.96991283942339,73.69426751592358,84.96815286624204,71.78343949044586,55.52631578947368,-8.022568363584128,0.050072046109510104,-0.025083612040133985,1.041281314508113,0.07798716631519631,0.03437678673527731,NEUTRAL,fast-v1.2-quality-gated-2026-10-05
2026-01-30,PVD,Dầu khí,PULLBACK RECLAIM,PULLBACK RECLAIM,70.65768164113098,18.57,0.08,20.055600000000002,21.5412,74.13232844770152,79.90506329113926,72.75316455696202,74.79430379746836,87.63157894736841,19.80742304694472,0.055503452979793755,0.12341197822141559,1.3217043021627213,0.0230512688911082,0.04991922455573507,EMERGING,fast-v1.2-quality-gated-2026-10-05
2026-01-30,VGT,Hàng cá nhân & Gia dụng,PULLBACK RECLAIM,PULLBACK RECLAIM,66.40319121482852,12.97,0.08,14.007600000000002,15.0452,69.31812125249833,70.63291139240508,67.5632911392405,64.20886075949366,71.05263157894737,8.627202779846115,0.01705547931778084,0.03760000000000008,0.9182192666670062,-0.06505541562851949,0.05219737856592137,NEUTRAL,fast-v1.2-quality-gated-2026-10-05
2026-01-30,DDV,Hóa chất,MOMENTUM IGNITION,MOMENTUM IGNITION,65.75398413647716,27.47,0.08,29.6676,31.865199999999998,67.43937375083277,84.96835443037976,89.14556962025317,62.278481012658226,48.68421052631579,15.841850531018537,0.07103867747972537,0.06143740340030912,2.0227877958804936,0.10166988740429506,0.044230069166363316,EMERGING,fast-v1.2-quality-gated-2026-10-05
2026-01-30,MSH,Hàng cá nhân & Gia dụng,PULLBACK RECLAIM,PULLBACK RECLAIM,61.56976060435848,34.91,0.04915496992265826,36.626,38.34199999999999,64.76907061958694,67.373417721519,64.39873417721519,64.74683544303798,71.05263157894737,6.324884173078516,0.026945931634994258,0.014235909355025944,0.8995570896475209,-0.015074916894107004,0.03276997994843884,NEUTRAL,fast-v1.2-quality-gated-2026-10-05
2026-01-30,MSN,Thực phẩm và đồ uống,MOMENTUM IGNITION,MOMENTUM IGNITION,60.803349618821734,84.0,0.08,90.72,97.44,67.81137574950033,75.34810126582282,77.31012658227849,67.12025316455697,55.78947368421053,19.412080943858783,0.05760151085930132,0.06329113924050622,1.2627124452356557,0.37217267878283633,0.029464285714285714,EMERGING,fast-v1.2-quality-gated-2026-10-05
2026-02-02,VGT,Hàng cá nhân & Gia dụng,PULLBACK RECLAIM,PULLBACK RECLAIM,74.21964051936655,13.54,0.08,14.6232,15.706399999999999,77.3793445878848,85.88050314465411,89.55974842767296,71.66666666666666,77.36842105263156,24.581297049684466,0.05349153861116496,0.1359060402684562,2.1263533927800684,-0.003767078300363602,0.05177252584933531,EMERGING,fast-v1.2-quality-gated-2026-10-05
2026-02-02,BVH,Bảo hiểm,PULLBACK RECLAIM,PULLBACK RECLAIM,70.75191620995045,74.6,0.08,80.568,86.53599999999999,82.17701092353525,84.30817610062896,77.45283018867926,84.9056603773585,84.21052631578947,0.5063827401736205,0.0689976355950419,0.10029498525073732,1.0314896434197862,-0.45267825256892547,0.056635388739946405,NEUTRAL,fast-v1.2-quality-gated-2026-10-05
2026-02-02,CMG,Công nghệ Thông tin,PULLBACK RECLAIM,PULLBACK RECLAIM,66.94278653541856,37.1,0.0660377358490567,39.550000000000004,42.00000000000001,71.17287322078782,82.83018867924531,85.9433962264151,71.50943396226415,55.526315789473685,12.023637227578995,0.05134890047608276,0.06151645207439205,1.6141641390620398,0.005263779372754129,0.03580862533692723,EMERGING,fast-v1.2-quality-gated-2026-10-05
2026-02-02,BFC,Hóa chất,PULLBACK RECLAIM,PULLBACK RECLAIM,65.43427447133872,45.58,0.08,49.2264,52.87279999999999,71.31206554121151,78.58490566037737,86.88679245283019,73.20754716981132,50.263157894736835,6.325817663452597,0.03984395496595061,0.056070435588507994,1.3146263059201715,-0.02690381977005729,0.03355638437911364,NEUTRAL,fast-v1.2-quality-gated-2026-10-05
2026-02-02,PVT,Hàng & Dịch vụ Công nghiệp,PULLBACK RECLAIM,PULLBACK RECLAIM,61.34162216807459,19.75,0.08,21.330000000000002,22.91,71.81098973849718,75.0,69.40251572327043,79.37106918238993,52.10526315789474,-0.31379803739415024,0.05716732683866832,0.06354334948842211,1.004937415046134,0.01814233112599739,0.046075949367088614,NEUTRAL,fast-v1.2-quality-gated-2026-10-05
2026-02-02,DCM,Hóa chất,PULLBACK RECLAIM,PULLBACK RECLAIM,60.87185708446899,35.78,0.08,38.6424,41.504799999999996,71.08250579278383,82.7987421383648,85.91194968553458,73.11320754716981,50.263157894736835,-0.26019369787830726,0.061453342628713825,0.08753799392097283,1.4701985017252464,0.13299179620337642,0.03472610396869761,NEUTRAL,fast-v1.2-quality-gated-2026-10-05
2026-02-02,DPM,Hóa chất,PULLBACK RECLAIM,PULLBACK RECLAIM,54.14717801578725,22.89,0.06509392747924869,24.38,25.870000000000005,57.96379510095995,65.7861635220126,64.21383647798743,60.9748427672956,50.263157894736835,-5.048259228411865,0.01586597137468093,0.06267409470752106,0.8165441179192652,-0.04856706391773513,0.03337702053298385,FADING,fast-v1.2-quality-gated-2026-10-05
2026-02-03,PVT,Hàng & Dịch vụ Công nghiệp,FAST BREAKOUT,FAST BREAKOUT,68.24909347499673,19.93,0.08,21.5244,23.118799999999997,74.97169811320754,78.33333333333336,80.72327044025157,78.03459119496856,65.0,10.522037671781405,0.059824514756713576,0.06577540106951885,1.5974139882299683,0.05848342898879966,0.047014550928248876,EMERGING,fast-v1.2-quality-gated-2026-10-05
2026-02-03,PHR,Hóa chất,PULLBACK RECLAIM,PULLBACK RECLAIM,66.39778943001028,36.87,0.08,39.8196,42.76919999999999,75.11991062562065,77.8301886792453,83.96226415094338,74.43396226415094,57.368421052631575,8.740963257199596,0.065622335582884,0.060701956271576485,1.8572510412722454,-0.019339462020311227,0.04707078925956059,NEUTRAL,fast-v1.2-quality-gated-2026-10-05
2026-02-03,PHP,Hàng & Dịch vụ Công nghiệp,MOMENTUM IGNITION,MOMENTUM IGNITION,64.35890916732487,37.82,0.08,40.845600000000005,43.871199999999995,72.80188679245282,75.44025157232706,69.24528301886792,73.55345911949685,65.0,17.308677963929902,0.07582244093928225,0.08709399252658812,0.9912730295054717,0.08747271296261161,0.04948439978847174,EMERGING,fast-v1.2-quality-gated-2026-10-05
2026-02-03,VOS,Hàng & Dịch vụ Công nghiệp,PULLBACK RECLAIM,PULLBACK RECLAIM,63.703647847258196,14.1,0.08,15.228,16.355999999999998,68.19182389937107,76.00628930817611,78.64779874213836,62.35849056603774,65.0,14.856679586977187,0.0542056074766355,0.09302325581395343,1.6556380034996434,0.015364115350570667,0.04255319148936171,EMERGING,fast-v1.2-quality-gated-2026-10-05
2026-02-03,DPM,Hóa chất,PULLBACK RECLAIM,PULLBACK RECLAIM,62.761838529355536,23.13,0.0747946389969737,24.860000000000003,26.590000000000003,61.77399867593512,70.7232704402516,80.78616352201257,59.71698113207547,57.368421052631575,11.725696468804387,0.0225916265086874,0.060036663611365615,1.3291845174427583,-0.010517841509742554,0.03385214007782103,NEUTRAL,fast-v1.2-quality-gated-2026-10-05
2026-02-03,ANV,Thực phẩm và đồ uống,MOMENTUM IGNITION,MOMENTUM IGNITION,61.23405489836641,28.5,0.08,30.78,33.059999999999995,64.0724097980801,77.48427672955977,80.06289308176102,58.0503144654088,49.47368421052631,19.882341886365325,0.06095858538855281,0.0674157303370786,2.0520817900873576,0.3231037292811587,0.037192982456140354,NEUTRAL,fast-v1.2-quality-gated-2026-10-05
2026-02-03,VSC,Hàng & Dịch vụ Công nghiệp,PULLBACK RECLAIM,PULLBACK RECLAIM,59.44378395289185,22.2,0.08,23.976,25.752,60.657232704402524,72.13836477987422,63.742138364779876,47.38993710691825,65.0,29.780152908137673,0.041031652989449,0.10999999999999988,1.0645254816055667,0.01384330381249807,0.04617117117117116,NEUTRAL,fast-v1.2-quality-gated-2026-10-05
2026-02-03,HHP,Tài nguyên Cơ bản,PULLBACK RECLAIM,PULLBACK RECLAIM,52.707016438168736,12.56,0.07484076433121034,13.500000000000002,14.440000000000005,65.41807348560079,66.8867924528302,61.35220125786163,74.5440251572327,56.052631578947356,-9.197291539866114,0.05661647177588969,0.0228013029315961,1.1587627207272435,0.03293638705413082,0.03411624203821656,NEUTRAL,fast-v1.2-quality-gated-2026-10-05
2026-02-04,TVN,Tài nguyên Cơ bản,FAST BREAKOUT,FAST BREAKOUT,74.94429808708134,9.8,0.08,10.584000000000001,11.368,84.75893743793445,91.8553459119497,95.59748427672956,80.34591194968552,68.15789473684211,22.809725235453726,0.11111111111111116,0.12643678160919558,2.2892087853590177,0.02116175574305168,0.06377551020408162,EMERGING,fast-v1.2-quality-gated-2026-10-05
2026-02-04,VGT,Hàng cá nhân & Gia dụng,MOMENTUM IGNITION,MOMENTUM IGNITION,70.93993499260804,14.13,0.08,15.260400000000002,16.3908,77.32936113869579,84.02515723270442,84.30817610062893,72.61006289308175,80.26315789473684,24.20574397476686,0.07920262735813055,0.14878048780487796,1.6352478388706848,0.1298246490471116,0.05527246992215145,EMERGING,fast-v1.2-quality-gated-2026-10-05
2026-02-04,BFC,Hóa chất,MOMENTUM IGNITION,MOMENTUM IGNITION,63.79162403083082,46.14,0.08,49.8312,53.5224,68.84028467394901,75.12578616352202,78.58490566037736,72.35849056603773,55.78947368421052,13.122550848940627,0.04087709799675143,0.07377239934838253,1.0768414419792391,0.10627637192753325,0.032899869960988294,EMERGING,fast-v1.2-quality-gated-2026-10-05
2026-02-04,PET,Bán lẻ,FAST BREAKOUT,FAST BREAKOUT,62.88526301484574,25.49,0.08,27.5292,29.568399999999997,69.61767626613704,79.74842767295597,76.28930817610062,61.79245283018868,76.57894736842105,28.76450831441059,0.08272273547839015,0.1730326737229635,1.5186700767263428,0.14215233854095033,0.048509219301686946,EMERGING,fast-v1.2-quality-gated-2026-10-05
2026-02-04,DDV,Hóa chất,MOMENTUM IGNITION,MOMENTUM IGNITION,60.9484996391296,28.4,0.08,30.672,32.943999999999996,67.79625951671632,79.46540880503146,74.55974842767296,66.88679245283019,55.78947368421052,16.271200850943607,0.07976579727777344,0.1216429699842021,0.9960816899921267,0.2781560997925353,0.044735915492957745,EMERGING,fast-v1.2-quality-gated-2026-10-05
2026-02-04,VSC,Hàng & Dịch vụ Công nghiệp,PULLBACK RECLAIM,PULLBACK RECLAIM,56.91796082770353,22.1,0.08,23.868000000000002,25.636,55.325140681893416,67.98742138364781,60.314465408805034,46.226415094339615,57.10526315789474,24.303266729496503,0.03258965074173559,0.09950248756218905,0.9335941451552,0.0660089030941817,0.04694570135746604,FADING,fast-v1.2-quality-gated-2026-10-05
2026-02-04,HPG,Tài nguyên Cơ bản,FAST BREAKOUT,FAST BREAKOUT,55.41370439466596,25.26,0.07600950118764849,27.180000000000003,29.100000000000005,60.27780536246276,68.7106918238994,74.21383647798741,56.100628930817614,68.15789473684211,15.742605898835535,0.047915370255133816,0.06000839278220749,3.121984407478605,0.05897427282509116,0.02505938242280287,NEUTRAL,fast-v1.2-quality-gated-2026-10-05
2026-02-05,DPM,Hóa chất,PULLBACK RECLAIM,PULLBACK RECLAIM,70.8715329417831,23.41,0.08,25.2828,27.1556,70.01465689540306,79.84177215189875,89.43037974683544,65.34810126582279,70.26315789473684,14.872769533686679,0.02846850013179858,0.04602323503127792,1.462074189408126,0.050329563634105845,0.03306279367791544,EMERGING,fast-v1.2-quality-gated-2026-10-05
2026-02-05,CSV,Hóa chất,PULLBACK RECLAIM,PULLBACK RECLAIM,70.8096241758513,30.5,0.07377049180327866,32.75,35.0,67.25991005996002,80.37974683544306,83.48101265822785,54.082278481012665,70.26315789473684,23.731080023084388,0.017175254293813724,0.06830122591943955,1.079758134177944,0.004948531981015664,0.03877049180327868,EMERGING,fast-v1.2-quality-gated-2026-10-05
2026-02-05,VOS,Hàng & Dịch vụ Công nghiệp,MOMENTUM IGNITION,MOMENTUM IGNITION,70.75188814359524,14.5,0.08,15.66,16.82,75.99100599600267,86.83544303797471,90.25316455696202,70.60126582278481,56.31578947368422,29.581351285979203,0.06774668630338754,0.11111111111111116,2.096876598471836,0.12137077512665728,0.04724137931034484,EMERGING,fast-v1.2-quality-gated-2026-10-05
2026-02-05,VGT,Hàng cá nhân & Gia dụng,MOMENTUM IGNITION,MOMENTUM IGNITION,69.32162974186824,14.04,0.08,15.1632,16.286399999999997,77.8276982011992,79.68354430379748,73.9873417721519,76.93037974683544,82.10526315789474,9.983958677230035,0.06525037936267042,0.09859154929577474,0.9333955543855871,0.13244080636202632,0.056695156695156707,NEUTRAL,fast-v1.2-quality-gated-2026-10-05
2026-02-05,DCM,Hóa chất,FAST BREAKOUT,FAST BREAKOUT,67.8580981518835,36.49,0.08,39.409200000000006,42.3284,76.91022651565623,83.38607594936711,91.39240506329115,74.33544303797468,70.26315789473684,5.940313676232847,0.06395696353855351,0.04316752429959991,1.5276978690606715,0.20233838611700727,0.03425596053713347,NEUTRAL,fast-v1.2-quality-gated-2026-10-05
2026-02-05,LAS,Hóa chất,PULLBACK RECLAIM,PULLBACK RECLAIM,67.28859774864543,17.5,0.08,18.900000000000002,20.299999999999997,70.4434543637575,80.85443037974684,93.54430379746836,59.303797468354446,70.26315789473684,,0.03795966785290639,0.054216867469879526,1.9058804044236661,0.02006311307561745,0.04285714285714287,NEUTRAL,fast-v1.2-quality-gated-2026-10-05
2026-02-05,DHC,Tài nguyên Cơ bản,MOMENTUM IGNITION,MOMENTUM IGNITION,64.4780302234202,33.21,0.08,35.866800000000005,38.5236,73.0244836775483,80.66455696202533,83.0379746835443,76.93037974683546,54.473684210526315,17.90966637952618,0.07103120212851732,0.0949554896142435,1.0984110592156218,0.37195982678587125,0.03577235772357723,EMERGING,fast-v1.2-quality-gated-2026-10-05
2026-02-06,TNG,Hàng cá nhân & Gia dụng,MOMENTUM IGNITION,MOMENTUM IGNITION,80.12070813300846,19.55,0.08,21.114,22.678,84.17921385742838,89.30379746835443,95.28481012658229,80.9493670886076,70.26315789473685,9.528814123917371,0.038374717832957206,0.01929092805005217,1.8534157549984567,0.18180990355950377,0.05030690537084399,NEUTRAL,fast-v1.2-quality-gated-2026-10-05
2026-02-06,BVH,Bảo hiểm,MOMENTUM IGNITION,MOMENTUM IGNITION,76.55770602719876,78.0,0.08,84.24000000000001,90.47999999999999,83.79205529646902,87.373417721519,75.63291139240506,89.36708860759494,86.57894736842105,18.55758660892738,0.07253351667239616,0.11747851002865328,1.0868391648776567,0.3818080419899088,0.05852564102564104,EMERGING,fast-v1.2-quality-gated-2026-10-05
2026-02-06,MSH,Hàng cá nhân & Gia dụng,MOMENTUM IGNITION,MOMENTUM IGNITION,74.62375143892235,36.66,0.08,39.5928,42.52559999999999,77.28522651565623,84.24050632911394,90.4113924050633,76.32911392405065,70.26315789473685,12.516155896069293,0.035593220338983045,0.05012890289315375,1.4768150139933052,0.31589557436981774,0.03836606655755592,EMERGING,fast-v1.2-quality-gated-2026-10-05
2026-02-06,VOS,Hàng & Dịch vụ Công nghiệp,MOMENTUM IGNITION,MOMENTUM IGNITION,74.17417940865558,14.15,0.08,15.282000000000002,16.413999999999998,75.28772485009992,85.03164556962027,86.67721518987341,71.01265822784809,61.8421052631579,29.21377415056628,0.03834158869932125,0.08429118773946365,1.893036920601059,0.10010004941057282,0.04929328621908128,EMERGING,fast-v1.2-quality-gated-2026-10-05
2026-02-06,BAF,Thực phẩm và đồ uống,PULLBACK RECLAIM,PULLBACK RECLAIM,72.04005310160457,31.74,0.07372400756143671,34.08,36.42,70.684127248501,78.22784810126583,79.74683544303797,72.0253164556962,62.368421052631575,24.556295802798132,0.007411169123831662,0.06153846153846154,1.4979332782207526,-0.06607831845448744,0.024952741020793957,EMERGING,fast-v1.2-quality-gated-2026-10-05
2026-02-06,VSC,Hàng & Dịch vụ Công nghiệp,PULLBACK RECLAIM,PULLBACK RECLAIM,72.0223059369699,22.3,0.08,24.084000000000003,25.868,71.62633244503664,88.00632911392408,81.77215189873418,56.89873417721519,61.8421052631579,38.62358427714856,0.033364226135310426,0.08252427184466016,1.3952243839144391,0.10241390358536703,0.04910313901345288,EMERGING,fast-v1.2-quality-gated-2026-10-05
2026-02-06,GMD,Hàng & Dịch vụ Công nghiệp,MOMENTUM IGNITION,MOMENTUM IGNITION,71.86820205777389,69.48,0.08,75.03840000000001,80.5968,80.04405396402397,86.23417721518989,81.61392405063292,83.95569620253164,61.8421052631579,16.90681212524983,0.062182304605389094,0.04387019230769229,1.2161343484026215,0.4173768362493204,0.03565774323546344,EMERGING,fast-v1.2-quality-gated-2026-10-05
2026-02-06,DCM,Hóa chất,MOMENTUM IGNITION,MOMENTUM IGNITION,69.82817695536468,36.68,0.08,39.6144,42.5488,79.06703864090606,86.51898734177216,85.34810126582278,79.74683544303798,62.368421052631575,12.67196868754165,0.06341958396752911,0.060115606936416155,1.2260842105263159,0.2113080889877902,0.03530534351145039,EMERGING,fast-v1.2-quality-gated-2026-10-05
2026-02-09,DPM,Hóa chất,PULLBACK RECLAIM,PULLBACK RECLAIM,71.70207346348205,23.74,0.08,25.6392,27.538399999999996,72.90085484411667,85.85987261146498,88.94904458598725,73.56687898089173,53.68421052631579,14.937059743156716,0.03867693384669213,0.037134119702926904,0.876115662300704,0.06829426193727534,0.033698399326032025,EMERGING,fast-v1.2-quality-gated-2026-10-05
2026-02-10,PVD,Dầu khí,MOMENTUM IGNITION,MOMENTUM IGNITION,75.86673833490063,19.44,0.08,20.995200000000004,22.5504,80.20197787462286,82.48407643312103,74.87261146496816,84.8407643312102,89.21052631578948,11.836949738244172,0.05951602354480068,-0.01669195751138075,1.160610772431421,0.1311663280956027,0.051697530864197545,EMERGING,fast-v1.2-quality-gated-2026-10-05
2026-02-10,PAN,Thực phẩm và đồ uống,MOMENTUM IGNITION,MOMENTUM IGNITION,75.02721131853654,23.61,0.06861499364675994,25.23,26.850000000000005,80.47225947033188,93.02547770700639,92.22929936305734,84.64968152866241,52.89473684210526,12.553937722566232,0.05441797110510671,-0.0063131313131313815,1.9194508195056563,0.09749118332141304,0.030453197797543418,EMERGING,fast-v1.2-quality-gated-2026-10-05
2026-02-10,DCM,Hóa chất,MOMENTUM IGNITION,MOMENTUM IGNITION,72.86645577691795,36.87,0.08,39.8196,42.76919999999999,80.35492792490781,87.35668789808918,83.2484076433121,84.80891719745223,59.473684210526315,13.846652519412956,0.05740137946857482,0.037130801687763615,0.9527960652026168,0.2212295274813264,0.03692704095470573,EMERGING,fast-v1.2-quality-gated-2026-10-05
2026-02-10,DPM,Hóa chất,MOMENTUM IGNITION,MOMENTUM IGNITION,72.278743113453,23.5,0.08,25.380000000000003,27.259999999999998,73.0284948038887,82.80254777070066,81.21019108280255,76.0828025477707,59.473684210526315,11.254496127953587,0.026716473338139313,0.015996541288370025,0.9927958666266835,0.0640572368544412,0.03395744680851064,EMERGING,fast-v1.2-quality-gated-2026-10-05
2026-02-10,VSC,Hàng & Dịch vụ Công nghiệp,PULLBACK RECLAIM,PULLBACK RECLAIM,69.01946093942678,22.65,0.08,24.462,26.273999999999997,69.52489104927925,85.6687898089172,81.21019108280254,63.05732484076433,58.15789473684211,8.867658344876723,0.04353835521769156,0.020270270270270174,1.1367725810901579,0.14978733874348688,0.04635761589403972,NEUTRAL,fast-v1.2-quality-gated-2026-10-05
2026-02-11,PNJ,Hàng cá nhân & Gia dụng,PULLBACK RECLAIM,PULLBACK RECLAIM,76.54535151324467,77.23,0.08,83.40840000000001,89.5868,81.68279480346436,75.25316455696205,84.4620253164557,80.34810126582279,70.52631578947368,7.057836180491833,0.008902852439956366,-0.031720160481444326,0.9190170055616188,-0.8669168855738714,0.049145409814838795,NEUTRAL,fast-v1.2-quality-gated-2026-10-05
2026-02-11,TNG,Hàng cá nhân & Gia dụng,PULLBACK RECLAIM,PULLBACK RECLAIM,73.23755590346424,20.66,0.08,22.312800000000003,23.9656,83.67013657561625,85.03164556962028,88.98734177215191,88.4493670886076,70.52631578947368,0.09549241805252962,0.07761318589609845,-0.008637236084452993,1.1961448385305435,0.06034330302843849,0.05041142303969021,NEUTRAL,fast-v1.2-quality-gated-2026-10-05
2026-02-11,MWG,Bán lẻ,PULLBACK RECLAIM,PULLBACK RECLAIM,72.52584386154321,90.49,0.08,97.7292,104.96839999999999,77.16480679546969,79.68354430379749,75.82278481012658,78.79746835443036,83.15789473684211,18.363168265181706,0.041647481351873905,0.0011063170704723735,1.0664840736440064,0.08639167793101676,0.02649464029174494,EMERGING,fast-v1.2-quality-gated-2026-10-05
2026-02-11,HHP,Tài nguyên Cơ bản,PULLBACK RECLAIM,PULLBACK RECLAIM,72.29622523155088,12.84,0.08,13.8672,14.8944,77.35159893404398,87.08860759493673,81.48734177215191,85.09493670886077,54.21052631578948,23.012472816864232,0.05436032189193618,0.02967121090617475,1.0834863615969212,0.006156741684639588,0.031814641744548296,EMERGING,fast-v1.2-quality-gated-2026-10-05
2026-02-11,PAN,Thực phẩm và đồ uống,MOMENTUM IGNITION,MOMENTUM IGNITION,71.12338395206685,23.35,0.05824411134903651,24.71,26.070000000000007,74.36442371752165,82.27848101265825,86.5506329113924,80.03164556962025,46.315789473684205,9.645125471907619,0.03720155469183806,-0.017255892255892302,1.2002697773538673,0.07155476546402617,0.03404710920770879,NEUTRAL,fast-v1.2-quality-gated-2026-10-05
2026-02-11,NAF,Thực phẩm và đồ uống,MOMENTUM IGNITION,MOMENTUM IGNITION,71.05166178429212,42.7,0.0749414519906324,45.900000000000006,49.10000000000001,77.72993004663557,90.47468354430382,76.83544303797467,87.84810126582279,46.315789473684205,20.33453117209072,0.04991394148020656,0.0608695652173914,1.3241178132411782,0.0615289818980318,0.029683840749414537,EMERGING,fast-v1.2-quality-gated-2026-10-05
2026-02-11,VSC,Hàng & Dịch vụ Công nghiệp,FAST BREAKOUT,FAST BREAKOUT,69.41801767705897,23.5,0.08,25.380000000000003,27.259999999999998,73.38757495003331,90.50632911392407,87.21518987341773,65.50632911392405,58.94736842105262,18.062434268139896,0.07959113357069025,0.06334841628959276,1.8514816294564667,0.21098518853571052,0.04446808510638297,EMERGING,fast-v1.2-quality-gated-2026-10-05
2026-02-11,DHC,Tài nguyên Cơ bản,MOMENTUM IGNITION,MOMENTUM IGNITION,66.44336731058635,33.35,0.08,36.018,38.686,76.42754830113256,77.91139240506331,81.86708860759494,82.65822784810126,54.21052631578948,2.1434536304937097,0.05824303098573691,-0.009209744503862027,0.9213351261802702,0.130824384470976,0.03709145427286354,NEUTRAL,fast-v1.2-quality-gated-2026-10-05
2026-02-12,MWG,Bán lẻ,MOMENTUM IGNITION,MOMENTUM IGNITION,75.4132870586403,91.48,0.08,98.79840000000002,106.1168,81.44247638326586,87.11538461538461,81.50641025641025,83.39743589743591,88.15789473684211,22.685064657749543,0.04775485193647966,0.02994820986264357,0.934931701629492,0.19519934123758098,0.026153257542632258,EMERGING,fast-v1.2-quality-gated-2026-10-05
2026-02-12,PAN,Thực phẩm và đồ uống,MOMENTUM IGNITION,MOMENTUM IGNITION,72.6825234542206,23.99,0.08,25.9092,27.828399999999995,78.5878036437247,89.93589743589745,90.09615384615385,84.23076923076923,48.68421052631579,15.484955542458877,0.05939500993596791,0.02433817250213477,1.1485338329484553,0.08784548510825296,0.033055439766569425,EMERGING,fast-v1.2-quality-gated-2026-10-05
2026-02-23,OIL,Dầu khí,PULLBACK RECLAIM,PULLBACK RECLAIM,71.78247529124829,17.05,0.08,18.414,19.778,82.16285030758715,78.34415584415585,84.9025974025974,88.18181818181819,83.94736842105263,2.9129341158338775,0.08900456679334479,0.02958937198067635,1.1310727647613077,-0.1333365653763492,0.07923753665689148,NEUTRAL,fast-v1.2-quality-gated-2026-10-05
2026-02-23,PVS,Dầu khí,PULLBACK RECLAIM,PULLBACK RECLAIM,67.89957362431738,39.5,0.08,42.660000000000004,45.82,80.63687628161313,74.35064935064936,68.96103896103895,87.46753246753246,83.94736842105263,4.238870917885336,0.09052759448938441,0.03267973856209161,0.8065084377616094,-0.17295787100003812,0.063253164556962,NEUTRAL,fast-v1.2-quality-gated-2026-10-05
2026-02-23,VOS,Hàng & Dịch vụ Công nghiệp,PULLBACK RECLAIM,PULLBACK RECLAIM,66.42624965779878,14.7,0.08,15.876,17.052,75.85013670539986,77.53246753246755,72.30519480519482,75.71428571428571,71.05263157894737,8.218138716797782,0.06560347952156587,0.05755395683453224,0.8252188122579635,0.03275750556390197,0.04846938775510205,NEUTRAL,fast-v1.2-quality-gated-2026-10-05
2026-02-23,HAH,Hàng & Dịch vụ Công nghiệp,PULLBACK RECLAIM,PULLBACK RECLAIM,63.75408262646356,57.64,0.06662040249826517,61.48000000000001,65.32000000000001,63.52708475734792,75.6818181818182,75.74675324675326,57.922077922077925,71.05263157894737,14.672156832440109,0.035052434994971904,0.060143461467721204,1.062758461303948,0.23978976193437268,0.03348369188063845,NEUTRAL,fast-v1.2-quality-gated-2026-10-05
2026-02-24,DDV,Hóa chất,FAST BREAKOUT,FAST BREAKOUT,68.97456156879448,28.78,0.08,31.082400000000003,33.3848,76.26033834586465,82.98701298701302,91.68831168831169,70.09740259740259,67.10526315789474,13.641079210765767,0.0728797763280522,0.0770958083832336,2.0817192848602466,0.05276118534600127,0.04362404447533009,EMERGING,fast-v1.2-quality-gated-2026-10-05
2026-02-24,PVT,Hàng & Dịch vụ Công nghiệp,PULLBACK RECLAIM,PULLBACK RECLAIM,67.23142267861314,20.02,0.08,21.6216,23.2232,74.69805194805195,78.66883116883118,74.61038961038962,73.86363636363636,60.0,18.480485739537038,0.053961568833903684,0.10546659304251804,1.2247824571006527,-0.04717434516049068,0.04365634365634365,EMERGING,fast-v1.2-quality-gated-2026-10-05
2026-02-25,VGT,Hàng cá nhân & Gia dụng,PULLBACK RECLAIM,PULLBACK RECLAIM,69.19693687200734,14.04,0.08,15.1632,16.286399999999997,72.20803233574131,78.30065359477126,82.41830065359477,72.02614379084967,67.89473684210526,19.044224874049092,0.06367665441872794,0.0750382848392035,1.773099262152341,0.033551500336776285,0.05000000000000002,EMERGING,fast-v1.2-quality-gated-2026-10-05
2026-02-25,DDV,Hóa chất,MOMENTUM IGNITION,MOMENTUM IGNITION,65.87601884809348,28.68,0.08,30.974400000000003,33.2688,72.61627106983144,76.2091503267974,71.01307189542483,70.45751633986927,68.94736842105263,20.418236426260492,0.06287175496136532,0.08063300678221563,1.101878771150041,0.10012811524237386,0.04313110181311019,EMERGING,fast-v1.2-quality-gated-2026-10-05
2026-02-25,ANV,Thực phẩm và đồ uống,PULLBACK RECLAIM,PULLBACK RECLAIM,63.60941497170268,28.1,0.08,30.348000000000003,32.596,59.970416236670104,75.39215686274511,83.49673202614379,53.4640522875817,47.368421052631575,16.387638088768703,0.025641025641025772,0.06439393939393945,1.4634893562539868,-0.0025953385316388466,0.03879003558718861,FADING,fast-v1.2-quality-gated-2026-10-05
2026-02-25,KSB,Xây dựng và Vật liệu,PULLBACK RECLAIM,PULLBACK RECLAIM,62.14840019526438,17.95,0.06406685236768794,19.099999999999998,20.249999999999996,60.26977984176126,74.50980392156865,89.18300653594771,52.90849673202614,47.631578947368425,19.00362394569197,0.03279631760644408,0.043604651162790775,2.153910953283516,0.06981766916620005,0.02701949860724235,NEUTRAL,fast-v1.2-quality-gated-2026-10-05
2026-02-25,VGC,Xây dựng và Vật liệu,PULLBACK RECLAIM,PULLBACK RECLAIM,60.547494637783444,49.2,0.08,53.13600000000001,57.072,66.19625042999657,72.45098039215688,59.6078431372549,68.26797385620915,47.631578947368425,13.039271749117155,0.03909269467148202,0.08513453903837664,1.0314068930926472,-0.22178308389483248,0.04581300813008128,EMERGING,fast-v1.2-quality-gated-2026-10-05
2026-02-25,MSH,Hàng cá nhân & Gia dụng,PULLBACK RECLAIM,PULLBACK RECLAIM,57.98343757019225,37.92,0.08,40.9536,43.9872,67.39430684554523,65.8496732026144,63.92156862745099,71.5359477124183,67.89473684210526,5.847587991447966,0.054915706893673644,0.05685618729096986,1.0200040078742942,0.019081335282670753,0.039187763713080165,NEUTRAL,fast-v1.2-quality-gated-2026-10-05
2026-02-26,PVC,Dầu khí,PULLBACK RECLAIM,PULLBACK RECLAIM,72.50963698484853,15.6,0.08,16.848,18.096,78.8125,84.93421052631581,80.92105263157896,80.13157894736842,87.63157894736842,30.90620782726046,0.08220603537981264,0.1729323308270676,1.3967278300572334,-0.007137714161904785,0.06923076923076925,EMERGING,fast-v1.2-quality-gated-2026-10-05
2026-02-26,DHC,Tài nguyên Cơ bản,MOMENTUM IGNITION,MOMENTUM IGNITION,72.02399335510275,35.16,0.08,37.9728,40.785599999999995,83.10197368421053,85.85526315789475,95.78947368421053,84.6217105263158,70.0,8.687753036437257,0.07552537395613457,0.05300988319856237,1.9411962787135284,0.13866927746982405,0.038310580204778136,NEUTRAL,fast-v1.2-quality-gated-2026-10-05
2026-02-26,PVT,Hàng & Dịch vụ Công nghiệp,PULLBACK RECLAIM,PULLBACK RECLAIM,68.30925666846213,20.48,0.08,22.1184,23.7568,76.05098684210527,84.73684210526318,83.125,77.4342105263158,55.0,25.342316126855607,0.07087767000444445,0.11668484187568162,1.4818165387123057,0.06622402929814808,0.04201660156249999,EMERGING,fast-v1.2-quality-gated-2026-10-05
2026-02-26,DPR,Hóa chất,MOMENTUM IGNITION,MOMENTUM IGNITION,66.51788390015895,43.25,0.08,46.71,50.169999999999995,71.91447368421052,81.64473684210529,81.71052631578948,67.92763157894737,62.63157894736842,35.80642712550607,0.053464864206552276,0.10191082802547768,1.6235826693706759,0.17050457208633774,0.03566473988439308,EMERGING,fast-v1.2-quality-gated-2026-10-05
2026-02-26,DDV,Hóa chất,MOMENTUM IGNITION,MOMENTUM IGNITION,64.90673364077868,28.4,0.08,30.672,32.943999999999996,70.13651315789474,75.72368421052633,75.03289473684211,68.42105263157896,62.63157894736842,13.38103070175439,0.04922877990209673,0.06287425149700598,1.0655109365477078,0.1017455744529061,0.04077464788732395,EMERGING,fast-v1.2-quality-gated-2026-10-05
2026-02-26,PNJ,Hàng cá nhân & Gia dụng,PULLBACK RECLAIM,PULLBACK RECLAIM,62.869929469843306,79.96,0.08,86.35679999999999,92.75359999999999,72.07730263157895,65.03289473684212,76.01973684210526,73.25657894736841,66.84210526315789,-12.195808029689616,0.01665607120152579,0.012664640324214771,0.9201406192721382,-0.2857498337889286,0.0481303151575788,FADING,fast-v1.2-quality-gated-2026-10-05
2026-02-27,VGT,Hàng cá nhân & Gia dụng,MOMENTUM IGNITION,MOMENTUM IGNITION,75.78457090733916,14.23,0.08,15.368400000000001,16.5068,80.19625042999657,86.30718954248367,89.44444444444444,77.74509803921569,72.63157894736841,24.990194424598464,0.06599745299273363,0.06511976047904189,2.388885428274145,0.059031482688122416,0.04940267041461701,EMERGING,fast-v1.2-quality-gated-2026-10-05
2026-02-27,MSH,Hàng cá nhân & Gia dụng,MOMENTUM IGNITION,MOMENTUM IGNITION,70.21585372057417,38.16,0.08,41.2128,44.26559999999999,74.18317853457172,77.8104575163399,82.12418300653596,73.07189542483661,72.63157894736841,18.462699452250533,0.05206567139489682,0.06801007556675054,1.3108620451086204,0.08723439607166017,0.04251834381551363,EMERGING,fast-v1.2-quality-gated-2026-10-05
2026-02-27,PVS,Dầu khí,PULLBACK RECLAIM,PULLBACK RECLAIM,66.9761262113596,39.5,0.08,42.660000000000004,45.82,75.43386652906777,74.34640522875817,56.01307189542484,83.43137254901961,93.15789473684211,3.6155466910110903,0.055317329913570745,0.06988082340195012,0.9214399897208376,-0.0638010721660136,0.062405063291139214,NEUTRAL,fast-v1.2-quality-gated-2026-10-05
2026-02-27,VDS,Dịch vụ tài chính,FAST BREAKOUT,FAST BREAKOUT,58.399546554475435,18.65,0.08,20.142,21.633999999999997,61.41597867217062,71.73202614379086,74.96732026143792,55.326797385620914,54.47368421052631,4.260867336138233,0.029391472333379243,0.03899721448467952,1.3427527185084884,0.03843714940694945,0.030294906166219833,NEUTRAL,fast-v1.2-quality-gated-2026-10-05
2026-03-02,DHC,Tài nguyên Cơ bản,MOMENTUM IGNITION,MOMENTUM IGNITION,72.01351142062262,34.9,0.07363896848137541,37.47,40.04,79.23942208462333,82.58169934640524,88.36601307189542,78.0718954248366,73.1578947368421,7.527272392210477,0.052250731148430596,0.04647676161919034,2.7781456766225756,0.11973205442086099,0.0410888252148997,NEUTRAL,fast-v1.2-quality-gated-2026-10-05
2026-03-02,GVR,Hóa chất,PULLBACK RECLAIM,PULLBACK RECLAIM,69.19499031427144,42.8,0.08,46.224,49.647999999999996,77.66589267285862,77.51633986928107,74.57516339869281,77.92483660130719,78.15789473684211,22.83404031469047,0.0837500791289485,0.10025706940874035,2.1973150743872334,0.036769781221971165,0.0558411214953271,EMERGING,fast-v1.2-quality-gated-2026-10-05
2026-03-02,HDG,"Điện, nước & xăng dầu khí đốt",FAST BREAKOUT,FAST BREAKOUT,65.07538923638812,25.01,0.08,27.010800000000003,29.0116,64.72084623323013,79.28104575163403,80.359477124183,53.75816993464053,73.94736842105263,26.358235160092747,0.040782355389097136,0.041215653621981874,3.080398022098773,0.15949480554611217,0.027868852459016373,NEUTRAL,fast-v1.2-quality-gated-2026-10-05
2026-03-02,KSV,Tài nguyên Cơ bản,PULLBACK RECLAIM,PULLBACK RECLAIM,63.84240547687945,130.68,0.08,141.13440000000003,151.5888,76.47635018919848,75.09803921568628,61.99346405228758,79.15032679738562,73.1578947368421,8.264200496785648,0.07640604922407834,0.11406649616368303,1.5418858761634966,-0.5563915074694643,0.078389960208142,NEUTRAL,fast-v1.2-quality-gated-2026-10-05
2026-03-03,CTI,Xây dựng và Vật liệu,FAST BREAKOUT,FAST BREAKOUT,68.08946644010999,22.88,0.08,24.7104,26.540799999999997,71.4260290148448,81.15384615384616,90.38461538461537,67.85256410256409,50.263157894736835,17.05094357396989,0.04814696046543587,0.03670140462165827,2.19950399218262,0.07011670292262923,0.03345716783216783,EMERGING,fast-v1.2-quality-gated-2026-10-05
2026-03-03,GAS,"Điện, nước & xăng dầu khí đốt",PULLBACK RECLAIM,PULLBACK RECLAIM,64.63384715269655,123.4,0.08,133.27200000000002,143.144,76.97115384615384,77.62820512820515,75.83333333333334,77.64423076923077,75.0,11.045658289079341,0.10355929171883371,0.11674208144796383,2.078068961411968,-0.11911359759042917,0.05696920583468396,EMERGING,fast-v1.2-quality-gated-2026-10-05
2026-03-03,SSI,Dịch vụ tài chính,PULLBACK RECLAIM,PULLBACK RECLAIM,62.76100768112121,26.08,0.08,28.1664,30.252799999999997,67.05305330634278,75.76923076923077,80.57692307692307,64.32692307692308,53.15789473684211,11.030411474490421,0.04169995206902044,0.015576323987538832,2.388825771541375,0.1267753322462471,0.027837423312883428,EMERGING,fast-v1.2-quality-gated-2026-10-05
2026-03-03,TVN,Tài nguyên Cơ bản,PULLBACK RECLAIM,PULLBACK RECLAIM,62.656641375819035,9.6,0.08,10.368,11.136,71.46803306342781,72.43589743589745,67.01923076923077,69.90384615384616,66.57894736842105,9.724653914919593,0.0714285714285714,0.05494505494505497,1.5202716161960452,0.05541141619675688,0.05520833333333335,NEUTRAL,fast-v1.2-quality-gated-2026-10-05
2026-03-04,PHP,Hàng & Dịch vụ Công nghiệp,MOMENTUM IGNITION,MOMENTUM IGNITION,73.34832663703217,37.53,0.07540634159339188,40.36,43.19,70.24061347636606,76.71974522292994,81.52866242038216,70.828025477707,75.52631578947368,17.280253716206175,0.02417858312411325,0.013228941684665374,2.433577324404298,0.18154155041124453,0.039928057553956814,EMERGING,fast-v1.2-quality-gated-2026-10-05
2026-03-04,VGT,Hàng cá nhân & Gia dụng,MOMENTUM IGNITION,MOMENTUM IGNITION,72.2751220701077,15.3,0.08,16.524,17.748,84.14951391216896,88.21656050955416,88.12101910828027,82.80254777070066,74.47368421052632,11.941481576427648,0.10921810997933812,0.08974358974358987,2.289838655167666,0.17000048327936473,0.056895424836601295,EMERGING,fast-v1.2-quality-gated-2026-10-05
2026-03-04,VSC,Hàng & Dịch vụ Công nghiệp,MOMENTUM IGNITION,MOMENTUM IGNITION,68.21820605885365,25.6,0.08,27.648000000000003,29.695999999999998,76.6434797184043,79.74522292993633,72.4203821656051,73.82165605095541,75.52631578947368,14.137631765187919,0.07778128618040214,0.036437246963562764,1.713132838017156,0.26980332545528674,0.04833984374999998,EMERGING,fast-v1.2-quality-gated-2026-10-05
2026-03-04,MSH,Hàng cá nhân & Gia dụng,PULLBACK RECLAIM,PULLBACK RECLAIM,63.99277823227718,38.16,0.08,41.2128,44.26559999999999,70.58104257458935,66.62420382165607,61.94267515923568,74.71337579617834,74.47368421052632,3.1867357290441163,0.03588685596395025,0.006329113924050445,1.4092555219456264,0.03581329478922979,0.048794549266247385,NEUTRAL,fast-v1.2-quality-gated-2026-10-05
2026-03-04,CTI,Xây dựng và Vật liệu,FAST BREAKOUT,FAST BREAKOUT,63.89735161294148,23.34,0.08,25.2072,27.074399999999997,71.63434461951056,80.44585987261149,89.23566878980893,71.21019108280254,46.8421052631579,13.59005497382772,0.06378614890271406,0.05135135135135127,2.26857475381495,0.12095375279075155,0.0327120822622108,EMERGING,fast-v1.2-quality-gated-2026-10-05
2026-03-04,HCM,Dịch vụ tài chính,PULLBACK RECLAIM,PULLBACK RECLAIM,62.55222195668801,21.23,0.06924163918982562,22.7,24.169999999999995,67.7728796513577,76.49681528662423,69.36305732484077,65.92356687898089,61.84210526315789,14.545239472479125,0.04480917345407143,0.01871401151631491,2.275915885155694,0.06780331793698735,0.027296278850682986,EMERGING,fast-v1.2-quality-gated-2026-10-05
2026-03-04,PET,Bán lẻ,MOMENTUM IGNITION,MOMENTUM IGNITION,61.798549031404676,27.01,0.08,29.170800000000003,31.331599999999998,72.34805564867582,75.859872611465,58.439490445859875,78.7579617834395,57.89473684210526,17.729290598796226,0.09246076686620319,0.0860474467229595,1.4198965153701033,0.4498510358560365,0.05229544613106257,EMERGING,fast-v1.2-quality-gated-2026-10-05
2026-03-04,AGR,Dịch vụ tài chính,PULLBACK RECLAIM,PULLBACK RECLAIM,60.595759039994604,16.8,0.059523809523809534,17.8,18.8,63.33975863224941,70.44585987261148,64.52229299363057,59.171974522293,61.84210526315789,12.75917727690026,0.03321033210332125,0.0029850746268658135,2.1956423934700173,0.03240870424745095,0.027678571428571424,NEUTRAL,fast-v1.2-quality-gated-2026-10-05
2026-03-05,VGT,Hàng cá nhân & Gia dụng,MOMENTUM IGNITION,MOMENTUM IGNITION,75.1989631668327,14.13,0.08,15.260400000000002,16.3908,77.08649011062687,78.75796178343951,83.18471337579618,74.33121019108279,71.57894736842105,8.65721379483739,0.019406969194141865,0.0064102564102566095,1.470220240648418,0.09582088505073316,0.0640835102618542,NEUTRAL,fast-v1.2-quality-gated-2026-10-05
2026-03-05,POW,"Điện, nước & xăng dầu khí đốt",MOMENTUM IGNITION,MOMENTUM IGNITION,73.11942465080175,15.15,0.08,16.362000000000002,17.573999999999998,81.18119342943345,85.63694267515926,80.2547770700637,78.72611464968153,78.94736842105263,36.77165395574924,0.0663382016540559,0.07446808510638303,1.4912517868133075,0.18772110804072573,0.04026402640264027,EMERGING,fast-v1.2-quality-gated-2026-10-05
2026-03-05,HAH,Hàng & Dịch vụ Công nghiệp,MOMENTUM IGNITION,MOMENTUM IGNITION,72.95641624925035,61.1,0.08,65.988,70.87599999999999,76.24539054642976,84.04458598726116,86.56050955414014,72.32484076433121,75.52631578947368,13.04802212537713,0.04766803840877909,0.03594438792811139,1.6324482311743458,0.76093385086706,0.03959901800327331,EMERGING,fast-v1.2-quality-gated-2026-10-05
2026-03-05,CSV,Hóa chất,MOMENTUM IGNITION,MOMENTUM IGNITION,72.06132844280899,31.5,0.08,34.02,36.54,72.65370432450554,81.08280254777073,77.515923566879,67.57961783439491,77.63157894736841,25.504033271873958,0.03618421052631593,0.03789126853377267,1.3629632137024092,0.2869314051326899,0.0361111111111111,EMERGING,fast-v1.2-quality-gated-2026-10-05
2026-03-05,CTI,Xây dựng và Vật liệu,MOMENTUM IGNITION,MOMENTUM IGNITION,70.23613407547349,22.88,0.07342657342657344,24.559999999999995,26.24,72.01827019778746,79.23566878980893,82.70700636942675,72.99363057324841,57.36842105263157,23.274849145155883,0.039078998160721135,0.04094631483166511,1.291892181555115,0.11445356504686466,0.0350743006993007,EMERGING,fast-v1.2-quality-gated-2026-10-05
2026-03-05,MBS,Dịch vụ tài chính,FAST BREAKOUT,FAST BREAKOUT,69.82160872691252,21.67,0.08,23.403600000000004,25.1372,72.30225444183708,86.687898089172,90.06369426751593,61.401273885350314,71.57894736842104,21.19534654710023,0.06100665883274581,0.043834296724470034,3.9308380562268144,0.12877922704082584,0.0341947392708814,EMERGING,fast-v1.2-quality-gated-2026-10-05
2026-03-05,GAS,"Điện, nước & xăng dầu khí đốt",MOMENTUM IGNITION,MOMENTUM IGNITION,69.70326050866686,119.7,0.08,129.276,138.852,75.22577941669459,78.88535031847135,71.33757961783441,79.71337579617834,78.94736842105263,17.454397837747223,0.06400000000000006,0.12924528301886795,1.458073997707793,0.6651841919313242,0.06027568922305765,EMERGING,fast-v1.2-quality-gated-2026-10-05
2026-03-05,PLX,Dầu khí,MOMENTUM IGNITION,MOMENTUM IGNITION,69.39124105269693,62.46,0.08,67.4568,72.4536,78.83372443848475,82.6751592356688,67.07006369426752,84.14012738853503,97.89473684210526,18.93898759637949,0.10700518410208693,0.12520266618627285,1.2845864092002819,0.6751969336141501,0.05401056676272812,EMERGING,fast-v1.2-quality-gated-2026-10-05
2026-03-06,CTI,Xây dựng và Vật liệu,MOMENTUM IGNITION,MOMENTUM IGNITION,77.90794207202808,22.07,0.05420253738106026,23.26625,24.462500000000002,71.97081646423752,81.34615384615388,93.58974358974359,70.83333333333333,53.68421052631579,17.60617938133418,0.001770232853706144,0.002270663033605791,1.7097329220467192,0.04975921299473718,0.03613502492070684,EMERGING,fast-v1.2-quality-gated-2026-10-05
2026-03-06,VOS,Hàng & Dịch vụ Công nghiệp,MOMENTUM IGNITION,MOMENTUM IGNITION,77.40975528420351,16.05,0.08,17.334000000000003,18.618,85.94483805668015,90.25641025641028,90.12820512820512,82.30769230769232,77.36842105263158,8.054487179487168,0.06750914532756891,0.04220779220779214,1.4301899771380016,0.23920295310665607,0.05358255451713397,LEADER,fast-v1.2-quality-gated-2026-10-05
2026-03-06,POW,"Điện, nước & xăng dầu khí đốt",MOMENTUM IGNITION,MOMENTUM IGNITION,75.65840680722437,14.55,0.08,15.714000000000002,16.878,77.71643049932523,81.50641025641028,77.37179487179488,75.06410256410257,76.57894736842104,10.764934111296341,0.021231795051763536,0.0034482758620690834,1.2830303664742588,0.11061279946292984,0.043298969072164954,EMERGING,fast-v1.2-quality-gated-2026-10-05
2026-03-06,PLX,Dầu khí,MOMENTUM IGNITION,MOMENTUM IGNITION,75.52867048527247,59.86,0.08,64.64880000000001,69.43759999999999,79.3172233468286,84.23076923076924,73.14102564102565,81.60256410256409,98.42105263157896,12.857213026911154,0.058111273145079245,0.07275985663082452,1.4172544512121015,0.4021590080693249,0.059898095556298006,EMERGING,fast-v1.2-quality-gated-2026-10-05
2026-03-06,REE,"Điện, nước & xăng dầu khí đốt",MOMENTUM IGNITION,MOMENTUM IGNITION,74.24115559088918,53.88,0.035,55.7658,57.65160000000001,68.6955971659919,76.53846153846155,71.89102564102564,68.55769230769232,76.57894736842104,28.67710731391071,0.004474272930648837,0.003351955307262511,1.3286281186922433,0.18336636306167425,0.02242019302152933,EMERGING,fast-v1.2-quality-gated-2026-10-05
2026-03-06,MBS,Dịch vụ tài chính,MOMENTUM IGNITION,MOMENTUM IGNITION,72.39764212158806,20.53,0.05691670725767171,21.698500000000003,22.867,66.89861673414306,78.30128205128207,85.57692307692308,58.108974358974365,67.10526315789474,11.29963152602474,0.0042557354595706975,-0.02191519771319661,1.6109956930178408,0.0766773259996135,0.03794447150511447,EMERGING,fast-v1.2-quality-gated-2026-10-05
2026-03-06,EVF,Dịch vụ tài chính,MOMENTUM IGNITION,MOMENTUM IGNITION,71.56230898028684,13.6,0.08,14.688,15.775999999999998,81.45310391363023,86.18589743589746,92.21153846153845,78.7820512820513,67.10526315789474,6.607386679368105,0.08431333466214852,-0.01449275362318847,1.5978439421990478,0.09992815087036333,0.04393382352941178,NEUTRAL,fast-v1.2-quality-gated-2026-10-05
2026-03-06,DGC,Hóa chất,MOMENTUM IGNITION,MOMENTUM IGNITION,71.48326219084683,60.59,0.07938603729988447,65.4,70.21000000000001,66.8430330634278,82.17948717948718,79.19871794871794,59.29487179487179,81.57894736842104,18.1523725887116,0.03715369012059355,-0.00948177211051171,1.4005116536558362,0.19082827949817138,0.037085327611817105,EMERGING,fast-v1.2-quality-gated-2026-10-05
2026-03-09,PVD,Dầu khí,MOMENTUM IGNITION,MOMENTUM IGNITION,80.52838845253741,23.66,0.08,25.5528,27.4456,88.51249167221852,88.22784810126585,78.29113924050633,91.07594936708861,97.89473684210526,8.991421840777164,0.06768953068592043,-0.043654001616814764,1.8050384278096665,0.19256763045847225,0.05562130177514792,LEADER,fast-v1.2-quality-gated-2026-10-05
2026-03-09,DGC,Hóa chất,MOMENTUM IGNITION,MOMENTUM IGNITION,78.76977034687587,58.85,0.06212829226847914,62.50625,66.1625,72.6848767488341,87.53164556962028,82.24683544303798,65.28481012658227,86.84210526315789,10.920944860289204,0.00472914141327907,-0.05704214068258284,2.305523737440292,0.047529607910514415,0.04141886151231943,EMERGING,fast-v1.2-quality-gated-2026-10-05
2026-03-09,PVC,Dầu khí,MOMENTUM IGNITION,MOMENTUM IGNITION,76.38664307070046,17.7,0.08,19.116,20.531999999999996,84.09477015323117,84.49367088607595,74.74683544303797,87.15189873417721,97.89473684210526,11.895595746626427,0.09394313967861545,-0.053475935828877,1.64512371861508,0.34102620995389765,0.08220338983050848,EMERGING,fast-v1.2-quality-gated-2026-10-05
2026-03-09,BFC,Hóa chất,MOMENTUM IGNITION,MOMENTUM IGNITION,73.14435730540187,63.42,0.08,68.4936,73.5672,86.8953197868088,81.86708860759495,69.68354430379748,92.12025316455697,86.84210526315789,-2.484625173631528,0.07354148504879365,-0.04372738238841967,1.1104466834403313,0.18430490965288904,0.0675023651844844,LEADER,fast-v1.2-quality-gated-2026-10-05
2026-03-10,DGC,Hóa chất,PULLBACK RECLAIM,PULLBACK RECLAIM,77.26617333161833,62.91,0.07773009060562697,67.79999999999998,72.68999999999998,77.39925986842104,95.09375000000001,90.53125,69.96875,82.89473684210526,24.343085779352215,0.0679998981402099,0.02844531633153502,2.2297906668873075,0.2081909367300473,0.04124145604832297,EMERGING,fast-v1.2-quality-gated-2026-10-05
2026-03-10,EVF,Dịch vụ tài chính,MOMENTUM IGNITION,MOMENTUM IGNITION,75.80892873879426,13.5,0.07111111111111114,14.46,15.42,82.72425986842106,87.59375000000001,88.84375,82.9375,62.89473684210526,11.08787322874494,0.06487872214553336,-0.02527075812274371,1.7002722701271036,0.011007663198705109,0.047407407407407426,EMERGING,fast-v1.2-quality-gated-2026-10-05
2026-03-10,MST,Xây dựng và Vật liệu,MOMENTUM IGNITION,MOMENTUM IGNITION,74.00488146615588,6.9,0.08,7.452000000000001,8.004,76.37754934210525,87.56250000000001,80.25,78.15625,49.47368421052631,21.59575109649122,0.05585309869931154,0.014705882352941346,1.7523107762335446,0.05332420812627456,0.047826086956521734,EMERGING,fast-v1.2-quality-gated-2026-10-05
2026-03-10,STB,Ngân hàng,PULLBACK RECLAIM,PULLBACK RECLAIM,73.57647473355316,65.0,0.08,70.2,75.39999999999999,74.7439144736842,81.62500000000001,70.90625,84.5625,46.57894736842105,14.553124999999987,0.0206485043573843,-0.041297935103244754,1.6514855635490857,-0.40707053648211855,0.04169230769230771,EMERGING,fast-v1.2-quality-gated-2026-10-05
2026-03-10,VTZ,Hóa chất,PULLBACK RECLAIM,PULLBACK RECLAIM,72.78637384825481,20.3,0.035,21.0105,21.721000000000004,74.10238486842105,72.98437500000001,51.40625,79.53125,82.89473684210526,20.169608215249667,0.004950495049504955,0.00995024875621886,1.2241833434117557,-0.02075261042492743,0.013546798029556651,EMERGING,fast-v1.2-quality-gated-2026-10-05
2026-03-10,VCG,Xây dựng và Vật liệu,PULLBACK RECLAIM,PULLBACK RECLAIM,66.46495512453922,17.73,0.07275803722504226,19.02,20.31,64.55879934210526,90.75000000000001,79.40625,57.03125,49.47368421052631,37.59430878879892,0.048275046560440016,0.05285035629453683,2.219994410876543,0.19580959725141533,0.0338409475465313,NEUTRAL,fast-v1.2-quality-gated-2026-10-05
2026-03-11,GMD,Hàng & Dịch vụ Công nghiệp,PULLBACK RECLAIM,PULLBACK RECLAIM,81.32654669883223,74.34,0.08,80.28720000000001,86.2344,82.43519736842106,82.96875000000001,91.1875,85.15625,67.89473684210526,8.411144401609121,0.0037942721343793284,-0.03165298944900341,1.4130089004704052,-0.9667729017353279,0.048036050578423445,NEUTRAL,fast-v1.2-quality-gated-2026-10-05
2026-03-11,VTZ,Hóa chất,PULLBACK RECLAIM,PULLBACK RECLAIM,75.59805399585301,20.4,0.035,21.113999999999997,21.828,76.1484375,78.18750000000001,66.03125,79.84375,80.0,25.048119028662427,0.009401286491835581,0.00990099009900991,1.0156458029064561,-0.012495079512756802,0.013480392156862748,EMERGING,fast-v1.2-quality-gated-2026-10-05
2026-03-11,TNG,Hàng cá nhân & Gia dụng,PULLBACK RECLAIM,PULLBACK RECLAIM,70.10199922678333,22.87,0.08,24.699600000000004,26.5292,81.2798519736842,70.90625000000001,85.0,86.65625,71.57894736842105,-4.188133276064377,0.05142174102935426,-0.07483818770226525,1.0935848824545136,-0.21041296439233137,0.07236554438128552,NEUTRAL,fast-v1.2-quality-gated-2026-10-05
2026-03-11,MST,Xây dựng và Vật liệu,MOMENTUM IGNITION,MOMENTUM IGNITION,69.1458944287811,7.2,0.08,7.776000000000001,8.352,77.8638980263158,87.18750000000001,83.9375,80.9375,48.421052631578945,14.455668056486765,0.09422492401215798,0.028571428571428692,1.2431907405150477,0.059279379445635674,0.047222222222222214,EMERGING,fast-v1.2-quality-gated-2026-10-05
2026-03-11,PAC,Hàng & Dịch vụ Công nghiệp,PULLBACK RECLAIM,PULLBACK RECLAIM,67.11439270998866,22.01,0.08,23.770800000000005,25.5316,70.98519736842105,70.87500000000001,83.6875,66.15625,67.89473684210526,6.379001026502422,0.03955602786633605,-0.05292598967297746,1.1415221598795722,0.02017571237624527,0.04702407996365287,NEUTRAL,fast-v1.2-quality-gated-2026-10-05
2026-03-12,NAF,Thực phẩm và đồ uống,PULLBACK RECLAIM,PULLBACK RECLAIM,74.24251621638342,44.2,0.07352941176470584,47.45,50.7,77.64132245169885,85.06329113924052,81.51898734177215,87.9746835443038,46.315789473684205,10.706692884149405,0.027787466573654163,0.0034052213393871433,1.195529630900446,-0.13687150916459268,0.03156108597285068,EMERGING,fast-v1.2-quality-gated-2026-10-05
2026-03-12,VTZ,Hóa chất,PULLBACK RECLAIM,PULLBACK RECLAIM,72.92346431024987,20.4,0.035,21.113999999999997,21.828,74.26648900732845,74.77848101265825,63.48101265822785,78.5126582278481,88.42105263157895,11.13348531976559,0.00915162008409598,0.0,0.9216026181064092,-0.007809208060362546,0.013480392156862748,EMERGING,fast-v1.2-quality-gated-2026-10-05
2026-03-12,PC1,Xây dựng và Vật liệu,PULLBACK RECLAIM,PULLBACK RECLAIM,64.93682547050723,27.3,0.08,29.484,31.668,72.59468687541639,66.26582278481014,71.29746835443038,82.78481012658229,51.84210526315789,-8.910844468867893,0.005802707930367523,-0.05862068965517242,0.8362031031019926,-0.3120778497031047,0.05467032967032968,NEUTRAL,fast-v1.2-quality-gated-2026-10-05
2026-03-13,DGC,Hóa chất,MOMENTUM IGNITION,MOMENTUM IGNITION,75.60220884777112,64.16,0.08,69.2928,74.42559999999999,77.75391405729513,92.34177215189877,89.90506329113924,75.28481012658227,84.4736842105263,10.910880993867337,0.06355468620495297,0.0589206139627001,1.5416060843805255,0.571674230072861,0.04560473815461346,EMERGING,fast-v1.2-quality-gated-2026-10-05
2026-03-13,HDG,"Điện, nước & xăng dầu khí đốt",MOMENTUM IGNITION,MOMENTUM IGNITION,71.90328838846463,25.88,0.08,27.950400000000002,30.020799999999998,76.8978181212525,86.48734177215192,84.20886075949366,73.98734177215191,78.42105263157895,18.04997736551701,0.06085138652620348,0.040611178126256364,1.3833320736854249,0.12969428665701166,0.033790571870170004,EMERGING,fast-v1.2-quality-gated-2026-10-05
2026-03-13,NAF,Thực phẩm và đồ uống,PULLBACK RECLAIM,PULLBACK RECLAIM,71.27967046729705,45.35,0.08,48.978,52.605999999999995,79.27756495669554,86.17088607594938,83.16455696202533,90.22151898734178,48.421052631578945,10.562990057910127,0.04982927252734526,0.02485875706214702,1.2953263497179694,-0.02290743648603688,0.031422271223814774,EMERGING,fast-v1.2-quality-gated-2026-10-05
2026-03-13,HT1,Xây dựng và Vật liệu,PULLBACK RECLAIM,PULLBACK RECLAIM,68.47842635123396,16.48,0.08,17.7984,19.116799999999998,74.35642904730179,75.28481012658229,74.49367088607595,76.74050632911393,60.263157894736835,3.130804890756579,0.030805316653635728,-0.011397720455908922,1.1702820562127425,-0.0408593190517923,0.04435679611650488,NEUTRAL,fast-v1.2-quality-gated-2026-10-05
2026-03-16,PAC,Hàng & Dịch vụ Công nghiệp,MOMENTUM IGNITION,MOMENTUM IGNITION,75.4019101988701,23.01,0.08,24.850800000000003,26.6916,82.82053630912725,94.24050632911394,96.45569620253166,77.37341772151899,66.57894736842105,14.394153897401736,0.06552442695068295,0.1470588235294119,1.6629757785467127,0.19969178578234392,0.04904389395914818,EMERGING,fast-v1.2-quality-gated-2026-10-05
2026-03-16,MSR,Tài nguyên Cơ bản,MOMENTUM IGNITION,MOMENTUM IGNITION,74.49597739305634,46.52,0.08,50.241600000000005,53.9632,86.25099933377749,95.50632911392407,88.25949367088609,90.12658227848102,57.63157894736842,12.08710859427049,0.08856908856908863,0.16445556946182727,1.1719848007156919,0.17374981954579738,0.10095657781599313,LEADER,fast-v1.2-quality-gated-2026-10-05
2026-03-16,REE,"Điện, nước & xăng dầu khí đốt",MOMENTUM IGNITION,MOMENTUM IGNITION,73.3049669776035,55.09,0.08,59.49720000000001,63.9044,78.65289806795471,84.08227848101268,84.43037974683546,81.8354430379747,77.63157894736842,11.809210526315809,0.02538808025909245,0.09872357399282006,1.096380686245533,0.08888516053517365,0.03014158649482665,EMERGING,fast-v1.2-quality-gated-2026-10-05
2026-03-16,HDG,"Điện, nước & xăng dầu khí đốt",MOMENTUM IGNITION,MOMENTUM IGNITION,71.27729361287233,26.01,0.08,28.090800000000005,30.171599999999998,78.13549300466357,88.32278481012662,85.22151898734178,76.26582278481013,77.63157894736842,29.804463690872765,0.06050721683111804,0.12208800690250232,1.0719738465951862,0.17005938465256773,0.03546712802768164,EMERGING,fast-v1.2-quality-gated-2026-10-05
2026-03-17,PAC,Hàng & Dịch vụ Công nghiệp,MOMENTUM IGNITION,MOMENTUM IGNITION,76.22892040954719,22.74,0.08,24.5592,26.378399999999996,80.50041377027473,87.54716981132077,91.44654088050315,76.47798742138366,67.36842105263159,12.431417059748426,0.04674445902092095,0.06162464985994376,1.2372438055458563,0.16100804945174774,0.05244063324538258,EMERGING,fast-v1.2-quality-gated-2026-10-05
2026-03-17,LPB,Ngân hàng,PULLBACK RECLAIM,PULLBACK RECLAIM,69.7839487879602,40.96,0.08,44.2368,47.5136,70.74652432969216,86.00628930817611,90.69182389937107,75.22012578616352,47.10526315789473,10.654172356007955,0.028719249557344506,0.0677789363920751,1.888890734987068,0.0680970217523606,0.030737304687500026,EMERGING,fast-v1.2-quality-gated-2026-10-05
2026-03-17,VIB,Ngân hàng,PULLBACK RECLAIM,PULLBACK RECLAIM,66.01254202240791,14.72,0.08,15.897600000000002,17.0752,63.16790797749089,78.89937106918241,74.62264150943396,61.76100628930818,47.10526315789473,12.870868503806676,0.004469616841243473,0.05595408895265441,1.3460372416218478,0.049509827428505376,0.02510190217391304,NEUTRAL,fast-v1.2-quality-gated-2026-10-05
2026-03-18,DXP,Hàng & Dịch vụ Công nghiệp,PULLBACK RECLAIM,PULLBACK RECLAIM,73.58667383388915,13.0,0.08,14.040000000000001,15.079999999999998,81.92129934210526,82.90625000000001,83.90625,80.84375,74.47368421052632,,0.03297576479936448,0.048387096774193505,0.8635888997879948,-0.02420958179133295,0.04730769230769232,NEUTRAL,fast-v1.2-quality-gated-2026-10-05
2026-03-18,REE,"Điện, nước & xăng dầu khí đốt",PULLBACK RECLAIM,PULLBACK RECLAIM,73.44717553191082,55.62,0.08,60.0696,64.5192,76.44555921052631,84.90625000000001,79.1875,82.90625,72.36842105263159,13.71365131578947,0.02971396834212703,0.0596304057915793,0.822117936401999,0.16680109179680908,0.03059151384394103,EMERGING,fast-v1.2-quality-gated-2026-10-05
2026-03-18,LPB,Ngân hàng,PULLBACK RECLAIM,PULLBACK RECLAIM,71.2520131387876,41.25,0.08,44.550000000000004,47.849999999999994,73.55534539473683,87.25000000000001,87.21875,76.625,51.3157894736842,11.966282894736835,0.034041913165547166,0.04695431472081224,1.1864269473593252,0.1583437307141217,0.03121212121212123,EMERGING,fast-v1.2-quality-gated-2026-10-05
2026-03-18,HHV,Xây dựng và Vật liệu,PULLBACK RECLAIM,PULLBACK RECLAIM,65.2550890490304,11.6,0.08,12.528,13.456,60.82524671052631,75.81250000000001,72.09375,53.71875,57.368421052631575,23.26759868421052,0.011951496117944549,0.07506950880444863,1.0263371908915566,0.07545406286919204,0.03603448275862067,NEUTRAL,fast-v1.2-quality-gated-2026-10-05
2026-03-19,QTP,"Điện, nước & xăng dầu khí đốt",PULLBACK RECLAIM,PULLBACK RECLAIM,77.14289330636511,13.6,0.08,14.688,15.775999999999998,86.22384766263484,90.40372670807453,94.16149068322981,86.80124223602485,77.10526315789473,,0.04978772674642973,0.03816793893129766,2.261899568081672,0.03925701917139282,0.041911764705882364,LEADER,fast-v1.2-quality-gated-2026-10-05
2026-03-19,REE,"Điện, nước & xăng dầu khí đốt",FAST BREAKOUT,FAST BREAKOUT,76.66773882922507,56.83,0.08,61.376400000000004,65.9228,84.13378555083361,92.0186335403727,93.94409937888199,85.37267080745342,77.10526315789473,7.48288615043387,0.04841759600040563,0.04640029460504502,2.0310169426702873,0.2706632385904948,0.03246524722857646,NEUTRAL,fast-v1.2-quality-gated-2026-10-05
2026-03-19,HDG,"Điện, nước & xăng dầu khí đốt",PULLBACK RECLAIM,PULLBACK RECLAIM,75.82843010757436,26.01,0.08,28.090800000000005,30.171599999999998,80.70055573716901,87.98136645962734,91.92546583850933,79.31677018633539,77.10526315789473,5.954719627908517,0.04773413897280987,0.01403508771929829,1.4893542205109271,0.1372117714401218,0.038869665513264116,NEUTRAL,fast-v1.2-quality-gated-2026-10-05
2026-03-19,MCH,Thực phẩm và đồ uống,MOMENTUM IGNITION,MOMENTUM IGNITION,66.03789228732582,158.65,0.08,171.342,184.034,71.87373324615888,85.90062111801244,96.52173913043478,65.37267080745342,45.78947368421052,39.96500573116887,0.09058038261395573,0.14672930972172038,1.7687368012756972,2.6799842334409965,0.050920264733690525,EMERGING,fast-v1.2-quality-gated-2026-10-05
2026-03-19,HHV,Xây dựng và Vật liệu,PULLBACK RECLAIM,PULLBACK RECLAIM,63.69266373860115,11.6,0.08,12.528,13.456,61.089408303367115,75.4192546583851,69.44099378881988,55.74534161490683,56.05263157894737,9.497885984912749,0.011951496117944549,0.043165467625899234,1.082774304466094,0.07784085578279928,0.03909482758620689,NEUTRAL,fast-v1.2-quality-gated-2026-10-05
2026-03-20,HDG,"Điện, nước & xăng dầu khí đốt",FAST BREAKOUT,FAST BREAKOUT,78.31087011042878,26.51,0.08,28.630800000000004,30.7516,85.27124877410918,92.20496894409939,93.1055900621118,83.04347826086956,85.78947368421053,8.373430652856683,0.062269594486295876,0.024343122102009396,2.247616152692881,0.16670473855675177,0.04021124104111654,LEADER,fast-v1.2-quality-gated-2026-10-05
2026-03-20,QTP,"Điện, nước & xăng dầu khí đốt",FAST BREAKOUT,FAST BREAKOUT,78.00563250456008,14.1,0.08,15.228,16.355999999999998,90.94826740764955,94.16149068322983,97.48447204968943,90.7919254658385,85.78947368421053,,0.08170310701956263,0.03676470588235303,3.5793362933787427,0.08145293979064425,0.04432624113475179,MATURE,fast-v1.2-quality-gated-2026-10-05
2026-03-20,PAC,Hàng & Dịch vụ Công nghiệp,PULLBACK RECLAIM,PULLBACK RECLAIM,74.58677397975667,23.65,0.08,25.542,27.433999999999997,82.42276887871853,89.93788819875779,97.36024844720495,82.48447204968944,56.8421052631579,-1.3009986096225816,0.06861261098434346,-0.005466778805719219,2.690635221681647,0.12941538349911796,0.05520084566596195,NEUTRAL,fast-v1.2-quality-gated-2026-10-05
2026-03-20,MCH,Thực phẩm và đồ uống,MOMENTUM IGNITION,MOMENTUM IGNITION,71.98573437198078,152.74,0.08,164.9592,177.1784,70.72352075841779,87.85714285714286,95.24844720496895,65.83850931677019,47.63157894736842,27.24975327007669,0.047822239296421154,0.10713250217454329,3.871758505366742,2.396676768027697,0.05353541966740867,EMERGING,fast-v1.2-quality-gated-2026-10-05
2026-03-23,REE,"Điện, nước & xăng dầu khí đốt",MOMENTUM IGNITION,MOMENTUM IGNITION,85.02132257553366,56.48,0.08,60.998400000000004,65.51679999999999,89.03407976462897,94.96894409937889,95.21739130434783,90.09316770186334,82.63157894736842,10.381181696674261,0.03305104896383937,0.025231439462697347,1.4385995919574899,0.3702885728616132,0.03990793201133145,LEADER,fast-v1.2-quality-gated-2026-10-05
2026-03-23,PET,Bán lẻ,MOMENTUM IGNITION,MOMENTUM IGNITION,81.07420229274103,27.32,0.08,29.5056,31.6912,81.5520594965675,90.71428571428574,74.56521739130434,89.34782608695653,58.68421052631579,13.522828983576161,0.009477709830583825,0.017883755588673722,1.1459893472941003,0.1826057916781172,0.06965592972181552,EMERGING,fast-v1.2-quality-gated-2026-10-05
2026-03-24,QTP,"Điện, nước & xăng dầu khí đốt",MOMENTUM IGNITION,MOMENTUM IGNITION,82.8352929591492,13.7,0.08,14.796,15.891999999999998,88.42881660673422,91.73913043478261,91.67701863354037,90.27950310559005,82.10526315789474,11.076698102927537,0.04341203351104328,0.04580152671755733,1.0884464221911845,0.067030287915404,0.04963503649635038,LEADER,fast-v1.2-quality-gated-2026-10-05
2026-03-24,HDG,"Điện, nước & xăng dầu khí đốt",PULLBACK RECLAIM,PULLBACK RECLAIM,79.73678948433947,27.15,0.08,29.322,31.493999999999996,88.71453089244851,95.80745341614909,95.40372670807453,86.61490683229812,82.10526315789474,12.68002245153491,0.07860079852213797,0.049072642967542546,1.6636128883229695,0.1749888718880498,0.04355432780847145,LEADER,fast-v1.2-quality-gated-2026-10-05
2026-03-24,PAC,Hàng & Dịch vụ Công nghiệp,PULLBACK RECLAIM,PULLBACK RECLAIM,78.18183864933553,23.83,0.08,25.7364,27.642799999999998,84.94426283099051,95.86956521739134,97.7639751552795,83.97515527950311,59.73684210526316,4.4438490607157775,0.06698307513208546,0.047933157431838236,1.6315683865884276,0.08271387384875956,0.06091061686949223,NEUTRAL,fast-v1.2-quality-gated-2026-10-05
2026-03-25,QTP,"Điện, nước & xăng dầu khí đốt",PULLBACK RECLAIM,PULLBACK RECLAIM,83.05511231684326,14.3,0.08,15.444000000000003,16.588,91.87574013157895,95.00000000000001,97.0,91.390625,87.10526315789474,18.491118421052633,0.08210367007188824,0.08333333333333348,1.8529328900659265,0.09385768675917605,0.0506993006993007,LEADER,fast-v1.2-quality-gated-2026-10-05
2026-03-25,VCG,Xây dựng và Vật liệu,MOMENTUM IGNITION,MOMENTUM IGNITION,68.39085199208584,19.51,0.0796514607893388,21.064000000000004,22.618000000000002,72.63675986842105,81.50000000000001,84.78125,76.375,57.89473684210526,-3.3666118421052573,0.049997309079166996,-0.00661914460285129,1.0556153636302488,0.023452742412088945,0.0531009738595592,NEUTRAL,fast-v1.2-quality-gated-2026-10-05
2026-03-26,VVS,Ô tô và phụ tùng,PULLBACK RECLAIM,PULLBACK RECLAIM,85.58748093643591,80.88,0.08,87.35040000000001,93.82079999999999,86.17047335319432,87.48427672955975,88.17610062893083,80.9119496855346,80.78947368421052,17.63778293148789,0.0002535261781237974,0.026005327920842314,1.2330514294684378,-2.201322088719831,0.07598911968348171,LEADER,fast-v1.2-quality-gated-2026-10-05
2026-03-26,TNG,Hàng cá nhân & Gia dụng,PULLBACK RECLAIM,PULLBACK RECLAIM,81.12099555517949,23.98,0.08,25.898400000000002,27.816799999999997,86.39721946375371,94.02515723270443,91.0377358490566,90.34591194968554,63.68421052631578,15.379076279706638,0.0595148676710997,0.06577777777777771,1.450829694323144,-0.08820510594711162,0.07032944120100083,LEADER,fast-v1.2-quality-gated-2026-10-05
2026-03-26,PAC,Hàng & Dịch vụ Công nghiệp,MOMENTUM IGNITION,MOMENTUM IGNITION,79.83348350548606,24.1,0.08,26.028000000000002,27.956,84.09806355511421,95.00000000000003,97.95597484276729,83.23899371069183,56.315789473684205,14.015356788196911,0.06167400881057272,0.0598065083553212,1.5757065632648393,0.1754116178754025,0.06522821576763484,EMERGING,fast-v1.2-quality-gated-2026-10-05
2026-03-26,PC1,Xây dựng và Vật liệu,PULLBACK RECLAIM,PULLBACK RECLAIM,79.15222892830424,28.3,0.08,30.564000000000004,32.827999999999996,81.55188679245283,90.22012578616354,86.19496855345913,83.17610062893081,60.0,19.043223830700633,0.030965391621129434,0.10116731517509736,1.259991518374299,-0.013550914328033403,0.06015901060070672,EMERGING,fast-v1.2-quality-gated-2026-10-05
2026-03-26,DCM,Hóa chất,PULLBACK RECLAIM,PULLBACK RECLAIM,76.73087557959087,45.95,0.08,49.626000000000005,53.302,83.26580602449519,91.57232704402517,84.84276729559748,90.53459119496857,49.47368421052632,9.632347377878645,0.04637526045521301,0.07889175862878606,0.9255756607752068,-0.2799576993791444,0.06668117519042438,NEUTRAL,fast-v1.2-quality-gated-2026-10-05
2026-03-27,HUT,Ô tô và phụ tùng,MOMENTUM IGNITION,MOMENTUM IGNITION,73.71927831051632,17.5,0.08,18.900000000000002,20.299999999999997,81.68820786142572,87.65822784810129,85.15822784810126,81.55063291139241,78.94736842105263,16.395628587153084,0.08359133126934992,0.09375,1.2701724096587776,0.13857481070293748,0.05028571428571427,EMERGING,fast-v1.2-quality-gated-2026-10-05
2026-03-27,DXP,Hàng & Dịch vụ Công nghiệp,FAST BREAKOUT,FAST BREAKOUT,73.19645585222372,13.4,0.08,14.472000000000001,15.543999999999999,80.14140572951365,83.35443037974684,91.4240506329114,83.48101265822785,52.368421052631575,11.93292256508083,0.05719921104536496,0.0551181102362206,1.6548979329824112,0.010317567239037206,0.04962686567164178,EMERGING,fast-v1.2-quality-gated-2026-10-05
2026-03-27,NLG,Bất động sản,MOMENTUM IGNITION,MOMENTUM IGNITION,65.00120191227285,28.8,0.08,31.104000000000003,33.408,70.06945369753498,81.26582278481014,80.72784810126582,64.65189873417722,62.89473684210526,21.21231084039212,0.08570674608410456,0.0596026490066226,1.1270173294062478,0.3585112763513457,0.04378472222222224,EMERGING,fast-v1.2-quality-gated-2026-10-05
2026-03-30,HUT,Ô tô và phụ tùng,MOMENTUM IGNITION,MOMENTUM IGNITION,69.18556844138917,17.1,0.08,18.468000000000004,19.836,76.52996604414261,76.93548387096776,78.54838709677419,78.87096774193546,73.15789473684211,10.087337734237423,0.05522986732489987,0.08227848101265822,0.9375745180801531,0.13617220044891634,0.05146198830409354,EMERGING,fast-v1.2-quality-gated-2026-10-05
2026-03-30,TNG,Hàng cá nhân & Gia dụng,PULLBACK RECLAIM,PULLBACK RECLAIM,63.82711499054665,23.7,0.08,25.596,27.491999999999997,73.54541595925298,76.96774193548389,65.3225806451613,85.64516129032256,46.31578947368421,5.08603380822322,0.04631142112930986,0.13180515759312317,0.8024986579473915,0.024579884848061062,0.06493670886075951,NEUTRAL,fast-v1.2-quality-gated-2026-10-05
2026-03-31,HUT,Ô tô và phụ tùng,MOMENTUM IGNITION,MOMENTUM IGNITION,76.4729414923811,17.3,0.08,18.684,20.067999999999998,82.25679117147708,85.90322580645163,91.64516129032258,82.48387096774195,78.42105263157895,11.641026215609145,0.0626535626535627,0.06790123456790131,1.8316075867603594,0.13927956081026452,0.05462427745664738,EMERGING,fast-v1.2-quality-gated-2026-10-05
2026-03-31,TNG,Hàng cá nhân & Gia dụng,PULLBACK RECLAIM,PULLBACK RECLAIM,66.86981845782226,24.35,0.08,26.298000000000002,28.246,77.29711375212226,84.19354838709678,73.93548387096774,88.48387096774194,48.421052631578945,7.8161559227662565,0.07413043957740562,0.13785046728971984,1.0786071683855816,0.0853130550006358,0.06073921971252569,NEUTRAL,fast-v1.2-quality-gated-2026-10-05
2026-04-01,VPL,Du lịch và Giải trí,MOMENTUM IGNITION,MOMENTUM IGNITION,72.47380366777062,83.9,0.08,90.61200000000001,97.324,72.17896456828345,83.4967320261438,95.3921568627451,69.41176470588235,68.15789473684211,13.277731015651867,0.061286446145089046,0.01696969696969708,3.031308420159381,1.0374952607418084,0.04791418355184742,EMERGING,fast-v1.2-quality-gated-2026-10-05
2026-04-01,PDR,Bất động sản,MOMENTUM IGNITION,MOMENTUM IGNITION,65.8997402700463,16.25,0.08,17.55,18.849999999999998,63.18421052631579,84.24836601307192,82.81045751633988,57.222222222222214,58.421052631578945,16.34629934210526,0.05195015374656098,0.06209150326797386,1.2465751783487682,0.24009710931462858,0.04246153846153846,NEUTRAL,fast-v1.2-quality-gated-2026-10-05
2026-04-02,BVH,Bảo hiểm,MOMENTUM IGNITION,MOMENTUM IGNITION,74.26046614376445,82.5,0.08,89.10000000000001,95.69999999999999,83.52302631578948,79.07894736842107,82.5328947368421,85.39473684210526,93.94736842105263,3.374565541211524,0.06307583274273587,0.012269938650306678,1.8602865238460928,0.5797603189677791,0.05042424242424243,NEUTRAL,fast-v1.2-quality-gated-2026-10-05
2026-04-02,VPL,Du lịch và Giải trí,MOMENTUM IGNITION,MOMENTUM IGNITION,69.7729410196687,83.9,0.08,90.61200000000001,97.324,70.03125,81.44736842105264,83.32236842105263,71.08552631578948,62.89473684210526,13.972577375041368,0.05567788612771318,0.025672371638141955,0.9824255553703964,0.9727371731326472,0.04719904648390939,EMERGING,fast-v1.2-quality-gated-2026-10-05
2026-04-02,NLG,Bất động sản,MOMENTUM IGNITION,MOMENTUM IGNITION,68.1208990626666,28.94,0.08,31.255200000000002,33.5704,73.13651315789474,85.06578947368423,84.44078947368422,69.76973684210526,60.263157894736835,10.843481049321419,0.06459682165980007,0.03876525484565696,0.9842038426875066,0.3066096500014118,0.041758811333794076,EMERGING,fast-v1.2-quality-gated-2026-10-05
2026-04-02,ABB,Ngân hàng,MOMENTUM IGNITION,MOMENTUM IGNITION,67.38442234975888,12.59,0.08,13.5972,14.604399999999998,71.14555921052632,87.76315789473686,72.63157894736841,82.20394736842104,51.05263157894737,15.762283805031451,0.04459655673096874,0.05091819699499167,1.576992019747033,0.10588349618454285,0.027442414614773633,EMERGING,fast-v1.2-quality-gated-2026-10-05
2026-04-02,PDR,Bất động sản,MOMENTUM IGNITION,MOMENTUM IGNITION,67.14352209718486,16.1,0.08,17.388,18.676000000000002,63.1266447368421,82.07236842105264,84.11184210526315,56.51315789473685,60.263157894736835,15.990845332671299,0.040723981900452344,0.04885993485342022,1.0910043225225543,0.21670886139835494,0.04254658385093167,NEUTRAL,fast-v1.2-quality-gated-2026-10-05
2026-04-03,DCL,Y tế,MOMENTUM IGNITION,MOMENTUM IGNITION,86.12985335003341,56.7,0.05343915343915343,59.730000000000004,62.76,86.2854115153656,85.03355704697988,91.14093959731544,82.88590604026845,95.78947368421052,11.809728637284323,0.001501368895169275,0.0017667844522968323,1.3221859369186888,0.12015685210113936,0.035626102292768955,LEADER,fast-v1.2-quality-gated-2026-10-05
2026-04-03,VPL,Du lịch và Giải trí,MOMENTUM IGNITION,MOMENTUM IGNITION,77.30181602036457,83.2,0.08,89.85600000000001,96.512,71.51395266690216,89.69798657718123,93.95973154362417,72.11409395973155,57.368421052631575,19.20099463892081,0.04260651629072698,0.002409638554216942,1.778323965807023,0.8417797996405432,0.04963942307692306,EMERGING,fast-v1.2-quality-gated-2026-10-05
2026-04-03,BVH,Bảo hiểm,MOMENTUM IGNITION,MOMENTUM IGNITION,76.81402617158435,85.0,0.08,91.80000000000001,98.6,86.16116213352173,86.81208053691277,76.64429530201342,88.12080536912751,97.89473684210526,12.354116830390481,0.08939442486382565,0.011904761904761862,1.1428457004785775,0.5865313992034604,0.05123529411764705,LEADER,fast-v1.2-quality-gated-2026-10-05
2026-04-03,MST,Xây dựng và Vật liệu,MOMENTUM IGNITION,MOMENTUM IGNITION,75.20699310410613,9.0,0.08,9.72,10.44,86.41125044154009,94.19463087248324,91.51006711409397,92.75167785234899,55.78947368421052,10.481203805963801,0.1049723756906078,0.0843373493975903,1.1743751459939267,0.0321740315484797,0.05944444444444447,LEADER,fast-v1.2-quality-gated-2026-10-05
2026-04-03,NVL,Bất động sản,MOMENTUM IGNITION,MOMENTUM IGNITION,74.80994775057923,13.33,0.08,14.396400000000002,15.4628,83.36519780996113,90.62080536912755,96.2751677852349,82.5503355704698,63.68421052631579,2.423908669388183,0.08972000817494408,0.0,1.3320826779994206,0.09671951545228202,0.0571642910727682,NEUTRAL,fast-v1.2-quality-gated-2026-10-05
2026-04-06,MST,Xây dựng và Vật liệu,MOMENTUM IGNITION,MOMENTUM IGNITION,79.68021015651772,8.6,0.08,9.288,9.975999999999999,84.18448464912282,91.63194444444446,88.29861111111111,91.42361111111111,51.05263157894736,10.158168859649138,0.04305639781685855,0.023809523809523725,0.9702568545601585,0.0012680231629025873,0.06104651162790701,EMERGING,fast-v1.2-quality-gated-2026-10-05
2026-04-06,NVL,Bất động sản,MOMENTUM IGNITION,MOMENTUM IGNITION,78.8703072371099,13.56,0.08,14.644800000000002,15.7296,87.20614035087718,97.18750000000001,96.84027777777777,85.06944444444444,68.94736842105263,10.300113186191282,0.09169954109975054,0.05034856700232382,1.120368579623118,0.09693544960999961,0.056710914454277284,LEADER,fast-v1.2-quality-gated-2026-10-05
2026-04-06,VPL,Du lịch và Giải trí,MOMENTUM IGNITION,MOMENTUM IGNITION,76.1488952504739,82.6,0.08,89.208,95.81599999999999,71.02074195906432,85.4166666666667,90.0,73.81944444444444,65.78947368421052,11.971845524429341,0.027874564459930307,-0.008403361344537896,1.070157001369383,0.6806581781093956,0.049334140435835346,EMERGING,fast-v1.2-quality-gated-2026-10-05
2026-04-06,VC3,Bất động sản,MOMENTUM IGNITION,MOMENTUM IGNITION,75.28693206769759,24.59,0.05286701911346081,25.89,27.19,74.46134868421052,84.68750000000003,90.59027777777776,80.1388888888889,68.94736842105263,10.58757958404074,0.019908751555371307,0.0077868852459017646,1.3209995433604151,0.127435244852605,0.021167141114274094,EMERGING,fast-v1.2-quality-gated-2026-10-05
2026-04-06,MSB,Ngân hàng,MOMENTUM IGNITION,MOMENTUM IGNITION,71.05904876379493,9.6,0.05208333333333337,10.100000000000001,10.6,67.87874634502924,81.80555555555556,86.94444444444444,65.83333333333334,57.63157894736841,15.749374528390874,0.016195617656398875,0.01372756071805692,1.0949146973928143,0.05307363115274964,0.020989583333333343,EMERGING,fast-v1.2-quality-gated-2026-10-05
2026-04-06,SIP,Bất động sản,PULLBACK RECLAIM,PULLBACK RECLAIM,70.96329747287815,56.77,0.08,61.311600000000006,65.8532,78.09850146198829,86.00694444444446,68.02083333333333,86.73611111111111,68.94736842105263,10.111829136012062,0.04843252227711359,0.015018773466833668,0.8969458957186437,0.43447107170170063,0.03223533556455875,EMERGING,fast-v1.2-quality-gated-2026-10-05
2026-04-06,ABB,Ngân hàng,MOMENTUM IGNITION,MOMENTUM IGNITION,68.76852551558119,12.68,0.06861198738170338,13.549999999999997,14.419999999999998,73.0202394005848,84.70486111111113,71.66666666666666,87.39583333333333,57.63157894736841,14.297319196849656,0.043793216990451134,0.0,1.0718687672276628,0.07919663543371377,0.02318611987381703,EMERGING,fast-v1.2-quality-gated-2026-10-05
2026-04-06,GEX,Hàng & Dịch vụ Công nghiệp,MOMENTUM IGNITION,MOMENTUM IGNITION,67.66201949752664,25.1,0.08,27.108000000000004,29.116,65.04303728070175,82.50000000000001,76.73611111111111,62.43055555555555,58.1578947368421,12.323937110922472,0.045158335241823,0.0027966440271673942,0.9361802521222891,0.21948628918010887,0.04713147410358565,EMERGING,fast-v1.2-quality-gated-2026-10-05
2026-04-07,VSC,Hàng & Dịch vụ Công nghiệp,PULLBACK RECLAIM,PULLBACK RECLAIM,77.02720769281856,24.6,0.08,26.568000000000005,28.536,76.42344497607655,89.75524475524477,79.02097902097903,67.86713286713287,55.52631578947368,39.29364871122086,0.01370145256000832,0.03797468354430378,1.564674709462785,-0.05531783766932472,0.041869918699187,EMERGING,fast-v1.2-quality-gated-2026-10-05
2026-04-07,VPL,Du lịch và Giải trí,MOMENTUM IGNITION,MOMENTUM IGNITION,75.10743310066724,81.9,0.07216117216117213,87.81,93.72,67.00064409274935,81.0839160839161,87.23776223776224,69.16083916083916,63.421052631578945,15.95463390599214,0.01355114163727511,-0.017985611510791366,1.114474857738641,0.501143327874819,0.04810744810744809,EMERGING,fast-v1.2-quality-gated-2026-10-05
2026-04-07,VTP,Hàng & Dịch vụ Công nghiệp,PULLBACK RECLAIM,PULLBACK RECLAIM,67.25983581625908,61.5,0.08,66.42,71.33999999999999,70.87624217887375,84.89510489510491,85.24475524475525,57.37762237762237,55.52631578947368,14.969026559179355,0.060591689444956964,0.01804337030293013,1.6427734998758028,0.7655298061901321,0.04032520325203253,EMERGING,fast-v1.2-quality-gated-2026-10-05
2026-04-08,CII,Xây dựng và Vật liệu,PULLBACK RECLAIM,PULLBACK RECLAIM,65.91136851653482,18.8,0.08,20.304000000000002,21.808,70.8907441016334,85.51724137931036,84.48275862068965,71.0,56.315789473684205,3.8000148274675922,0.07798165137614665,0.02452316076294281,1.690484052854761,0.14178005660735302,0.047872340425531915,NEUTRAL,fast-v1.2-quality-gated-2026-10-05
2026-04-08,CEO,Bất động sản,FAST BREAKOUT,FAST BREAKOUT,63.55717920722514,16.7,0.08,18.036,19.371999999999996,65.5307622504537,83.86206896551727,76.72413793103448,56.93103448275862,63.42105263157894,13.340015776425496,0.09511787271713823,0.04767879548306153,1.6461781122784438,0.22894961580597067,0.058652694610778454,EMERGING,fast-v1.2-quality-gated-2026-10-05
2026-04-08,VIB,Ngân hàng,PULLBACK RECLAIM,PULLBACK RECLAIM,59.54710172691352,15.02,0.04593874833555256,15.71,16.4,60.91152450090743,67.65517241379311,80.41379310344827,57.48275862068965,66.84210526315789,4.142260655018205,0.027008547008547046,0.008730691739422314,2.2042655175420807,0.030581743129402053,0.023035952063914778,NEUTRAL,fast-v1.2-quality-gated-2026-10-05
2026-04-08,DXG,Bất động sản,PULLBACK RECLAIM,PULLBACK RECLAIM,56.949033621962194,13.05,0.08,14.094000000000001,15.138,58.88938294010889,71.0689655172414,66.79310344827586,54.48275862068965,63.42105263157894,5.940466531440158,0.0550143498120379,0.02755905511811041,1.4447623800220843,0.08863526050858259,0.04318007662835248,FADING,fast-v1.2-quality-gated-2026-10-05
2026-04-08,PDR,Bất động sản,PULLBACK RECLAIM,PULLBACK RECLAIM,56.50030727358349,16.6,0.08,17.928000000000004,19.256,61.678176043557166,73.63793103448278,71.89655172413794,58.99999999999999,63.42105263157894,-1.506034482758622,0.06036410092622169,0.02153846153846173,1.4731897053414507,0.13759147775952726,0.03855421686746987,NEUTRAL,fast-v1.2-quality-gated-2026-10-05
2026-04-08,DIG,Bất động sản,PULLBACK RECLAIM,PULLBACK RECLAIM,56.119613243973234,13.6,0.07205882352941184,14.580000000000002,15.560000000000002,57.5049001814882,70.4137931034483,70.17241379310346,50.51724137931035,63.42105263157894,2.670362857786799,0.04893756507654934,0.010401188707280795,1.5400831167254525,0.1123488727955847,0.038933823529411736,FADING,fast-v1.2-quality-gated-2026-10-05
2026-04-08,FCN,Xây dựng và Vật liệu,FAST BREAKOUT,FAST BREAKOUT,54.60970250974863,13.3,0.08,14.364000000000003,15.427999999999999,60.48729582577132,70.4137931034483,63.241379310344826,58.44827586206897,56.315789473684205,-0.9057210300938365,0.05221518987341778,0.01526717557251911,1.3690380686497876,0.1144143071820093,0.03853383458646615,NEUTRAL,fast-v1.2-quality-gated-2026-10-05
2026-04-09,HUT,Ô tô và phụ tùng,PULLBACK RECLAIM,PULLBACK RECLAIM,76.44027002972102,17.3,0.08,18.684,20.067999999999998,81.8415607985481,83.17241379310347,93.6551724137931,75.06896551724138,81.05263157894737,8.390902903811266,0.043425814234016924,0.03592814371257491,2.1686322402678284,0.004908572499711827,0.04942196531791906,NEUTRAL,fast-v1.2-quality-gated-2026-10-05
2026-04-09,HHV,Xây dựng và Vật liệu,FAST BREAKOUT,FAST BREAKOUT,71.86475756458036,12.27,0.08,13.2516,14.233199999999998,77.58520871143375,85.93103448275863,89.37931034482759,67.89655172413792,69.21052631578947,21.54409029038112,0.06607585038446495,0.06602953953084278,3.6421947893294124,0.06835731916055679,0.0415240423797881,EMERGING,fast-v1.2-quality-gated-2026-10-05
2026-04-09,CII,Xây dựng và Vật liệu,MOMENTUM IGNITION,MOMENTUM IGNITION,71.01964035197727,18.9,0.07936507936507942,20.400000000000002,21.9,76.0817604355717,85.82758620689657,90.06896551724138,72.55172413793105,69.21052631578947,8.511036751361175,0.07539118065433859,0.021621621621621623,1.5922456148933533,0.15685140965943895,0.04841269841269841,NEUTRAL,fast-v1.2-quality-gated-2026-10-05
2026-04-09,DXG,Bất động sản,FAST BREAKOUT,FAST BREAKOUT,68.62819335532821,13.36,0.08,14.4288,15.497599999999998,71.02513611615245,86.86206896551725,88.51724137931035,62.89655172413793,70.78947368421052,15.130399274047186,0.0747325235298848,0.051968503937007915,1.973434610251516,0.12778397104169759,0.04296407185628742,EMERGING,fast-v1.2-quality-gated-2026-10-05
2026-04-09,VCG,Xây dựng và Vật liệu,PULLBACK RECLAIM,PULLBACK RECLAIM,67.83857429779333,20.4,0.08,22.032,23.663999999999998,69.31107078039926,73.44827586206897,88.86206896551724,68.44827586206895,69.21052631578947,4.515018148820303,0.03882877148313146,0.033958438925494105,2.002570720697728,-0.005478264838129854,0.05161764705882353,NEUTRAL,fast-v1.2-quality-gated-2026-10-05
2026-04-09,CTD,Xây dựng và Vật liệu,PULLBACK RECLAIM,PULLBACK RECLAIM,65.6797046844242,78.95,0.055991133628879086,83.37050000000002,87.79100000000001,70.81279491833031,66.03448275862071,72.48275862068965,66.37931034482759,69.21052631578947,0.6368080762250514,0.0062259834441096285,0.011012933794339874,1.094121244912842,-0.20222001932270717,0.03732742241925272,NEUTRAL,fast-v1.2-quality-gated-2026-10-05
2026-04-09,HDC,Bất động sản,MOMENTUM IGNITION,MOMENTUM IGNITION,65.0476333073387,16.7,0.08,18.036,19.371999999999996,65.152722323049,81.10344827586208,88.82758620689656,47.20689655172415,70.78947368421052,14.003051270417423,0.058502883944983264,0.037911746426351645,2.1907753908256042,0.18686640262803156,0.040958083832335325,EMERGING,fast-v1.2-quality-gated-2026-10-05
2026-04-09,DPG,Xây dựng và Vật liệu,FAST BREAKOUT,FAST BREAKOUT,63.35274317576693,42.65,0.08,46.062000000000005,49.474,70.1024500907441,70.3793103448276,68.27586206896552,63.137931034482754,69.21052631578947,18.83435798548095,0.047396856581532365,0.03218780251694087,1.4842222201819701,0.31949434204370786,0.034126611957796,EMERGING,fast-v1.2-quality-gated-2026-10-05
2026-04-10,TCH,Bất động sản,MOMENTUM IGNITION,MOMENTUM IGNITION,66.49340750544609,15.48,0.08,16.718400000000003,17.956799999999998,75.36073017049665,75.28169014084509,81.76056338028168,73.34507042253522,65.26315789473684,2.39737799811941,0.05762989785809469,0.030625832223701854,1.145319931761632,0.07851528376100142,0.05051679586563307,NEUTRAL,fast-v1.2-quality-gated-2026-10-05
2026-04-10,VIB,Ngân hàng,FAST BREAKOUT,FAST BREAKOUT,64.82560326322307,15.11,0.05162144275314362,15.889999999999999,16.669999999999998,67.5429948109711,76.2323943661972,86.61971830985915,58.87323943661973,73.94736842105263,14.150907209416872,0.0299931833674163,0.04785020804438278,1.9107340464773146,0.0587014976942577,0.02253474520185308,EMERGING,fast-v1.2-quality-gated-2026-10-05
2026-04-10,SHS,Dịch vụ tài chính,MOMENTUM IGNITION,MOMENTUM IGNITION,64.09272472386802,17.9,0.08,19.332,20.763999999999996,65.42753891771683,80.35211267605635,76.90140845070424,49.43661971830987,62.89473684210526,31.37278794632863,0.07442977190876343,0.059171597633136175,1.6711315167542329,0.28016751850520516,0.05558659217877095,EMERGING,fast-v1.2-quality-gated-2026-10-05
2026-04-10,NAF,Thực phẩm và đồ uống,PULLBACK RECLAIM,PULLBACK RECLAIM,63.33997661812657,50.2,0.06772908366533881,53.60000000000001,57.00000000000002,75.41679021497406,70.84507042253523,75.42253521126761,87.00704225352112,48.1578947368421,0.9466383251824624,0.03896103896103886,0.023445463812436396,1.08472246536085,-0.13299494584139726,0.030229083665338646,NEUTRAL,fast-v1.2-quality-gated-2026-10-05
2026-04-10,EIB,Ngân hàng,PULLBACK RECLAIM,PULLBACK RECLAIM,63.05453788794927,23.1,0.05627705627705626,24.400000000000002,25.7,66.82644551519644,69.92957746478875,78.16901408450704,54.82394366197184,73.94736842105263,4.107176705588522,0.022463206816421444,0.04288939051918739,2.8701549906057613,0.010209062706030586,0.03560606060606059,NEUTRAL,fast-v1.2-quality-gated-2026-10-05
2026-04-10,BVB,Ngân hàng,PULLBACK RECLAIM,PULLBACK RECLAIM,61.48824172367843,12.6,0.07936507936507942,13.600000000000001,14.600000000000001,63.62222016308376,72.887323943662,76.33802816901408,52.67605633802816,73.94736842105263,12.025434574952357,0.043910521955260906,0.04132231404958686,1.7546162362941533,0.12139932780945226,0.03452380952380954,NEUTRAL,fast-v1.2-quality-gated-2026-10-05
2026-04-10,DXG,Bất động sản,MOMENTUM IGNITION,MOMENTUM IGNITION,59.59545285263869,13.4,0.08,14.472000000000001,15.543999999999999,67.55791326908822,75.73943661971832,69.43661971830986,63.66197183098592,65.26315789473684,9.347916801408957,0.07320198622457141,0.059288537549407216,0.9608551769531274,0.1492143147979717,0.04205223880597015,NEUTRAL,fast-v1.2-quality-gated-2026-10-05
2026-04-10,VGC,Xây dựng và Vật liệu,PULLBACK RECLAIM,PULLBACK RECLAIM,58.83394544014987,43.74,0.06767261088248744,46.7,49.660000000000004,59.293643439584876,65.21126760563382,70.24647887323944,48.97887323943661,65.52631578947368,10.627359440997807,0.02709810735922602,0.03673856364067318,1.2791348978635362,0.24891479007573558,0.038751714677640596,FADING,fast-v1.2-quality-gated-2026-10-05
2026-04-13,HHV,Xây dựng và Vật liệu,MOMENTUM IGNITION,MOMENTUM IGNITION,67.66629575967528,12.27,0.08,13.2516,14.233199999999998,74.64788732394365,78.94366197183099,87.6056338028169,67.71126760563381,75.0,16.68909711926529,0.06256765533665298,0.09847806624888089,2.0546244112481906,0.10556925282639805,0.03993480032599836,EMERGING,fast-v1.2-quality-gated-2026-10-05
2026-04-13,DPG,Xây dựng và Vật liệu,FAST BREAKOUT,FAST BREAKOUT,67.05879577824207,43.54,0.08,47.0232,50.50639999999999,77.31866197183099,80.56338028169016,80.98591549295776,70.66901408450705,75.0,25.899802322708183,0.06397536777283608,0.0887721930482619,2.1296977975678337,0.3961572541403064,0.033601286173633435,EMERGING,fast-v1.2-quality-gated-2026-10-05
2026-04-13,CEO,Bất động sản,MOMENTUM IGNITION,MOMENTUM IGNITION,65.85025196189473,16.51,0.08,17.830800000000004,19.151600000000002,67.47090437361007,81.61971830985917,76.23239436619718,52.429577464788736,76.3157894736842,14.68143068939954,0.06334331626573952,0.08120497707924046,1.2646321489454158,0.20914441712651927,0.05784373107207753,EMERGING,fast-v1.2-quality-gated-2026-10-05
2026-04-13,DXG,Bất động sản,MOMENTUM IGNITION,MOMENTUM IGNITION,65.40327438047771,13.58,0.08,14.666400000000001,15.752799999999999,73.35470719051149,82.85211267605635,74.6830985915493,67.39436619718309,76.3157894736842,20.452386284078734,0.08207171314741024,0.11585866885784712,0.9137042919782049,0.16701009881675638,0.04248895434462444,EMERGING,fast-v1.2-quality-gated-2026-10-05
2026-04-13,ORS,Dịch vụ tài chính,PULLBACK RECLAIM,PULLBACK RECLAIM,64.54599829486548,13.85,0.08,14.958,16.066,68.25537435137139,71.33802816901411,75.14084507042253,68.09859154929578,57.368421052631575,23.932183561897702,0.04745698619776895,0.061302681992337016,0.9997212971829577,0.0880297755384771,0.04061371841155234,EMERGING,fast-v1.2-quality-gated-2026-10-05
2026-04-13,VGC,Xây dựng và Vật liệu,PULLBACK RECLAIM,PULLBACK RECLAIM,63.999820497566276,44.4,0.08,47.952,51.504,67.36795774647888,73.76760563380283,76.02112676056339,54.7887323943662,75.0,16.197361986244957,0.04110488428259895,0.07506053268765145,1.3742720437457279,0.31947300035516124,0.03850225225225224,EMERGING,fast-v1.2-quality-gated-2026-10-05
2026-04-13,DIG,Bất động sản,MOMENTUM IGNITION,MOMENTUM IGNITION,63.297129405891106,13.79,0.08,14.8932,15.996399999999998,66.00435507783543,79.54225352112678,79.54225352112675,53.59154929577464,76.3157894736842,10.273909171402678,0.051949042642459364,0.07734374999999982,1.203775118351678,0.14175557242646625,0.03988397389412616,EMERGING,fast-v1.2-quality-gated-2026-10-05
2026-04-13,VIB,Ngân hàng,FAST BREAKOUT,FAST BREAKOUT,63.17246346205354,15.37,0.06766428106701361,16.409999999999997,17.449999999999996,70.74230911786509,78.4154929577465,92.92253521126761,65.24647887323944,68.42105263157895,12.266340550613627,0.04540044210168337,0.06588072122052702,2.8648183967332903,0.08495018686926362,0.023552374756018218,EMERGING,fast-v1.2-quality-gated-2026-10-05
2026-04-14,TCH,Bất động sản,MOMENTUM IGNITION,MOMENTUM IGNITION,75.29036559181804,15.75,0.08,17.01,18.27,82.23208286674132,88.90070921985817,89.60992907801419,75.67375886524822,73.42105263157895,12.092958832880456,0.05942891736454459,0.0714285714285714,1.2510204868766994,0.06607193821474011,0.049523809523809526,EMERGING,fast-v1.2-quality-gated-2026-10-05
2026-04-14,VGI,Viễn thông,FAST BREAKOUT,FAST BREAKOUT,68.16627813185487,93.12,0.08,100.56960000000001,108.0192,71.06205673758865,86.73758865248229,81.70212765957446,50.177304964539,90.0,11.749119674651581,0.0717985313413596,0.07071403932390496,1.5985922878817895,1.1912582722658878,0.05262027491408935,EMERGING,fast-v1.2-quality-gated-2026-10-05
2026-04-14,HHV,Xây dựng và Vật liệu,MOMENTUM IGNITION,MOMENTUM IGNITION,66.58600584144982,12.31,0.08,13.294800000000002,14.2796,74.05981709593132,77.26950354609929,80.99290780141844,68.86524822695036,71.05263157894736,21.939371751801765,0.06276439609772955,0.09714795008912658,1.202617017473387,0.11326813992900994,0.03960194963444354,EMERGING,fast-v1.2-quality-gated-2026-10-05
2026-04-14,SCR,Bất động sản,MOMENTUM IGNITION,MOMENTUM IGNITION,65.87777729834204,6.39,0.08,6.9012,7.412399999999999,66.23385591638672,86.9858156028369,82.7304964539007,54.60992907801419,73.42105263157895,13.708368246162202,0.05003697313285671,0.08305084745762703,1.387555711995738,0.05785481548344582,0.03599374021909235,EMERGING,fast-v1.2-quality-gated-2026-10-05
2026-04-15,CII,Xây dựng và Vật liệu,MOMENTUM IGNITION,MOMENTUM IGNITION,73.24091586897195,19.4,0.08,20.951999999999998,22.503999999999998,80.13139362490735,90.63380281690142,89.33098591549296,73.30985915492957,63.421052631578945,9.240649523273945,0.06990210947194253,0.03191489361702127,1.4680393055566991,0.18569218558327388,0.04896907216494845,NEUTRAL,fast-v1.2-quality-gated-2026-10-05
2026-04-15,VPL,Du lịch và Giải trí,PULLBACK RECLAIM,PULLBACK RECLAIM,68.57069117571594,84.0,0.06464285714285714,89.43,94.86,66.4017790956264,70.21126760563382,86.93661971830987,56.549295774647895,79.47368421052632,11.130000511234378,0.02607952116289014,-0.0117647058823529,1.753678907596447,0.04537194566968292,0.04309523809523809,EMERGING,fast-v1.2-quality-gated-2026-10-05
2026-04-15,SCR,Bất động sản,MOMENTUM IGNITION,MOMENTUM IGNITION,68.01070539368935,6.39,0.08,6.9012,7.412399999999999,65.32375833951075,84.01408450704227,76.23239436619718,54.82394366197183,75.26315789473685,20.436099537332893,0.04556982737462145,0.030645161290322465,1.364918373159147,0.05793103038325558,0.03575899843505479,EMERGING,fast-v1.2-quality-gated-2026-10-05
2026-04-15,DXG,Bất động sản,MOMENTUM IGNITION,MOMENTUM IGNITION,65.62211617403554,13.4,0.08,14.472000000000001,15.543999999999999,71.4522794662713,76.37323943661974,69.54225352112675,65.66901408450704,75.26315789473685,12.562896526162419,0.05644906969410268,0.026819923371647514,0.9419447153968656,0.14769076275337395,0.04194029850746269,EMERGING,fast-v1.2-quality-gated-2026-10-05
2026-04-15,HHV,Xây dựng và Vật liệu,MOMENTUM IGNITION,MOMENTUM IGNITION,65.12571590053852,12.27,0.08,13.2516,14.233199999999998,71.74847108969608,75.31690140845072,75.95070422535211,68.97887323943662,63.421052631578945,16.10945112599373,0.056256187319760675,0.053218884120171506,1.0873913263275785,0.10912414064975705,0.038956805215973916,EMERGING,fast-v1.2-quality-gated-2026-10-05
2026-04-15,BVB,Ngân hàng,FAST BREAKOUT,FAST BREAKOUT,64.08662474081171,12.9,0.07751937984496127,13.900000000000002,14.9,67.69180874722016,80.35211267605635,86.47887323943662,57.92253521126761,62.63157894736841,12.630284246312726,0.06129164952694377,0.023809523809523947,3.5692251727901056,0.12546349169388124,0.034883720930232565,EMERGING,fast-v1.2-quality-gated-2026-10-05
2026-04-15,FCN,Xây dựng và Vật liệu,MOMENTUM IGNITION,MOMENTUM IGNITION,63.46831034114045,13.8,0.08,14.904000000000002,16.008,70.55392883617495,81.69014084507043,70.49295774647888,65.17605633802816,63.421052631578945,10.066633010403628,0.06113033448673577,0.03759398496240607,1.2212291386538006,0.1430477014373919,0.03768115942028983,EMERGING,fast-v1.2-quality-gated-2026-10-05
2026-04-15,DIG,Bất động sản,MOMENTUM IGNITION,MOMENTUM IGNITION,63.285562539760186,13.79,0.08,14.8932,15.996399999999998,64.46636397331356,76.47887323943664,71.72535211267605,55.0,75.26315789473685,6.961463791825359,0.04256445150071819,0.013970588235294068,1.07645170398101,0.13256678912104275,0.039521392313270474,NEUTRAL,fast-v1.2-quality-gated-2026-10-05
2026-04-16,TCH,Bất động sản,PULLBACK RECLAIM,PULLBACK RECLAIM,74.81280581969622,15.98,0.08,17.2584,18.5368,82.76913875598085,85.20979020979023,83.21678321678321,77.83216783216783,77.36842105263158,8.9095198812077,0.05691325771354894,0.023702754644458812,1.071812743902092,0.050980439295404634,0.04934292866082602,NEUTRAL,fast-v1.2-quality-gated-2026-10-05
2026-04-16,VPL,Du lịch và Giải trí,PULLBACK RECLAIM,PULLBACK RECLAIM,73.29657446512675,86.1,0.08,92.988,99.87599999999999,70.61437246963564,85.48951048951051,92.30769230769232,64.79020979020979,81.05263157894737,29.381432360742714,0.04846566000974173,0.07624999999999993,2.4455467165808766,0.2989954262493005,0.04146341463414634,EMERGING,fast-v1.2-quality-gated-2026-10-05
2026-04-16,IDC,Bất động sản,PULLBACK RECLAIM,PULLBACK RECLAIM,71.15056767839266,42.54,0.078044193700047,45.85999999999999,49.18,77.05934854619065,74.89510489510491,66.3986013986014,79.3006993006993,77.36842105263158,11.284212430038195,0.03189812007277126,0.0021201413427560656,1.178083041059978,0.036112105447700826,0.03913963328631875,EMERGING,fast-v1.2-quality-gated-2026-10-05
2026-04-16,CEO,Bất động sản,MOMENTUM IGNITION,MOMENTUM IGNITION,66.91968632495578,16.8,0.08,18.144000000000002,19.488,70.4422156790578,81.5034965034965,80.62937062937064,56.57342657342656,77.36842105263158,4.618803700836381,0.061141990904497234,0.017565112053300913,1.2997579650508129,0.16975756447739665,0.05455357142857142,NEUTRAL,fast-v1.2-quality-gated-2026-10-05
2026-04-16,SHB,Ngân hàng,FAST BREAKOUT,FAST BREAKOUT,65.78536538408025,15.55,0.07395498392282962,16.7,17.85,71.05907250644093,74.02097902097904,90.97902097902099,67.6923076923077,64.4736842105263,4.419961798636933,0.03773899696352889,0.003225806451612856,1.7467119836947929,0.07842732696586915,0.027588424437299044,NEUTRAL,fast-v1.2-quality-gated-2026-10-05
2026-04-16,SHS,Dịch vụ tài chính,MOMENTUM IGNITION,MOMENTUM IGNITION,62.22148593092798,18.4,0.08,19.872,21.343999999999998,66.77843209422157,80.48951048951051,70.48951048951048,62.93706293706294,63.1578947368421,6.499076377343172,0.07949545321208573,0.022222222222222143,1.0398568798662826,0.22366591741733863,0.05217391304347827,NEUTRAL,fast-v1.2-quality-gated-2026-10-05
2026-04-17,IDC,Bất động sản,PULLBACK RECLAIM,PULLBACK RECLAIM,75.73135616025412,42.8,0.08,46.224,49.647999999999996,79.3734466374269,84.44444444444447,76.00694444444443,81.52777777777777,68.42105263157895,14.569054495099252,0.03209626467964011,0.014458402465039155,1.4037997123162937,0.05896235122007265,0.03889018691588783,EMERGING,fast-v1.2-quality-gated-2026-10-05
2026-04-17,DGW,Bán lẻ,PULLBACK RECLAIM,PULLBACK RECLAIM,70.90265681171215,44.86,0.07512260365581802,48.230000000000004,51.599999999999994,70.46326754385964,78.47222222222223,75.4513888888889,59.51388888888889,82.36842105263158,13.546199345193969,0.02594595830808122,0.006506618801884745,2.129350967356178,0.18677364617026426,0.03829692376281764,EMERGING,fast-v1.2-quality-gated-2026-10-05
2026-04-17,PAN,Thực phẩm và đồ uống,PULLBACK RECLAIM,PULLBACK RECLAIM,67.81429262596835,24.22,0.048957473162675444,25.405749999999998,26.591499999999996,73.55573830409357,67.3263888888889,79.72222222222221,67.88194444444446,58.421052631578945,25.462891751091348,0.03314422215586732,-0.009406952965235194,1.676325951561496,0.0362435519218378,0.03263831544178363,EMERGING,fast-v1.2-quality-gated-2026-10-05
2026-04-17,FOX,Viễn thông,PULLBACK RECLAIM,PULLBACK RECLAIM,66.64438168864639,84.5,0.08,91.26,98.02,67.58680555555556,75.24305555555557,82.15277777777777,55.38194444444444,70.0,8.110619491804627,0.030236527676176683,0.03174603174603163,2.177564860324768,-0.05724132656255887,0.04692307692307695,NEUTRAL,fast-v1.2-quality-gated-2026-10-05
2026-04-17,HAG,Thực phẩm và đồ uống,MOMENTUM IGNITION,MOMENTUM IGNITION,66.136679984742,16.65,0.07807807807807798,17.949999999999996,19.249999999999996,66.95330774853802,78.15972222222223,76.42361111111111,65.97222222222223,58.421052631578945,17.085813308211854,0.03223806571605703,0.03738317757009324,1.5342270800561315,0.09654164116476083,0.028978978978978998,EMERGING,fast-v1.2-quality-gated-2026-10-05
2026-04-17,VRE,Bất động sản,MOMENTUM IGNITION,MOMENTUM IGNITION,65.91063284375123,27.62,0.08,29.829600000000003,32.0392,67.65296052631578,82.04861111111113,81.25,61.45833333333333,68.42105263157895,14.052793736100803,0.06281866281866288,0.03990963855421703,1.2400421055877267,0.3667737845539797,0.040459811730629965,EMERGING,fast-v1.2-quality-gated-2026-10-05
2026-04-17,CTR,Xây dựng và Vật liệu,MOMENTUM IGNITION,MOMENTUM IGNITION,64.00125315642475,76.49,0.050464112955942,80.35,84.21000000000001,61.12819809941521,78.19444444444444,72.1875,58.50694444444445,57.36842105263158,13.963075786590892,0.025142734607446204,0.018644293514449295,1.1146211253810818,0.44901181491599157,0.02702314027977512,NEUTRAL,fast-v1.2-quality-gated-2026-10-05
2026-04-17,BAF,Thực phẩm và đồ uống,MOMENTUM IGNITION,MOMENTUM IGNITION,62.97817946602427,30.19,0.04703544219940381,31.610000000000007,33.03,63.92552997076023,75.20833333333333,87.08333333333333,66.97916666666667,58.421052631578945,16.81683834733547,0.03282530233831116,0.03710065269666796,1.6115700590206503,0.19802460957405219,0.015733686651209014,NEUTRAL,fast-v1.2-quality-gated-2026-10-05
2026-04-20,VPL,Du lịch và Giải trí,PULLBACK RECLAIM,PULLBACK RECLAIM,70.58101300808701,85.3,0.07620164126611961,91.8,98.3,64.40733482642776,77.80141843971633,87.97872340425532,60.67375886524823,76.05263157894736,24.25305387757676,0.031938059520929096,0.06359102244389025,1.5577327531764746,0.33191297173750745,0.043141852286049234,NEUTRAL,fast-v1.2-quality-gated-2026-10-05
2026-04-20,PAN,Thực phẩm và đồ uống,MOMENTUM IGNITION,MOMENTUM IGNITION,69.61995325846004,24.45,0.0560327198364009,25.82,27.190000000000005,74.19223590892125,76.47163120567379,76.95035460992908,71.87943262411348,56.315789473684205,34.167588021597304,0.035753621960518345,0.017478152309612804,1.431019655639628,0.05753829780235192,0.03280163599182003,EMERGING,fast-v1.2-quality-gated-2026-10-05
2026-04-20,GEE,Hàng & Dịch vụ Công nghiệp,PULLBACK RECLAIM,PULLBACK RECLAIM,69.07192130238955,108.29,0.08,116.95320000000001,125.6164,66.58174692049272,74.2198581560284,91.59574468085107,72.4822695035461,46.57894736842105,2.6433666388025756,0.01728988863263803,-0.026869158878504606,1.5061670524126212,-0.7195754183401224,0.06073968048757965,NEUTRAL,fast-v1.2-quality-gated-2026-10-05
2026-04-20,CTD,Xây dựng và Vật liệu,FAST BREAKOUT,FAST BREAKOUT,67.2421181894147,83.0,0.08,89.64,96.27999999999999,73.73338932437477,79.82269503546101,86.52482269503545,72.76595744680853,59.473684210526315,16.546769606064913,0.05113186639227463,0.05129829005699804,1.8863385175279512,0.27888436184657417,0.030662650602409643,EMERGING,fast-v1.2-quality-gated-2026-10-05
2026-04-20,VPB,Ngân hàng,MOMENTUM IGNITION,MOMENTUM IGNITION,65.66362465326273,27.56,0.08,29.7648,31.969599999999996,71.34210526315789,81.38297872340428,74.14893617021276,67.16312056737588,69.21052631578947,16.561063750926614,0.048606487206315885,0.04275444570563747,0.90882870648615,0.22223101294739797,0.028846153846153858,EMERGING,fast-v1.2-quality-gated-2026-10-05
2026-04-20,ABB,Ngân hàng,PULLBACK RECLAIM,PULLBACK RECLAIM,63.233643817334496,13.03,0.0406753645433614,13.56,14.089999999999998,70.16302724897349,71.77304964539007,74.78723404255318,74.9290780141844,69.21052631578947,8.801880102939393,0.03371677905593007,0.027602523659306044,1.7379402899229925,0.005602431543263869,0.02279355333844971,NEUTRAL,fast-v1.2-quality-gated-2026-10-05
2026-04-20,GEX,Hàng & Dịch vụ Công nghiệp,MOMENTUM IGNITION,MOMENTUM IGNITION,61.220353219475456,28.24,0.08,30.499200000000002,32.758399999999995,72.5835199701381,77.41134751773052,86.34751773049645,75.60283687943263,46.57894736842105,-3.9763391847914846,0.08093625002392302,-0.01431064572425833,1.2572462421992774,0.20280559337561133,0.04270538243626062,NEUTRAL,fast-v1.2-quality-gated-2026-10-05
2026-04-21,PAN,Thực phẩm và đồ uống,MOMENTUM IGNITION,MOMENTUM IGNITION,76.5458834881947,24.71,0.06596519627681108,26.340000000000003,27.970000000000006,81.51417004048582,89.51048951048953,80.66433566433567,82.6923076923077,65.26315789473685,38.070441037126365,0.0390211084013119,0.041297935103244754,1.5651772613243717,0.0834475514666303,0.032294617563739365,EMERGING,fast-v1.2-quality-gated-2026-10-05
2026-04-21,STB,Ngân hàng,PULLBACK RECLAIM,PULLBACK RECLAIM,72.37378660791398,67.7,0.08,73.11600000000001,78.532,80.32213838792786,86.7832167832168,80.9090909090909,79.89510489510491,68.1578947368421,28.058047309167137,0.06639363629203765,0.02420574886535576,2.2249908760272334,0.25332211586394826,0.03397341211225999,EMERGING,fast-v1.2-quality-gated-2026-10-05
2026-04-21,VRE,Bất động sản,MOMENTUM IGNITION,MOMENTUM IGNITION,70.92027136322221,28.3,0.08,30.564000000000004,32.827999999999996,74.03625322046373,92.02797202797206,88.4965034965035,68.28671328671328,56.84210526315789,19.933602977835896,0.0728230789643276,0.05048255382331113,1.6799434817939463,0.33466527653894523,0.03999999999999999,EMERGING,fast-v1.2-quality-gated-2026-10-05
2026-04-21,VJC,Du lịch và Giải trí,MOMENTUM IGNITION,MOMENTUM IGNITION,70.81749382846752,135.15,0.08,145.96200000000002,156.774,76.87964666912036,86.74825174825176,74.82517482517483,75.66433566433567,77.89473684210526,25.097451820296172,0.058555383241693626,0.05339049103663274,1.1612999520805676,1.2567822679204355,0.03284498705142434,EMERGING,fast-v1.2-quality-gated-2026-10-05
2026-04-21,MSN,Thực phẩm và đồ uống,MOMENTUM IGNITION,MOMENTUM IGNITION,69.45625041201974,79.0,0.05949367088607593,83.69999999999999,88.39999999999999,73.16801619433198,79.79020979020981,78.2867132867133,75.13986013986015,65.26315789473685,16.238471588135646,0.03308486988361459,0.01804123711340222,1.253013952456056,0.4066113633121661,0.024367088607594983,EMERGING,fast-v1.2-quality-gated-2026-10-05
2026-04-21,EIB,Ngân hàng,PULLBACK RECLAIM,PULLBACK RECLAIM,66.94910220672665,22.95,0.050108932461873534,24.099999999999998,25.249999999999993,65.94101950680898,65.0699300699301,84.1958041958042,59.1958041958042,68.1578947368421,9.838275945778747,0.009789902100979075,-0.0021739130434782483,1.4975953784106408,-0.019846328779950864,0.03169934640522875,NEUTRAL,fast-v1.2-quality-gated-2026-10-05
2026-04-21,BAF,Thực phẩm và đồ uống,MOMENTUM IGNITION,MOMENTUM IGNITION,66.67460922505634,30.57,0.05888125613346418,32.37,34.17,72.20123297754876,80.41958041958044,90.52447552447553,73.18181818181817,65.26315789473685,12.881617449366601,0.03848897645819882,0.02515090543259557,1.7528015094305678,0.20654676738369365,0.014507687275106327,EMERGING,fast-v1.2-quality-gated-2026-10-05
2026-04-21,MWG,Bán lẻ,MOMENTUM IGNITION,MOMENTUM IGNITION,66.48206771800473,84.29,0.08,91.03320000000001,97.7764,74.15679057784321,80.62937062937065,68.7062937062937,67.72727272727273,84.21052631578947,34.56029934977303,0.05087302626247525,0.04903546981953966,1.0839903517298484,0.9401360867516996,0.02763079843397795,EMERGING,fast-v1.2-quality-gated-2026-10-05
2026-04-22,PAN,Thực phẩm và đồ uống,MOMENTUM IGNITION,MOMENTUM IGNITION,79.96201751259187,24.56,0.06026058631921827,26.04,27.52,82.65504232609496,90.979020979021,81.71328671328672,82.83216783216783,69.21052631578948,42.79968650696968,0.02667001086865639,0.036724356268467595,1.5772335192434268,0.08453544730707002,0.0327972312703583,EMERGING,fast-v1.2-quality-gated-2026-10-05
2026-04-22,GEX,Hàng & Dịch vụ Công nghiệp,MOMENTUM IGNITION,MOMENTUM IGNITION,71.82705222440131,28.24,0.08,30.499200000000002,32.758399999999995,79.89446080235552,87.13286713286715,82.16783216783216,77.27272727272727,66.57894736842104,10.84025398248896,0.06401416676086069,0.023930384336475763,1.032974792780644,0.1406141966091904,0.040810906515580725,EMERGING,fast-v1.2-quality-gated-2026-10-05
2026-04-22,STB,Ngân hàng,MOMENTUM IGNITION,MOMENTUM IGNITION,71.3384444406199,66.5,0.052781954887218055,70.01,73.52,76.1728928965771,83.42657342657343,73.46153846153845,77.34265734265733,69.73684210526316,15.771577107103411,0.0439560439560438,0.034214618973561484,1.3109554828195906,0.2674532558893785,0.03518796992481204,EMERGING,fast-v1.2-quality-gated-2026-10-05
2026-04-22,HAH,Hàng & Dịch vụ Công nghiệp,PULLBACK RECLAIM,PULLBACK RECLAIM,67.74067233741518,53.8,0.048327137546468335,56.4,58.99999999999999,62.791313949208686,79.40559440559441,72.02797202797203,54.05594405594406,66.57894736842104,35.29520572089142,0.015669246743439835,0.029468044393417436,1.9143557332645427,0.1319226333091268,0.02736059479553904,NEUTRAL,fast-v1.2-quality-gated-2026-10-05
2026-04-22,VHC,Thực phẩm và đồ uống,MOMENTUM IGNITION,MOMENTUM IGNITION,63.87208359866483,62.2,0.0562700964630225,65.7,69.2,70.98021715126978,77.02797202797204,67.2027972027972,74.47552447552448,69.21052631578948,14.559720487074074,0.03606229699342056,0.01967213114754096,1.1178580161382345,0.3683677148569584,0.019453376205787774,EMERGING,fast-v1.2-quality-gated-2026-10-05
2026-04-22,HNG,Thực phẩm và đồ uống,MOMENTUM IGNITION,MOMENTUM IGNITION,63.21156854529021,6.6,0.08,7.128,7.655999999999999,72.32462274567538,77.30769230769232,62.86713286713287,71.5034965034965,69.21052631578948,17.029126081479674,0.05179282868525892,0.04761904761904767,1.1233660130718954,0.04612335963299634,0.029545454545454545,EMERGING,fast-v1.2-quality-gated-2026-10-05
2026-04-23,GEX,Hàng & Dịch vụ Công nghiệp,MOMENTUM IGNITION,MOMENTUM IGNITION,77.44300091501685,27.27,0.06652915291529152,29.08425,30.8985,78.58997405485545,80.77464788732395,86.23239436619718,73.1338028169014,74.73684210526315,14.358744757836675,0.021960725528406666,-0.01124002900652643,1.5380873155759083,0.05506436759923039,0.04435276861019435,EMERGING,fast-v1.2-quality-gated-2026-10-05
2026-04-23,VPI,Bất động sản,MOMENTUM IGNITION,MOMENTUM IGNITION,74.36028586890639,53.79,0.05409927495817057,56.699999999999996,59.60999999999999,72.78984432913269,75.45774647887326,84.7887323943662,74.75352112676056,63.42105263157895,22.480495782942043,0.01359563582916401,0.0035447761194029592,2.530457617633131,0.16328040604666072,0.023294292619445985,EMERGING,fast-v1.2-quality-gated-2026-10-05
2026-04-23,STB,Ngân hàng,MOMENTUM IGNITION,MOMENTUM IGNITION,73.34025702887898,65.4,0.05355504587155964,68.9025,72.40500000000002,75.31384358784284,77.60563380281691,59.43661971830987,76.47887323943661,86.84210526315789,24.155120731751566,0.022833906787613323,0.025078369905956244,1.2018699801085153,0.18709880584741523,0.03570336391437309,EMERGING,fast-v1.2-quality-gated-2026-10-05
2026-04-23,HHV,Xây dựng và Vật liệu,PULLBACK RECLAIM,PULLBACK RECLAIM,72.58965208939654,12.27,0.06601466992665028,13.079999999999997,13.889999999999997,77.17568569310602,79.15492957746481,85.28169014084507,72.57042253521128,70.52631578947368,14.113760775917946,0.03531198582457917,0.01572847682119205,1.519483295688844,0.02074202865520458,0.03353708231458842,EMERGING,fast-v1.2-quality-gated-2026-10-05
2026-04-23,CTG,Ngân hàng,PULLBACK RECLAIM,PULLBACK RECLAIM,70.94631667762218,34.96,0.035,36.1836,37.4072,68.83144922164566,80.91549295774651,80.8450704225352,62.04225352112676,86.84210526315789,29.223425666253682,0.02337426635247275,0.025821596244131495,2.9650345558538826,0.14758158394355878,0.020680778032036575,EMERGING,fast-v1.2-quality-gated-2026-10-05
2026-04-23,BID,Ngân hàng,PULLBACK RECLAIM,PULLBACK RECLAIM,68.81999969883896,38.49,0.036113276175630094,39.88000000000001,41.27000000000001,68.57264640474425,84.11971830985918,89.29577464788733,51.478873239436616,86.84210526315789,35.63245501718444,0.035303611055073736,0.03495563323474071,3.031013192197678,0.28565660082534006,0.022174590802805916,EMERGING,fast-v1.2-quality-gated-2026-10-05
2026-04-23,HAH,Hàng & Dịch vụ Công nghiệp,FAST BREAKOUT,FAST BREAKOUT,68.3037481933579,54.56,0.061583577712609916,57.92,61.279999999999994,68.83821349147516,80.56338028169016,74.64788732394365,60.66901408450704,74.73684210526315,40.66642475389695,0.02787275929955424,0.04983644410236687,2.989027083850088,0.26592768915233733,0.027236070381231676,EMERGING,fast-v1.2-quality-gated-2026-10-05
2026-04-23,VCG,Xây dựng và Vật liệu,PULLBACK RECLAIM,PULLBACK RECLAIM,67.01557662093363,20.18,0.05660307234886027,21.322249999999997,22.4645,67.05244625648629,69.8943661971831,63.52112676056339,68.87323943661973,70.52631578947368,21.91010175887864,0.0243394837694475,0.0316973415132924,1.2886589349613495,-0.05758807173998903,0.03773538156590685,EMERGING,fast-v1.2-quality-gated-2026-10-05
2026-04-24,TCH,Bất động sản,PULLBACK RECLAIM,PULLBACK RECLAIM,73.43782747002948,15.93,0.06953860640301318,17.03775,18.145500000000002,78.33240014930944,83.47517730496456,82.41134751773049,72.23404255319149,67.10526315789473,6.941592400771427,0.03033438975486713,0.023121387283236983,1.164101784092658,-0.02846336048965764,0.04635907093534212,NEUTRAL,fast-v1.2-quality-gated-2026-10-05
2026-04-24,VCG,Xây dựng và Vật liệu,PULLBACK RECLAIM,PULLBACK RECLAIM,72.90379239024324,20.36,0.058939096267190516,21.56,22.759999999999998,73.29022023142964,82.12765957446808,77.48226950354609,73.61702127659575,60.263157894736835,36.528341576458885,0.03114712585464674,0.029322548028311246,1.3157036713119061,-0.018794457194840686,0.03784381139489196,EMERGING,fast-v1.2-quality-gated-2026-10-05
2026-04-24,HDB,Ngân hàng,MOMENTUM IGNITION,MOMENTUM IGNITION,71.76743000370037,26.9,0.04275092936802971,28.049999999999997,29.199999999999996,74.13979096677863,85.88652482269505,79.53900709219857,77.4113475177305,77.63157894736841,17.57610310128156,0.03262955854126681,0.026717557251908275,1.1413681059403669,0.13062081196978204,0.02063197026022304,EMERGING,fast-v1.2-quality-gated-2026-10-05
2026-04-24,DPG,Xây dựng và Vật liệu,PULLBACK RECLAIM,PULLBACK RECLAIM,71.4879955236136,43.58,0.07228086278109225,46.73,49.879999999999995,75.45156774916015,85.56737588652486,87.09219858156028,67.94326241134753,60.263157894736835,25.62198076085606,0.04184845623304123,0.046087373979836865,3.076398511349869,0.1070369575593432,0.03119550252409361,EMERGING,fast-v1.2-quality-gated-2026-10-05
2026-04-24,VCB,Ngân hàng,MOMENTUM IGNITION,MOMENTUM IGNITION,70.64207564071944,60.16,0.035,62.26559999999999,64.3712,67.50326614408361,80.92198581560285,87.51773049645391,57.34042553191489,77.63157894736841,22.632286611919866,0.02185193677970565,0.01862512698950214,1.5081362570805934,0.3861614844379925,0.01958111702127658,EMERGING,fast-v1.2-quality-gated-2026-10-05
2026-04-24,VHC,Thực phẩm và đồ uống,MOMENTUM IGNITION,MOMENTUM IGNITION,70.4662635514267,62.4,0.038461538461538436,64.79999999999998,67.19999999999999,77.40668159761104,84.11347517730498,72.83687943262412,77.23404255319149,75.52631578947368,17.205109960184146,0.03396851698425851,0.01794453507340954,1.206626109528877,0.27299157606547264,0.0188301282051282,EMERGING,fast-v1.2-quality-gated-2026-10-05
2026-04-24,VJC,Du lịch và Giải trí,FAST BREAKOUT,FAST BREAKOUT,70.43129166440853,138.84,0.08,149.9472,161.0544,78.76465098917507,89.04255319148938,81.95035460992906,80.81560283687944,78.94736842105263,4.432048649993789,0.06622432641024734,0.015209125475285301,1.2218947596111134,0.8653296314837129,0.03349899164505906,NEUTRAL,fast-v1.2-quality-gated-2026-10-05
2026-04-24,BAF,Thực phẩm và đồ uống,MOMENTUM IGNITION,MOMENTUM IGNITION,68.3491343189893,30.61,0.05847762169225745,32.400000000000006,34.19,74.26306457633444,79.07801418439718,76.09929078014184,77.73049645390071,75.52631578947368,10.337534605574213,0.030275491829487855,0.013911891354753125,0.9014672753077022,0.17445077461803024,0.015060437765436143,EMERGING,fast-v1.2-quality-gated-2026-10-05
2026-04-28,TCH,Bất động sản,PULLBACK RECLAIM,PULLBACK RECLAIM,76.96253828650813,16.3,0.08,17.604000000000003,18.908,82.46353383458646,88.07142857142858,84.17857142857143,77.82142857142857,69.21052631578948,18.375907854743232,0.04948008885168864,0.04688503532434174,1.2514116230873282,0.007692799429890207,0.045276073619631894,EMERGING,fast-v1.2-quality-gated-2026-10-05
2026-04-28,VPI,Bất động sản,PULLBACK RECLAIM,PULLBACK RECLAIM,75.68650692009497,55.42,0.08,59.85360000000001,64.2872,83.32424812030075,86.17857142857144,92.39285714285714,83.10714285714286,69.21052631578948,15.041586679464615,0.03915097877446927,0.0032585083272991255,1.86216093040528,0.17862024337568583,0.022609166365932864,EMERGING,fast-v1.2-quality-gated-2026-10-05
2026-04-28,STB,Ngân hàng,PULLBACK RECLAIM,PULLBACK RECLAIM,74.13678018954384,68.1,0.0675477239353891,72.7,77.29999999999998,81.02951127819549,91.21428571428574,74.32142857142858,86.57142857142858,69.73684210526315,30.29556204340639,0.05524134190749197,0.06074766355140171,1.2941859466731995,0.22238530126063494,0.03340675477239355,EMERGING,fast-v1.2-quality-gated-2026-10-05
2026-04-28,VJC,Du lịch và Giải trí,MOMENTUM IGNITION,MOMENTUM IGNITION,70.90923046671601,137.45,0.08,148.446,159.44199999999998,77.45817669172932,84.39285714285717,71.71428571428571,79.00000000000001,79.21052631578948,10.584529808563971,0.04886033255244304,0.01935627410264007,1.0410952580619102,0.748452746392009,0.03325209166969808,EMERGING,fast-v1.2-quality-gated-2026-10-05
2026-04-28,DPG,Xây dựng và Vật liệu,MOMENTUM IGNITION,MOMENTUM IGNITION,68.97849010889718,43.88,0.07862351868732909,47.33,50.78,73.29323308270676,83.03571428571429,78.46428571428572,72.92857142857143,52.89473684210526,21.513744467551845,0.04385474528088684,0.038334122101277845,1.065883694894489,0.18464058641779274,0.031107566089334536,EMERGING,fast-v1.2-quality-gated-2026-10-05
2026-04-28,VPL,Du lịch và Giải trí,PULLBACK RECLAIM,PULLBACK RECLAIM,65.97474971429715,84.3,0.06637010676156585,89.895,95.49,63.54567669172933,68.82142857142858,83.46428571428572,61.00000000000001,79.21052631578948,-0.8616581346984304,0.015540296349837224,-0.011723329425556872,1.2736627008412251,0.040118452235468394,0.044246737841043896,NEUTRAL,fast-v1.2-quality-gated-2026-10-05
2026-04-28,VIB,Ngân hàng,PULLBACK RECLAIM,PULLBACK RECLAIM,65.61788998535424,15.02,0.035,15.545699999999998,16.0714,66.31701127819548,67.17857142857144,69.78571428571428,65.17857142857143,69.73684210526315,8.153984029221988,0.008527496139125734,-0.008580858085808662,0.8077092835074298,-0.0029638668182813133,0.020739014647137146,NEUTRAL,fast-v1.2-quality-gated-2026-10-05
2026-04-28,ABB,Ngân hàng,PULLBACK RECLAIM,PULLBACK RECLAIM,61.231799887496976,13.03,0.0406753645433614,13.56,14.089999999999998,68.8312969924812,67.21428571428572,55.67857142857143,79.57142857142857,69.73684210526315,-1.3317302564922926,0.0196017058570368,0.0,0.8037153558052434,0.0031396626678257267,0.021181887950882557,NEUTRAL,fast-v1.2-quality-gated-2026-10-05
2026-04-29,VPI,Bất động sản,MOMENTUM IGNITION,MOMENTUM IGNITION,77.72650031697484,55.79,0.07331062914500797,59.87999999999999,63.969999999999985,86.75263157894736,87.17857142857143,92.85714285714286,86.17857142857143,80.26315789473684,15.623721015826277,0.04261860043543653,0.008313753840592852,1.5813240452739663,0.21500447168574754,0.02336440222262053,LEADER,fast-v1.2-quality-gated-2026-10-05
2026-04-29,CEO,Bất động sản,PULLBACK RECLAIM,PULLBACK RECLAIM,76.54251525358231,16.99,0.08,18.3492,19.708399999999997,76.24727443609022,89.32142857142858,88.67857142857143,59.74999999999999,80.26315789473684,27.740741495346754,0.04361179361179368,0.05331680099194047,1.6853210443768338,0.04525314852798326,0.0505591524426133,EMERGING,fast-v1.2-quality-gated-2026-10-05
2026-04-29,TCH,Bất động sản,FAST BREAKOUT,FAST BREAKOUT,76.30517466104546,16.52,0.08,17.8416,19.1632,83.62584586466166,87.5714285714286,85.78571428571428,79.82142857142858,80.26315789473684,27.8763059309112,0.061321512318910365,0.08684210526315783,1.2588807111632747,0.040620206001338754,0.043432203389830504,EMERGING,fast-v1.2-quality-gated-2026-10-05
2026-04-29,VC3,Bất động sản,PULLBACK RECLAIM,PULLBACK RECLAIM,74.03019596400043,24.68,0.035,25.543799999999997,26.407600000000002,68.76156015037594,69.12500000000003,81.64285714285714,67.17857142857143,80.26315789473684,21.79348874809402,0.0013998498711733642,0.007346938775510292,1.0220664248889608,-0.003372312331137165,0.01867909238249599,EMERGING,fast-v1.2-quality-gated-2026-10-05
2026-04-29,DXG,Bất động sản,PULLBACK RECLAIM,PULLBACK RECLAIM,73.53388491224337,13.49,0.0652335063009637,14.370000000000001,15.25,76.33298872180451,84.0357142857143,80.89285714285715,63.53571428571429,80.26315789473684,25.541490746096017,0.03554156751362547,0.044117647058823595,1.5077792771764338,0.011749076319818738,0.03510007412898446,EMERGING,fast-v1.2-quality-gated-2026-10-05
2026-04-29,DPG,Xây dựng và Vật liệu,MOMENTUM IGNITION,MOMENTUM IGNITION,72.20364252001092,44.08,0.08,47.6064,51.132799999999996,77.25075187969925,85.35714285714288,86.0,74.96428571428571,65.78947368421052,22.431189862768818,0.0454912006071817,0.05303392259913986,1.3831743845023114,0.23492838386403625,0.030671506352087107,EMERGING,fast-v1.2-quality-gated-2026-10-05
2026-04-29,CII,Xây dựng và Vật liệu,PULLBACK RECLAIM,PULLBACK RECLAIM,71.0721740777291,19.3,0.06819948186528496,20.61625,21.932499999999997,74.63825187969924,79.96428571428572,77.60714285714285,67.64285714285714,65.78947368421052,10.615892659971593,0.02564102564102555,0.037634408602150504,1.0618064463680217,-0.04497523310489271,0.0454663212435233,EMERGING,fast-v1.2-quality-gated-2026-10-05
2026-04-29,GVR,Hóa chất,PULLBACK RECLAIM,PULLBACK RECLAIM,69.51147390368557,33.7,0.05341246290801194,35.50000000000001,37.300000000000004,64.87565789473683,85.64285714285717,74.64285714285714,57.82142857142858,71.3157894736842,16.79569838056679,0.03010851291456529,0.03215926493108734,1.3124987839126232,0.228065044450113,0.035608308605341206,NEUTRAL,fast-v1.2-quality-gated-2026-10-05
2026-05-04,TCH,Bất động sản,MOMENTUM IGNITION,MOMENTUM IGNITION,75.44147910248812,15.75,0.06961904761904761,16.846500000000002,17.942999999999998,72.5703947368421,76.39285714285717,83.32142857142857,72.03571428571429,75.78947368421052,16.46715587044534,0.01243853051778987,0.023391812865497075,1.2175943100102729,0.00652571461752377,0.046412698412698405,EMERGING,fast-v1.2-quality-gated-2026-10-05
2026-05-04,DXG,Bất động sản,MOMENTUM IGNITION,MOMENTUM IGNITION,75.1645786658695,13.62,0.07415565345080766,14.629999999999999,15.639999999999999,78.45610902255639,89.32142857142858,85.57142857142858,67.96428571428572,75.78947368421052,29.213010016299492,0.041841964354011774,0.05417956656346745,1.443582994193446,0.0354892035198395,0.034911894273127776,EMERGING,fast-v1.2-quality-gated-2026-10-05
2026-05-04,DXS,Bất động sản,PULLBACK RECLAIM,PULLBACK RECLAIM,74.70678384704915,7.87,0.08,8.499600000000001,9.129199999999999,81.8686090225564,89.89285714285717,91.85714285714285,66.85714285714288,75.78947368421052,29.3755100162995,0.06179168915272526,0.10069930069930066,2.545108137883297,0.0009898957110207607,0.043392630241423126,EMERGING,fast-v1.2-quality-gated-2026-10-05
2026-05-04,CEO,Bất động sản,PULLBACK RECLAIM,PULLBACK RECLAIM,73.88989614354345,16.89,0.0793368857312019,18.23,19.57,70.64718045112782,85.21428571428572,81.71428571428572,59.42857142857142,75.78947368421052,22.802682843472326,0.03445107946715664,0.0413070283600494,1.1584581159405831,0.05709168035885723,0.050562462995855526,EMERGING,fast-v1.2-quality-gated-2026-10-05
2026-05-04,DPR,Hóa chất,FAST BREAKOUT,FAST BREAKOUT,73.56937137241917,42.6,0.05985915492957761,45.150000000000006,47.70000000000002,80.5827067669173,88.2857142857143,84.46428571428571,77.42857142857143,81.84210526315789,23.4456070245544,0.043542164247657666,0.05315203955500625,2.8794405943684835,0.15570527667838743,0.024706572769953073,EMERGING,fast-v1.2-quality-gated-2026-10-05
2026-05-04,VCG,Xây dựng và Vật liệu,PULLBACK RECLAIM,PULLBACK RECLAIM,71.66959216412602,20.27,0.05476073014306859,21.38,22.490000000000002,73.17227443609023,80.3214285714286,73.75,74.78571428571429,60.26315789473684,33.77882577948368,0.02578376053237519,0.05353430353430366,1.252940697519239,-0.023287746821949007,0.03648248643315245,EMERGING,fast-v1.2-quality-gated-2026-10-05
2026-05-04,HNG,Thực phẩm và đồ uống,MOMENTUM IGNITION,MOMENTUM IGNITION,71.34176390761235,7.0,0.08,7.5600000000000005,8.12,81.42114661654135,90.25000000000001,91.85714285714286,86.64285714285715,56.57894736842105,9.096523870865965,0.07361963190184051,0.06060606060606055,1.3168943966748026,0.07820944554303422,0.03785714285714286,NEUTRAL,fast-v1.2-quality-gated-2026-10-05
2026-05-04,HSG,Tài nguyên Cơ bản,PULLBACK RECLAIM,PULLBACK RECLAIM,70.9091720562941,12.5,0.04799999999999993,13.100000000000001,13.699999999999998,78.58684210526316,82.53571428571429,74.85714285714286,76.17857142857143,83.6842105263158,11.743908722856105,0.04079933388842627,0.02375102375102367,1.0282976164893398,0.022581920443753845,0.02740000000000002,EMERGING,fast-v1.2-quality-gated-2026-10-05
2026-05-05,VPL,Du lịch và Giải trí,FAST BREAKOUT,FAST BREAKOUT,76.8936195566591,88.0,0.08,95.04,102.08,77.33374060150376,85.89285714285715,91.10714285714283,72.85714285714286,86.05263157894736,27.228292121147945,0.05521913783800003,0.05389221556886237,2.131487237449374,0.37303317257063195,0.045681818181818185,EMERGING,fast-v1.2-quality-gated-2026-10-05
2026-05-05,GEX,Hàng & Dịch vụ Công nghiệp,PULLBACK RECLAIM,PULLBACK RECLAIM,75.49044506724839,27.45,0.06297814207650268,29.17875,30.907499999999995,80.49558270676692,79.89285714285715,78.03571428571428,70.82142857142858,89.73684210526315,1.9056086519114785,0.009729451361939256,0.0066006600660066805,0.999120457206088,-0.1265125791052113,0.04198542805100179,NEUTRAL,fast-v1.2-quality-gated-2026-10-05
2026-05-05,LPB,Ngân hàng,PULLBACK RECLAIM,PULLBACK RECLAIM,73.38384149637675,45.45,0.06138613861386155,48.24,51.030000000000015,80.75187969924812,79.96428571428572,69.75,82.28571428571428,74.47368421052632,9.026064280419362,0.02356796198497868,0.03436504324078293,0.8935503974949458,-0.09432671501899081,0.03770077007700771,NEUTRAL,fast-v1.2-quality-gated-2026-10-05
2026-05-05,VJC,Du lịch và Giải trí,MOMENTUM IGNITION,MOMENTUM IGNITION,73.37576765976854,139.22,0.05300962505387152,146.6,153.98,81.1390977443609,83.07142857142858,73.5,81.89285714285712,86.05263157894736,17.089987292174087,0.0462477266920176,0.03486211253995397,1.1174375883184173,0.49723554707681794,0.030670880620600492,EMERGING,fast-v1.2-quality-gated-2026-10-05
2026-05-05,PVT,Hàng & Dịch vụ Công nghiệp,PULLBACK RECLAIM,PULLBACK RECLAIM,68.85704830506364,21.62,0.08,23.349600000000002,25.0792,80.77951127819549,80.64285714285715,74.60714285714286,73.71428571428571,89.73684210526315,7.180734406438631,0.0796504369538078,-0.001846722068328699,1.7517691255249872,0.17200846264107458,0.041882516188714164,NEUTRAL,fast-v1.2-quality-gated-2026-10-05
2026-05-05,VPB,Ngân hàng,PULLBACK RECLAIM,PULLBACK RECLAIM,68.58561094978513,27.51,0.05343511450381688,28.980000000000008,30.450000000000006,73.5000939849624,80.46428571428572,74.07142857142858,65.75,74.47368421052632,13.893996875992798,0.030974197537804393,0.021916790490341675,1.5356682412596283,-0.01351694696299735,0.025499818247909867,EMERGING,fast-v1.2-quality-gated-2026-10-05
2026-05-05,DXS,Bất động sản,MOMENTUM IGNITION,MOMENTUM IGNITION,68.05796108148424,7.81,0.08,8.434800000000001,9.0596,72.82913533834586,81.85714285714289,80.53571428571428,63.82142857142857,61.84210526315789,22.046333262734294,0.051851851851851816,0.10310734463276838,1.7932332300936997,0.021548243144127482,0.043597951344430216,EMERGING,fast-v1.2-quality-gated-2026-10-05
2026-05-05,VHC,Thực phẩm và đồ uống,PULLBACK RECLAIM,PULLBACK RECLAIM,67.88348946767827,62.4,0.04647435897435892,65.3,68.19999999999999,71.88458646616542,81.64285714285717,85.32142857142856,79.14285714285714,51.315789473684205,0.8106428041935914,0.0242100943783341,0.006451612903225712,1.545364911362859,0.05983927884964191,0.02155448717948717,NEUTRAL,fast-v1.2-quality-gated-2026-10-05
2026-05-06,GEX,Hàng & Dịch vụ Công nghiệp,FAST BREAKOUT,FAST BREAKOUT,76.02979901429714,29.35,0.08,31.698000000000004,34.046,87.2921662669864,91.90647482014388,89.60431654676259,76.97841726618705,86.38888888888887,12.398362608905032,0.06976235602857561,0.069606413994169,1.5142867310295889,0.0025032495102084162,0.04063032367972741,LEADER,fast-v1.2-quality-gated-2026-10-05
2026-05-06,VPL,Du lịch và Giải trí,MOMENTUM IGNITION,MOMENTUM IGNITION,72.71202219329871,90.0,0.08,97.2,104.39999999999999,78.06235011990408,84.56834532374103,84.53237410071942,77.48201438848922,90.83333333333333,24.418266506615545,0.07481937063354627,0.10429447852760743,1.3953537442238306,0.5891078447521771,0.04327777777777778,EMERGING,fast-v1.2-quality-gated-2026-10-05
2026-05-06,KBC,Bất động sản,PULLBACK RECLAIM,PULLBACK RECLAIM,69.82833733800504,34.9,0.039541547277937,36.28,37.660000000000004,73.75979216626698,81.36690647482017,83.92086330935251,72.76978417266187,61.388888888888886,8.576328187170304,0.027150320064748712,0.020467836257309857,1.983242210958023,0.010929965140320741,0.026361031518624668,NEUTRAL,fast-v1.2-quality-gated-2026-10-05
2026-05-06,STB,Ngân hàng,PULLBACK RECLAIM,PULLBACK RECLAIM,69.09002404662343,68.9,0.07256894049346885,73.9,78.90000000000002,77.73780975219825,86.4748201438849,69.60431654676259,86.22302158273382,64.44444444444446,8.748728005277755,0.04902557856272849,0.06163328197226492,1.1909916187448866,0.2256041206620807,0.03425253991291728,NEUTRAL,fast-v1.2-quality-gated-2026-10-05
2026-05-06,VIX,Dịch vụ tài chính,PULLBACK RECLAIM,PULLBACK RECLAIM,65.20171901164098,16.79,0.0738534842167956,18.029999999999998,19.269999999999996,62.347322142286174,78.95683453237412,76.97841726618705,45.57553956834533,52.222222222222214,30.77798656931118,0.018439888390149095,0.0599747474747474,1.5589736043308138,-0.02463388123582945,0.036658725431804665,NEUTRAL,fast-v1.2-quality-gated-2026-10-05
2026-05-06,DXG,Bất động sản,PULLBACK RECLAIM,PULLBACK RECLAIM,65.07518573190004,13.88,0.08,14.990400000000001,16.1008,72.84612310151877,81.36690647482015,74.20863309352518,69.64028776978418,61.388888888888886,11.995105930932738,0.05359040534385917,0.06035141329258975,1.1322617630171705,0.06308886718850132,0.035698847262247854,EMERGING,fast-v1.2-quality-gated-2026-10-05
2026-05-06,LPB,Ngân hàng,PULLBACK RECLAIM,PULLBACK RECLAIM,64.67936943228413,46.68,0.08,50.4144,54.148799999999994,76.9230615507594,76.51079136690649,61.4748201438849,83.3093525179856,64.44444444444446,6.049228030789266,0.044271940225050876,0.06697142857142846,0.901814581625234,0.029868821817066404,0.03661096829477293,NEUTRAL,fast-v1.2-quality-gated-2026-10-05
2026-05-06,CTG,Ngân hàng,PULLBACK RECLAIM,PULLBACK RECLAIM,63.66135022077726,35.01,0.035,36.23535,37.4607,63.64428457234212,74.17266187050362,73.56115107913669,63.81294964028777,64.44444444444446,8.465486513364894,0.018028496656004478,0.015665796344647598,1.4097661660277325,0.10048210023280946,0.018637532133676058,NEUTRAL,fast-v1.2-quality-gated-2026-10-05
2026-05-07,BFC,Hóa chất,MOMENTUM IGNITION,MOMENTUM IGNITION,78.91185628052096,60.25,0.07695435684647302,64.8865,69.523,85.06954887218045,80.42857142857144,82.78571428571429,79.71428571428571,85.52631578947367,13.538157894736841,0.030460585951529673,0.02066745722513974,1.4187918986982584,0.3638025474444839,0.05130290456431535,LEADER,fast-v1.2-quality-gated-2026-10-05
2026-05-07,MSB,Ngân hàng,FAST BREAKOUT,FAST BREAKOUT,75.20348551224218,10.85,0.04608294930875578,11.35,11.85,83.81174812030076,86.60714285714288,89.75,81.03571428571428,79.21052631578948,15.132236842105272,0.03683883606479044,0.04026845637583887,1.8897661763433304,0.007331375813860896,0.02377880184331796,EMERGING,fast-v1.2-quality-gated-2026-10-05
2026-05-07,PAN,Thực phẩm và đồ uống,PULLBACK RECLAIM,PULLBACK RECLAIM,73.54788761172753,24.86,0.0470635559131134,26.029999999999998,27.199999999999996,76.55704887218045,76.85714285714288,91.57142857142857,73.85714285714285,70.52631578947367,22.025845864661655,0.029101295690689977,0.03929765886287617,5.017941113823669,0.02894822859026877,0.029102976669348343,EMERGING,fast-v1.2-quality-gated-2026-10-05
2026-05-07,GVR,Hóa chất,MOMENTUM IGNITION,MOMENTUM IGNITION,68.89566695653114,35.85,0.08,38.718,41.586,73.42133458646616,88.71428571428574,76.17857142857143,69.60714285714286,85.52631578947367,24.522086466165405,0.07158870124047234,0.08636363636363642,1.4289957722580373,0.4497438348870253,0.03633193863319384,EMERGING,fast-v1.2-quality-gated-2026-10-05
2026-05-07,MSN,Thực phẩm và đồ uống,FAST BREAKOUT,FAST BREAKOUT,67.31324062052718,81.0,0.060493827160493896,85.90000000000002,90.80000000000001,74.4749060150376,81.32142857142858,84.28571428571429,74.17857142857143,70.52631578947367,11.461560150375945,0.03959442982737604,0.046511627906976605,2.482950273763929,0.0696555204264141,0.024012345679012375,EMERGING,fast-v1.2-quality-gated-2026-10-05
2026-05-07,VIX,Dịch vụ tài chính,FAST BREAKOUT,FAST BREAKOUT,66.05384695870087,16.89,0.0793368857312019,18.23,19.57,65.09003759398496,82.35714285714286,76.67857142857143,50.5,45.78947368421053,31.39567669172932,0.019035265015535874,0.08269230769230784,1.5201561744824679,0.02708365594168311,0.0372705743043221,EMERGING,fast-v1.2-quality-gated-2026-10-05
2026-05-07,VPB,Ngân hàng,MOMENTUM IGNITION,MOMENTUM IGNITION,65.9522028625411,27.66,0.05856832971800441,29.28,30.900000000000006,72.27781954887217,75.39285714285715,62.892857142857146,67.0,79.21052631578948,16.276879699248113,0.02760337333283802,0.04259329061439865,1.2142193548214242,0.053771660979903435,0.025180766449746938,EMERGING,fast-v1.2-quality-gated-2026-10-05
2026-05-07,PDR,Bất động sản,PULLBACK RECLAIM,PULLBACK RECLAIM,64.76625420141467,16.55,0.05135951661631433,17.400000000000002,18.250000000000004,61.39793233082707,70.60714285714288,71.50000000000001,54.535714285714285,61.578947368421055,16.354041353383458,0.013006885998469997,0.021604938271605034,1.9154749604428405,0.03181760129719374,0.03232628398791543,NEUTRAL,fast-v1.2-quality-gated-2026-10-05
2026-05-08,CTG,Ngân hàng,MOMENTUM IGNITION,MOMENTUM IGNITION,71.36680457668513,35.65,0.04151472650771382,37.129999999999995,38.60999999999999,74.29411207875805,84.56834532374103,86.58273381294964,72.55395683453237,80.52631578947367,15.646837642667826,0.029855704649516923,0.0357350377687391,2.2499306467422464,0.14831198374872506,0.019060308555399686,EMERGING,fast-v1.2-quality-gated-2026-10-05
2026-05-08,VPL,Du lịch và Giải trí,MOMENTUM IGNITION,MOMENTUM IGNITION,71.04996929934514,91.5,0.08,98.82000000000001,106.13999999999999,81.28881105641803,80.57553956834533,72.6978417266187,81.22302158273381,91.57894736842104,20.168228349651116,0.0807937632884479,0.06767794632438728,1.008473159885944,0.8522454438870812,0.04202185792349727,EMERGING,fast-v1.2-quality-gated-2026-10-05
2026-05-08,VPI,Bất động sản,MOMENTUM IGNITION,MOMENTUM IGNITION,68.0939570958125,55.88,0.05529706513958488,58.97,62.06000000000001,78.05111700113594,77.55395683453239,96.00719424460432,82.80575539568345,53.42105263157894,-8.701514577811423,0.029268202832882118,0.0016131923283744243,2.519586865434047,0.10554657849455296,0.025706871868289176,NEUTRAL,fast-v1.2-quality-gated-2026-10-05
2026-05-08,VCB,Ngân hàng,PULLBACK RECLAIM,PULLBACK RECLAIM,66.25384149162718,60.26,0.035,62.369099999999996,64.4782,64.90742143127603,69.8201438848921,76.97841726618705,62.3021582733813,80.52631578947367,7.310146995185804,0.010997491800115888,0.015161725067385445,1.1848263789649942,0.12481429026438728,0.021457019581812144,NEUTRAL,fast-v1.2-quality-gated-2026-10-05
2026-05-08,MSN,Thực phẩm và đồ uống,MOMENTUM IGNITION,MOMENTUM IGNITION,66.14938381715005,80.2,0.0511221945137158,84.3,88.40000000000002,70.51173797803861,76.65467625899281,75.03597122302158,74.35251798561151,60.52631578947368,12.136831963001015,0.025969041831904738,0.04427083333333348,1.329650539113732,0.15064306030016472,0.024875311720698283,EMERGING,fast-v1.2-quality-gated-2026-10-05
2026-05-08,BID,Ngân hàng,PULLBACK RECLAIM,PULLBACK RECLAIM,65.69646290637303,39.23,0.06372673973999488,41.73,44.23,69.2041840212041,84.3884892086331,88.63309352517986,59.46043165467626,80.52631578947367,14.960481013685303,0.04209002404005768,0.0574123989218327,2.8870259355006356,0.23333572245735662,0.02263573795564618,EMERGING,fast-v1.2-quality-gated-2026-10-05
2026-05-11,PAN,Thực phẩm và đồ uống,PULLBACK RECLAIM,PULLBACK RECLAIM,75.92984916963671,24.82,0.045527800161160314,25.95,27.08,77.18085969180859,80.80291970802922,91.45985401459853,75.43795620437956,64.44444444444446,21.768641646695805,0.0237584557003796,0.029875518672199064,2.416446949943432,0.05949103174939896,0.029875100725221593,EMERGING,fast-v1.2-quality-gated-2026-10-05
2026-05-11,BVB,Ngân hàng,FAST BREAKOUT,FAST BREAKOUT,74.63821548420336,12.9,0.08,13.932000000000002,14.963999999999999,75.09245742092457,79.27007299270075,91.53284671532847,61.78832116788321,84.16666666666666,34.564261932202776,0.026661360923199373,0.040322580645161255,3.198118753674309,0.03312914509053104,0.03294573643410852,EMERGING,fast-v1.2-quality-gated-2026-10-05
2026-05-11,OCB,Ngân hàng,PULLBACK RECLAIM,PULLBACK RECLAIM,71.27081650506517,10.03,0.038883349950149415,10.42,10.809999999999997,71.35158150851582,71.42335766423359,84.96350364963504,58.06569343065693,84.16666666666666,19.66267173407973,0.011241619196451058,0.026612077789150534,2.997992745353766,-0.010364750134514225,0.02123629112662014,EMERGING,fast-v1.2-quality-gated-2026-10-05
2026-05-11,VPL,Du lịch và Giải trí,MOMENTUM IGNITION,MOMENTUM IGNITION,70.4752586924928,89.0,0.08,96.12,103.24,76.88584752635848,75.07299270072993,67.84671532846716,79.01459854014598,82.77777777777779,16.680208428614122,0.04878623615366484,0.04460093896713602,1.107753683295809,0.6808736215630542,0.04342696629213484,EMERGING,fast-v1.2-quality-gated-2026-10-05
2026-05-11,CII,Xây dựng và Vật liệu,PULLBACK RECLAIM,PULLBACK RECLAIM,70.00182338177167,19.7,0.08,21.276,22.851999999999997,75.11131386861314,81.09489051094893,84.63503649635037,65.72992700729927,62.5,7.908682289665762,0.035615718228413584,0.034120734908136496,2.274207202970966,-0.0479525888056021,0.043020304568527894,NEUTRAL,fast-v1.2-quality-gated-2026-10-05
2026-05-11,BSR,Dầu khí,FAST BREAKOUT,FAST BREAKOUT,62.86460548977479,27.44,0.08,29.635200000000005,31.8304,70.41605839416059,85.03649635036498,69.48905109489051,58.86861313868613,50.0,24.140024559574115,0.07317454730337536,0.09891870244293166,1.9850966212875778,0.3106510696163891,0.04456997084548104,EMERGING,fast-v1.2-quality-gated-2026-10-05
2026-05-11,SAB,Thực phẩm và đồ uống,PULLBACK RECLAIM,PULLBACK RECLAIM,62.70124685997784,44.54,0.05882352941176461,47.15999999999999,49.77999999999999,68.88341443633416,70.10948905109491,78.9051094890511,68.1021897810219,64.44444444444446,-0.9020178944929,0.025428508938541095,0.005417607223476395,1.6669480936138596,0.04915376754213596,0.02489896722047597,NEUTRAL,fast-v1.2-quality-gated-2026-10-05
2026-05-11,ORS,Dịch vụ tài chính,PULLBACK RECLAIM,PULLBACK RECLAIM,62.40086470268717,13.6,0.044117647058823484,14.199999999999998,14.799999999999999,60.31467964314679,67.44525547445257,71.16788321167883,55.43795620437956,45.277777777777786,30.457066861191905,0.011152416356877248,0.034220532319391594,2.3075105069001305,0.023830950256877793,0.028860294117647043,NEUTRAL,fast-v1.2-quality-gated-2026-10-05
2026-05-12,VPI,Bất động sản,PULLBACK RECLAIM,PULLBACK RECLAIM,71.02299301490513,56.33,0.06284395526362507,59.87,63.41,80.8786231884058,77.35507246376814,95.86956521739131,81.81159420289855,67.5,-4.055869292797212,0.03135441937108063,-0.007925325818950335,1.6242751477848776,0.038025227043184895,0.02727676193857624,NEUTRAL,fast-v1.2-quality-gated-2026-10-05
2026-05-12,DPR,Hóa chất,PULLBACK RECLAIM,PULLBACK RECLAIM,67.80620844390543,42.5,0.057647058823529496,44.949999999999996,47.400000000000006,75.49516908212559,74.6376811594203,78.76811594202898,75.18115942028984,82.22222222222221,4.650432240020322,0.030303030303030276,0.011904761904761862,1.375633721841844,0.12266710522698654,0.023235294117647083,NEUTRAL,fast-v1.2-quality-gated-2026-10-05
2026-05-12,DXG,Bất động sản,FAST BREAKOUT,FAST BREAKOUT,67.11110002771466,14.24,0.08,15.3792,16.5184,77.13949275362319,87.93478260869567,83.47826086956522,70.10869565217392,67.5,10.163928843848751,0.06312292358803995,0.055596738324684924,2.0862677579553908,0.07503567760951335,0.032022471910112385,EMERGING,fast-v1.2-quality-gated-2026-10-05
2026-05-12,HDB,Ngân hàng,PULLBACK RECLAIM,PULLBACK RECLAIM,66.70636739122608,27.35,0.04936014625228524,28.700000000000003,30.050000000000004,74.12318840579711,77.6449275362319,71.44927536231884,75.97826086956522,77.50000000000001,11.605237277977565,0.02771254109910748,0.03598484848484862,1.0178542862802729,0.06951724478369431,0.018738574040219363,EMERGING,fast-v1.2-quality-gated-2026-10-05
2026-05-12,GVR,Hóa chất,PULLBACK RECLAIM,PULLBACK RECLAIM,66.66058829037557,36.3,0.08,39.204,42.108,74.21074879227052,83.768115942029,80.72463768115941,70.68840579710144,82.22222222222221,4.837440521593834,0.07024397434952467,0.031249999999999778,1.130786329500669,0.32706908271467644,0.03732782369146003,NEUTRAL,fast-v1.2-quality-gated-2026-10-05
2026-05-12,CII,Xây dựng và Vật liệu,PULLBACK RECLAIM,PULLBACK RECLAIM,64.47916234454588,19.6,0.07653061224489799,21.1,22.6,68.66727053140096,77.46376811594203,74.71014492753623,63.1159420289855,46.388888888888886,9.33136827576186,0.02846648301193766,0.06233062330623329,1.2564492435085908,-0.007664671859559824,0.04285714285714283,NEUTRAL,fast-v1.2-quality-gated-2026-10-05
2026-05-12,DIG,Bất động sản,PULLBACK RECLAIM,PULLBACK RECLAIM,63.138508069613025,13.79,0.054387237128353916,14.540000000000001,15.290000000000001,61.242753623188406,71.34057971014495,69.3840579710145,50.97826086956522,67.5,10.992189713413978,0.013560692367057259,0.024517087667161874,1.580469930936497,0.017468094808829507,0.032124728063814355,NEUTRAL,fast-v1.2-quality-gated-2026-10-05
2026-05-12,HAH,Hàng & Dịch vụ Công nghiệp,PULLBACK RECLAIM,PULLBACK RECLAIM,62.6046084780822,55.43,0.057189247699801604,58.60000000000001,61.77,72.53502415458937,76.05072463768117,71.1231884057971,65.28985507246377,89.72222222222223,0.7894414478224547,0.03889045075438102,0.017624380392876837,1.2469672043837952,0.2988726957492169,0.023155331048168862,NEUTRAL,fast-v1.2-quality-gated-2026-10-05
2026-05-13,DPR,Hóa chất,MOMENTUM IGNITION,MOMENTUM IGNITION,69.11426212810126,43.0,0.05813953488372092,45.50000000000001,48.0,78.06674660271783,79.60431654676262,78.70503597122303,77.66187050359713,82.22222222222223,10.482414068745001,0.04015481373971941,0.022592152199762294,1.6946082517727212,0.1603205441478497,0.023662790697674446,EMERGING,fast-v1.2-quality-gated-2026-10-05
2026-05-13,PVT,Hàng & Dịch vụ Công nghiệp,PULLBACK RECLAIM,PULLBACK RECLAIM,67.75923931232445,21.48,0.08,23.198400000000003,24.9168,75.4130695443645,77.1223021582734,75.10791366906474,68.23741007194245,85.83333333333333,4.07953637090327,0.05387106270238462,0.004207573632538653,2.074007615301891,0.10519571183563972,0.04182960893854749,NEUTRAL,fast-v1.2-quality-gated-2026-10-05
2026-05-13,PVS,Dầu khí,PULLBACK RECLAIM,PULLBACK RECLAIM,67.5705441721749,34.17,0.08,36.903600000000004,39.6372,65.50219824140687,80.89928057553959,74.49640287769783,57.230215827338135,76.94444444444444,17.199040767386094,0.05635762203604666,0.020000000000000018,2.1524218594146753,0.34989860595191014,0.046985659935616056,EMERGING,fast-v1.2-quality-gated-2026-10-05
2026-05-13,HDB,Ngân hàng,MOMENTUM IGNITION,MOMENTUM IGNITION,63.81774120710247,27.7,0.06137184115523464,29.4,31.099999999999998,73.86410871302958,78.84892086330937,69.10071942446044,76.90647482014388,71.3888888888889,13.58133493205436,0.03784188834769586,0.041353383458646586,1.3199239135103769,0.09088520656961613,0.01832129963898916,EMERGING,fast-v1.2-quality-gated-2026-10-05
2026-05-13,OIL,Dầu khí,FAST BREAKOUT,FAST BREAKOUT,62.649661359993075,15.08,0.08,16.2864,17.4928,60.784572342126296,76.6906474820144,74.67625899280576,38.201438848920866,76.94444444444444,28.733213429256594,0.0457335043861169,0.04794996525364836,3.7749571593671543,0.12557937192430918,0.04041777188328911,NEUTRAL,fast-v1.2-quality-gated-2026-10-05
2026-05-14,VPI,Bất động sản,PULLBACK RECLAIM,PULLBACK RECLAIM,72.88030086885793,56.42,0.05157745480326137,59.330000000000005,62.240000000000016,77.97526358475264,83.64963503649638,89.96350364963503,80.47445255474453,57.77777777777778,4.00322411106842,0.024309653056407976,0.018044027426921794,1.1704674835922737,0.045159200639038444,0.02795994328252392,NEUTRAL,fast-v1.2-quality-gated-2026-10-05
2026-05-14,HNG,Thực phẩm và đồ uống,MOMENTUM IGNITION,MOMENTUM IGNITION,68.88252730878618,7.5,0.08,8.100000000000001,8.7,79.91747769667478,82.59124087591243,87.7007299270073,84.67153284671534,51.111111111111114,-0.02171403264853211,0.07066381156316925,0.013513513513513375,1.3433274217153055,0.0377349381954179,0.04733333333333332,NEUTRAL,fast-v1.2-quality-gated-2026-10-05
2026-05-14,FOX,Viễn thông,FAST BREAKOUT,FAST BREAKOUT,67.25062762979309,85.6,0.08,92.448,99.29599999999999,74.73661800486619,84.70802919708031,79.27007299270073,69.45255474452554,69.16666666666667,47.7212044710316,0.05108055009823187,0.09884467265725272,1.760941794167111,0.43665810728417376,0.03072429906542056,EMERGING,fast-v1.2-quality-gated-2026-10-05
2026-05-14,CTG,Ngân hàng,PULLBACK RECLAIM,PULLBACK RECLAIM,66.28059780239485,35.4,0.035,36.638999999999996,37.878,69.69322789943227,72.08029197080293,81.64233576642336,69.56204379562043,75.55555555555556,2.5779083505600937,0.01965867357960671,0.003970504821327214,1.1055679179273254,0.0706551752892991,0.017810734463276807,NEUTRAL,fast-v1.2-quality-gated-2026-10-05
2026-05-14,HDB,Ngân hàng,FAST BREAKOUT,FAST BREAKOUT,64.86424709774111,27.8,0.06474820143884896,29.6,31.400000000000002,76.6859286293593,78.39416058394163,79.92700729927007,78.24817518248176,75.55555555555556,-0.4704623480843111,0.03789434384916923,0.01090909090909098,1.1123357395292282,0.10345380932154413,0.018435251798561144,NEUTRAL,fast-v1.2-quality-gated-2026-10-05
2026-05-14,VPB,Ngân hàng,FAST BREAKOUT,FAST BREAKOUT,63.83792949168887,28.15,0.07495559502664295,30.259999999999998,32.37,74.38483373884834,78.54014598540148,80.2919708029197,64.05109489051095,75.55555555555556,2.1070141899761694,0.03625989324498424,0.017715112075198824,1.6520656047950208,0.058399336786878586,0.021793960923623446,NEUTRAL,fast-v1.2-quality-gated-2026-10-05
2026-05-14,DIG,Bất động sản,PULLBACK RECLAIM,PULLBACK RECLAIM,58.95576969837033,13.98,0.05078683834048647,14.69,15.400000000000002,59.752635847526356,71.49635036496352,67.59124087591242,51.24087591240876,57.77777777777778,9.129703516699294,0.026469400491941908,0.02417582417582409,1.4021786027133387,0.03234863620333514,0.030507868383404864,FADING,fast-v1.2-quality-gated-2026-10-05
2026-05-15,PVT,Hàng & Dịch vụ Công nghiệp,MOMENTUM IGNITION,MOMENTUM IGNITION,72.34442576978904,21.89,0.08,23.6412,25.3924,81.0,86.18518518518519,75.51851851851852,72.96296296296296,85.0,24.459106399091255,0.06637437583729144,0.08851317752362009,1.296864024363499,0.15699902242678448,0.042211055276381915,EMERGING,fast-v1.2-quality-gated-2026-10-05
2026-05-15,PAN,Thực phẩm và đồ uống,PULLBACK RECLAIM,PULLBACK RECLAIM,69.835844125531,24.94,0.05012028869286289,26.19,27.44,73.12777777777778,75.96296296296298,94.25925925925925,71.85185185185186,49.44444444444444,10.353449871681605,0.02703481788045381,0.006050826946349508,2.4736473449673197,-0.001479664559031424,0.028388131515637526,EMERGING,fast-v1.2-quality-gated-2026-10-05
2026-05-15,PVS,Dầu khí,PULLBACK RECLAIM,PULLBACK RECLAIM,68.76349054859794,34.17,0.08,36.903600000000004,39.6372,68.17962962962963,81.85185185185186,66.7037037037037,59.000000000000014,88.33333333333333,28.432185479686424,0.05148167523155989,0.05953488372093019,1.192903840849371,0.34960728470464675,0.047117354404448364,EMERGING,fast-v1.2-quality-gated-2026-10-05
2026-05-15,CEO,Bất động sản,PULLBACK RECLAIM,PULLBACK RECLAIM,68.35026390482099,16.89,0.0627442273534636,17.949749999999998,19.009500000000003,63.974074074074075,79.51851851851855,78.37037037037038,56.666666666666664,55.83333333333333,19.71252541826189,0.02369840596399775,0.0413070283600494,1.4923010246374782,0.002172642083157872,0.041829484902309075,NEUTRAL,fast-v1.2-quality-gated-2026-10-05
2026-05-15,SAB,Thực phẩm và đồ uống,FAST BREAKOUT,FAST BREAKOUT,65.62295493075538,45.42,0.05658300308234254,47.99,50.559999999999995,70.58888888888889,80.85185185185186,86.14814814814814,68.25925925925927,49.44444444444444,14.039381126677611,0.03721126728399993,0.04968800554656805,1.7292467292467293,0.04504665424572918,0.026497137824746796,EMERGING,fast-v1.2-quality-gated-2026-10-05
2026-05-15,OIL,Dầu khí,PULLBACK RECLAIM,PULLBACK RECLAIM,64.61254290099714,15.57,0.08,16.8156,18.0612,71.93703703703704,84.11111111111113,78.51851851851852,47.074074074074076,88.33333333333333,39.907218786374415,0.07531337408059668,0.1121428571428571,2.0836778830863176,0.20736429972328552,0.040751445086705175,EMERGING,fast-v1.2-quality-gated-2026-10-05
2026-05-18,PVS,Dầu khí,FAST BREAKOUT,FAST BREAKOUT,71.52734718001665,35.42,0.08,38.253600000000006,41.087199999999996,75.20342522974101,88.38345864661656,81.72932330827068,63.00751879699249,96.1111111111111,23.258169755288463,0.0846564897184241,0.07073760580411137,2.3787516281201233,0.417995010512988,0.04510163749294186,EMERGING,fast-v1.2-quality-gated-2026-10-05
2026-05-18,FOX,Viễn thông,PULLBACK RECLAIM,PULLBACK RECLAIM,70.18665546069663,85.8,0.08,92.664,99.52799999999999,76.43400167084377,78.30827067669173,79.92481203007517,70.97744360902256,86.94444444444444,31.86161724261992,0.049605480457520335,0.052760736196318936,2.1716749363513035,0.5406904231865972,0.03164335664335664,EMERGING,fast-v1.2-quality-gated-2026-10-05
2026-05-18,CTG,Ngân hàng,PULLBACK RECLAIM,PULLBACK RECLAIM,64.74689095870617,35.75,0.040000000000000036,37.18,38.61,68.54344193817879,75.93984962406016,87.55639097744361,69.09774436090225,60.55555555555556,6.336021013604579,0.026605596795267417,0.019680547632629608,2.0656656182283046,0.08565705084747438,0.019762237762237747,NEUTRAL,fast-v1.2-quality-gated-2026-10-05
2026-05-18,POW,"Điện, nước & xăng dầu khí đốt",MOMENTUM IGNITION,MOMENTUM IGNITION,60.89969221793625,14.3,0.08,15.444000000000003,16.588,71.48203842940684,75.5263157894737,77.93233082706766,72.96992481203006,47.22222222222223,10.550975980096212,0.05554530356154275,0.02508960573476715,1.611753632524281,0.0861471182026789,0.027972027972027965,EMERGING,fast-v1.2-quality-gated-2026-10-05
2026-05-19,PHR,Hóa chất,MOMENTUM IGNITION,MOMENTUM IGNITION,79.69409577669528,35.52,0.04626266891891887,37.163250000000005,38.8065,81.0797827903091,81.16541353383461,93.90977443609022,77.63157894736844,74.72222222222221,29.07808499743983,0.02279107937284941,0.009377664109122108,2.538409653001574,0.27504729500934566,0.03084177927927925,EMERGING,fast-v1.2-quality-gated-2026-10-05
2026-05-19,PVP,Hàng & Dịch vụ Công nghiệp,MOMENTUM IGNITION,MOMENTUM IGNITION,79.21919237276084,18.26,0.08,19.720800000000004,21.1816,90.08792815371763,90.4887218045113,85.6015037593985,90.33834586466166,83.88888888888889,8.391672115070293,0.063327995341389,0.05732484076433142,1.5668752464037685,0.10096898224236339,0.05082146768893754,LEADER,fast-v1.2-quality-gated-2026-10-05
2026-05-19,FOX,Viễn thông,MOMENTUM IGNITION,MOMENTUM IGNITION,76.80249737434944,86.5,0.08,93.42,100.33999999999999,82.48893065998328,85.60150375939851,89.77443609022556,76.3157894736842,95.55555555555556,24.85728814790599,0.0542994698031567,0.052311435523114236,3.134921917941091,0.632424566979734,0.03421965317919075,EMERGING,fast-v1.2-quality-gated-2026-10-05
2026-05-19,PVT,Hàng & Dịch vụ Công nghiệp,MOMENTUM IGNITION,MOMENTUM IGNITION,76.49766972679673,21.43,0.07186187587494164,22.97,24.509999999999998,79.47326649958228,85.15037593984965,77.25563909774436,66.57894736842104,83.88888888888889,17.528822055137837,0.029694407072842433,0.04180845892075835,1.7016810099753221,0.18208389755313908,0.04748016798880076,EMERGING,fast-v1.2-quality-gated-2026-10-05
2026-05-19,OIL,Dầu khí,MOMENTUM IGNITION,MOMENTUM IGNITION,70.4365648429752,15.38,0.08,16.610400000000002,17.840799999999998,71.81453634085213,84.3233082706767,81.80451127819549,49.360902255639104,84.16666666666667,29.16598561621445,0.05108491371946022,0.08386187455954897,2.186092795641593,0.26879469091318,0.05123537061118333,EMERGING,fast-v1.2-quality-gated-2026-10-05
2026-05-19,PVD,Dầu khí,MOMENTUM IGNITION,MOMENTUM IGNITION,70.11454796456185,19.95,0.08,21.546,23.141999999999996,67.06265664160401,78.53383458646617,80.41353383458646,47.66917293233084,84.16666666666667,19.667729105372125,0.02800608043696684,0.045597484276729716,2.4824136010122166,0.2508170783586352,0.04473684210526314,EMERGING,fast-v1.2-quality-gated-2026-10-05
2026-05-19,PLX,Dầu khí,MOMENTUM IGNITION,MOMENTUM IGNITION,68.31173015157925,40.55,0.08,43.794,47.038,67.468671679198,88.6466165413534,86.76691729323308,49.58646616541353,84.16666666666667,40.082802113980605,0.06706314224438503,0.11126335982460933,2.8109315166808333,0.852814405203357,0.044562268803945745,EMERGING,fast-v1.2-quality-gated-2026-10-05
2026-05-19,PDR,Bất động sản,PULLBACK RECLAIM,PULLBACK RECLAIM,58.81551832165133,16.85,0.05044510385756684,17.700000000000003,18.550000000000004,61.90183792815371,72.66917293233084,71.27819548872179,60.338345864661655,51.38888888888889,5.050388652791391,0.02869352869352859,0.021212121212121238,2.4335637567624553,0.026624116558933084,0.02611275964391693,NEUTRAL,fast-v1.2-quality-gated-2026-10-05
2026-05-20,VGI,Viễn thông,MOMENTUM IGNITION,MOMENTUM IGNITION,68.52663304496141,94.09,0.08,101.61720000000001,109.14439999999999,72.46102819237149,81.34328358208957,82.16417910447763,56.97761194029851,88.61111111111111,22.15047663361849,0.07533271998948554,0.07938510955603983,2.14487767352551,1.3201973025834952,0.047704325645658414,EMERGING,fast-v1.2-quality-gated-2026-10-05
2026-05-20,OIL,Dầu khí,MOMENTUM IGNITION,MOMENTUM IGNITION,67.57512113888936,15.47,0.08,16.707600000000003,17.9452,70.50103648424545,78.3582089552239,75.0,53.88059701492537,88.05555555555556,9.71646414211915,0.05442524622567557,0.02586206896551735,1.570156014345451,0.23762188106684706,0.05575307045895278,NEUTRAL,fast-v1.2-quality-gated-2026-10-05
2026-05-21,VPL,Du lịch và Giải trí,MOMENTUM IGNITION,MOMENTUM IGNITION,76.65984611926054,93.5,0.08,100.98,108.46,85.79353233830847,88.24626865671642,82.83582089552239,87.20149253731344,83.33333333333334,10.250547747878628,0.06099290780141842,0.04120267260579058,1.003621001810501,0.2796158036643219,0.0425668449197861,LEADER,fast-v1.2-quality-gated-2026-10-05
2026-05-21,VTZ,Hóa chất,PULLBACK RECLAIM,PULLBACK RECLAIM,71.94054052414504,20.7,0.035,21.4245,22.149,74.97719734660032,81.34328358208957,77.76119402985074,78.17164179104478,62.77777777777777,10.136970258198048,0.01620029455081018,0.009756097560975618,1.2413898085778436,0.014271879272581112,0.016908212560386517,EMERGING,fast-v1.2-quality-gated-2026-10-05
2026-05-21,VEA,Hàng & Dịch vụ Công nghiệp,PULLBACK RECLAIM,PULLBACK RECLAIM,70.40412984617154,34.7,0.03746397694524506,36.0,37.30000000000001,72.19506633499171,74.47761194029852,71.64179104477611,76.71641791044776,73.05555555555556,37.46091140541424,0.02374981560702194,-0.002873563218390607,0.9077790455735284,0.14072308735790434,0.015129682997118175,EMERGING,fast-v1.2-quality-gated-2026-10-05
2026-05-21,VGI,Viễn thông,MOMENTUM IGNITION,MOMENTUM IGNITION,67.54789624988699,92.26,0.08,99.64080000000001,107.02159999999999,64.95605306799337,78.32089552238807,75.8955223880597,58.28358208955224,76.94444444444443,22.14461754487901,0.05262557403234536,0.05839164850292544,1.0194654065872064,1.188989497727801,0.05120312161283329,NEUTRAL,fast-v1.2-quality-gated-2026-10-05
2026-05-21,DCL,Y tế,PULLBACK RECLAIM,PULLBACK RECLAIM,65.59065754221214,38.7,0.03617571059431535,40.10000000000001,41.500000000000014,58.781923714759536,82.53731343283584,82.57462686567165,44.58955223880598,66.11111111111111,17.780504412245342,0.025233459169481387,0.0051948051948051965,2.1486647749874037,0.6782488352335942,0.021899224806201562,FADING,fast-v1.2-quality-gated-2026-10-05
2026-05-21,NAF,Thực phẩm và đồ uống,PULLBACK RECLAIM,PULLBACK RECLAIM,61.976662505615124,51.8,0.055984555984555984,54.699999999999996,57.599999999999994,71.42910447761193,77.05223880597016,63.17164179104478,83.30223880597013,47.5,14.332794664148835,0.0315642736234194,0.04540867810292637,0.8548553498802043,0.08229123902380686,0.019642857142857125,EMERGING,fast-v1.2-quality-gated-2026-10-05
2026-05-22,VIX,Dịch vụ tài chính,MOMENTUM IGNITION,MOMENTUM IGNITION,74.31291599388213,17.7,0.06364406779661021,18.8265,19.953000000000003,74.41332497911445,82.78195488721806,84.81203007518798,69.17293233082707,64.44444444444444,14.241102756892218,0.029758268609826333,-0.01062045835662384,1.5443396059146546,0.047802020380629584,0.042429378531073474,EMERGING,fast-v1.2-quality-gated-2026-10-05
2026-05-22,DCL,Y tế,FAST BREAKOUT,FAST BREAKOUT,68.43963335545243,39.0,0.04358974358974366,40.7,42.400000000000006,62.197159565580606,89.43609022556393,86.76691729323308,48.08270676691728,66.94444444444444,25.89160401002505,0.029091628735404607,0.015625,2.08936468902011,0.689015524700828,0.021282051282051292,NEUTRAL,fast-v1.2-quality-gated-2026-10-05
2026-05-22,CTS,Dịch vụ tài chính,PULLBACK RECLAIM,PULLBACK RECLAIM,68.19958129289205,22.02,0.0731153496821072,23.630000000000003,25.240000000000002,68.20091896407685,83.57142857142858,82.5563909774436,60.86466165413533,64.44444444444444,11.452770815928702,0.03682079291835394,0.003646308113035568,1.6895462259074792,0.08620412404988131,0.02979109900090826,EMERGING,fast-v1.2-quality-gated-2026-10-05
2026-05-22,PAN,Thực phẩm và đồ uống,PULLBACK RECLAIM,PULLBACK RECLAIM,63.887827077705026,24.71,0.045730473492513246,25.840000000000003,26.970000000000006,69.49728487886382,67.21804511278197,84.9624060150376,66.46616541353383,52.77777777777777,-3.630492898913957,0.012767178310141958,-0.00922213311948683,1.4890047385607543,-0.010462186845743404,0.02822743828409551,NEUTRAL,fast-v1.2-quality-gated-2026-10-05
2026-05-25,VPL,Du lịch và Giải trí,MOMENTUM IGNITION,MOMENTUM IGNITION,79.36061438483608,95.7,0.08,103.35600000000001,111.012,88.34482038429407,93.87218045112782,83.57142857142857,91.61654135338345,77.22222222222223,23.57978279030911,0.07286995515695072,0.058628318584070804,0.9125421323398971,0.42453936163605555,0.04179728317659352,LEADER,fast-v1.2-quality-gated-2026-10-05
2026-05-25,HHP,Tài nguyên Cơ bản,MOMENTUM IGNITION,MOMENTUM IGNITION,77.44875220060754,13.88,0.07132564841498557,14.870000000000001,15.86,85.8500417710944,94.9248120300752,88.6466165413534,88.1203007518797,71.11111111111111,15.281537176274014,0.061446105609299195,0.057926829268292845,1.39532212442747,0.07370662803254319,0.035662824207492796,LEADER,fast-v1.2-quality-gated-2026-10-05
2026-05-25,PAN,Thực phẩm và đồ uống,PULLBACK RECLAIM,PULLBACK RECLAIM,71.91094077064726,25.39,0.07128790862544321,27.200000000000003,29.010000000000005,78.66645781119465,81.27819548872182,95.0375939849624,73.796992481203,55.27777777777778,15.284043441938174,0.03887070376432078,0.01967871485943773,1.961126183532576,0.0380902407748091,0.027786530129972436,EMERGING,fast-v1.2-quality-gated-2026-10-05
2026-05-25,DCL,Y tế,MOMENTUM IGNITION,MOMENTUM IGNITION,71.5113041522444,38.5,0.035,39.8475,41.195,61.370091896407686,86.27819548872182,87.81954887218045,46.05263157894737,66.94444444444444,22.230576441102755,0.013091243997105373,0.005221932114882533,1.719672373081464,0.6481206846697205,0.021038961038961045,NEUTRAL,fast-v1.2-quality-gated-2026-10-05
2026-05-26,VEA,Hàng & Dịch vụ Công nghiệp,PULLBACK RECLAIM,PULLBACK RECLAIM,71.91188164978722,35.4,0.053672316384180796,37.3,39.199999999999996,77.50715174129354,84.66417910447763,91.08208955223881,79.1044776119403,58.33333333333333,46.72522314357546,0.03781882145998239,0.014326647564469885,2.6979899721780014,0.10919109633187185,0.01751412429378532,EMERGING,fast-v1.2-quality-gated-2026-10-05
2026-05-26,HSG,Tài nguyên Cơ bản,FAST BREAKOUT,FAST BREAKOUT,71.88279322541356,12.8,0.08,13.824000000000002,14.847999999999999,79.47222222222223,87.61194029850748,83.32089552238807,76.00746268656718,73.6111111111111,34.3640350877193,0.03950948146343447,0.06224066390041494,2.5615123160047126,0.027340009311031213,0.023828124999999988,EMERGING,fast-v1.2-quality-gated-2026-10-05
2026-05-26,CTS,Dịch vụ tài chính,PULLBACK RECLAIM,PULLBACK RECLAIM,68.24804663939156,22.29,0.08,24.0732,25.856399999999997,70.50787728026533,84.25373134328359,81.67910447761193,61.64179104477613,74.72222222222223,11.541920722203528,0.04366147723282232,0.017808219178082174,1.5805839464660252,0.09426821091472753,0.030125616868550906,EMERGING,fast-v1.2-quality-gated-2026-10-05
2026-05-26,SHS,Dịch vụ tài chính,FAST BREAKOUT,FAST BREAKOUT,68.08714348066157,18.4,0.08,19.872,21.343999999999998,73.20190713101161,84.32835820895525,75.1865671641791,59.589552238805965,74.72222222222223,21.668281400017463,0.05534843705190706,0.033707865168539186,2.627412474930599,0.05659669907560952,0.03342391304347826,EMERGING,fast-v1.2-quality-gated-2026-10-05
2026-05-27,NAB,Ngân hàng,PULLBACK RECLAIM,PULLBACK RECLAIM,76.16580268720612,12.45,0.036144578313252906,12.899999999999999,13.349999999999996,80.89814814814815,75.1851851851852,76.55555555555556,81.66666666666667,99.44444444444444,16.090312327252633,0.01803017294247522,0.012195121951219301,1.2395423668215946,-0.031413960843537425,0.01835341365461847,EMERGING,fast-v1.2-quality-gated-2026-10-05
2026-05-27,HHP,Tài nguyên Cơ bản,MOMENTUM IGNITION,MOMENTUM IGNITION,73.98062969660116,14.02,0.08,15.1416,16.263199999999998,82.4888888888889,79.81481481481482,84.55555555555554,88.70370370370371,73.05555555555556,11.785219734660032,0.05508729680915114,0.0035790980672869566,1.1661699833020316,0.04526163281818424,0.03634094151212554,EMERGING,fast-v1.2-quality-gated-2026-10-05
2026-05-27,EVF,Dịch vụ tài chính,MOMENTUM IGNITION,MOMENTUM IGNITION,70.9710397022807,13.85,0.06859205776173283,14.8,15.749999999999998,71.61296296296295,82.55555555555559,69.7037037037037,66.55555555555554,70.27777777777777,21.919140409065776,0.026686434395848835,0.033582089552238736,2.0162763434117617,0.043888879623108765,0.03140794223826713,EMERGING,fast-v1.2-quality-gated-2026-10-05
2026-05-27,VPB,Ngân hàng,PULLBACK RECLAIM,PULLBACK RECLAIM,70.90688460893617,28.05,0.08,30.294000000000004,32.538,75.77222222222221,80.96296296296298,74.66666666666666,66.62962962962963,99.44444444444444,24.024087893864,0.0308899465260295,0.050561797752809,1.3742859026616971,0.01007980223722807,0.02249554367201426,EMERGING,fast-v1.2-quality-gated-2026-10-05
2026-05-27,POW,"Điện, nước & xăng dầu khí đốt",PULLBACK RECLAIM,PULLBACK RECLAIM,69.54015594488074,14.05,0.06049822064056953,14.900000000000002,15.750000000000005,72.69814814814815,76.62962962962965,75.33333333333334,69.14814814814815,65.55555555555556,9.047857932559431,0.018669566793547254,0.014440433212996373,0.9450616630178749,-0.03605015792693428,0.03202846975088968,NEUTRAL,fast-v1.2-quality-gated-2026-10-05
2026-05-27,VFS,Dịch vụ tài chính,PULLBACK RECLAIM,PULLBACK RECLAIM,67.89204902422361,12.2,0.060655737704917945,12.939999999999998,13.679999999999998,64.52407407407408,84.25925925925928,72.22222222222221,54.66666666666667,70.27777777777777,48.043390983368596,0.027325165256199657,0.03918228279386704,1.9681982527366941,0.08142762003125831,0.029221311475409805,NEUTRAL,fast-v1.2-quality-gated-2026-10-05
2026-05-27,ABB,Ngân hàng,PULLBACK RECLAIM,PULLBACK RECLAIM,66.3643673595708,13.55,0.035,14.02425,14.498500000000002,77.14074074074074,67.96296296296298,57.11111111111111,80.44444444444444,99.44444444444444,10.15788306839086,0.02538877747928403,0.01956358164033123,0.8684723670827854,0.00831683491435009,0.01738007380073802,EMERGING,fast-v1.2-quality-gated-2026-10-05
2026-05-27,HSG,Tài nguyên Cơ bản,MOMENTUM IGNITION,MOMENTUM IGNITION,65.29215289265599,12.8,0.08,13.824000000000002,14.847999999999999,74.59444444444445,78.37037037037038,66.66666666666667,74.70370370370371,73.05555555555556,24.220066334991714,0.03673105738468396,0.07112970711297084,0.9392166236844409,0.04255547674278014,0.023398437499999983,EMERGING,fast-v1.2-quality-gated-2026-10-05
2026-05-28,CTS,Dịch vụ tài chính,MOMENTUM IGNITION,MOMENTUM IGNITION,76.6884987233274,21.58,0.054216867469879415,22.749999999999993,23.919999999999995,71.27001633986929,81.61764705882354,76.32352941176471,60.882352941176464,83.61111111111111,26.77457687054921,0.0036509080761806256,0.01077283372365323,0.9864912904372556,0.05171353540278378,0.03195088044485634,EMERGING,fast-v1.2-quality-gated-2026-10-05
2026-05-28,VND,Dịch vụ tài chính,MOMENTUM IGNITION,MOMENTUM IGNITION,75.89979739181007,17.3,0.08,18.684,20.067999999999998,84.46670751633988,95.95588235294119,95.29411764705884,73.49264705882354,83.61111111111111,33.24179043507951,0.06222945384213929,0.08873505349276267,1.943517374422114,0.15757209642566267,0.03135838150289016,EMERGING,fast-v1.2-quality-gated-2026-10-05
2026-05-28,SHS,Dịch vụ tài chính,MOMENTUM IGNITION,MOMENTUM IGNITION,75.53919592615128,18.0,0.07777777777777772,19.4,20.799999999999997,76.71303104575163,87.83088235294119,73.97058823529412,65.11029411764706,83.61111111111111,39.98251694956589,0.02447353443369371,0.05263157894736836,1.329287048138862,0.06697925546898192,0.035,EMERGING,fast-v1.2-quality-gated-2026-10-05
2026-05-28,VFS,Dịch vụ tài chính,MOMENTUM IGNITION,MOMENTUM IGNITION,73.27320466282875,12.1,0.05289256198347103,12.739999999999998,13.379999999999999,68.624795751634,84.19117647058826,72.61029411764706,57.31617647058824,83.61111111111111,45.16436342080693,0.016550449466520956,0.015100671140939603,1.3115892871679375,0.07220894849614319,0.02855371900826443,EMERGING,fast-v1.2-quality-gated-2026-10-05
2026-05-28,PDR,Bất động sản,MOMENTUM IGNITION,MOMENTUM IGNITION,73.0629799713926,16.5,0.0696969696969697,17.650000000000002,18.8,70.8531454248366,78.5294117647059,84.55882352941177,59.81617647058823,51.388888888888886,24.098170300458484,0.0027347310847767314,0.028037383177569986,1.2761650389866177,0.015750215265228393,0.03333333333333336,EMERGING,fast-v1.2-quality-gated-2026-10-05
2026-05-28,KDC,Thực phẩm và đồ uống,PULLBACK RECLAIM,PULLBACK RECLAIM,72.16700007132937,50.4,0.05753968253968256,53.3,56.2,78.36315359477123,91.39705882352942,90.77205882352942,78.16176470588235,49.44444444444444,17.64953419178616,0.05406253267802996,0.039175257731958624,1.0766996317790916,0.2393406813130738,0.030059523809523807,EMERGING,fast-v1.2-quality-gated-2026-10-05
2026-05-28,VHM,Bất động sản,PULLBACK RECLAIM,PULLBACK RECLAIM,70.77797977016986,75.93,0.08,82.00440000000002,88.0788,75.59211601307189,71.94852941176472,80.47794117647058,83.2720588235294,51.388888888888886,3.2214692469027426,0.015303768778707205,-0.013127112035352106,1.3864426014162126,-0.935240170313568,0.05344396154352692,NEUTRAL,fast-v1.2-quality-gated-2026-10-05
2026-05-28,OCB,Ngân hàng,MOMENTUM IGNITION,MOMENTUM IGNITION,69.6915401886327,10.2,0.08,11.016,11.831999999999999,81.74142156862744,81.47058823529413,84.41176470588235,71.21323529411765,94.16666666666666,36.9802275387767,0.03980834904939079,0.0625,1.0741798887811846,0.05463777966201738,0.01931372549019605,EMERGING,fast-v1.2-quality-gated-2026-10-05
2026-05-29,SSB,Ngân hàng,MOMENTUM IGNITION,MOMENTUM IGNITION,76.29928655708146,14.0,0.035,14.489999999999998,14.98,74.33888888888889,79.92592592592594,79.99999999999999,67.92592592592592,86.3888888888889,11.897159565580623,0.0026857654431513556,0.010830324909747224,1.1425761140008093,0.06590240228529978,0.01642857142857142,EMERGING,fast-v1.2-quality-gated-2026-10-05
2026-05-29,OCB,Ngân hàng,MOMENTUM IGNITION,MOMENTUM IGNITION,75.51404470874417,10.03,0.0648055832502491,10.68,11.329999999999997,79.60185185185185,83.18518518518519,87.48148148148147,70.62962962962963,86.3888888888889,30.541701475912006,0.02112496818528875,0.040456431535269566,1.1061446825841266,0.04888121975205819,0.020239282153539352,EMERGING,fast-v1.2-quality-gated-2026-10-05
2026-05-29,GAS,"Điện, nước & xăng dầu khí đốt",PULLBACK RECLAIM,PULLBACK RECLAIM,73.18472308732451,87.4,0.08,94.39200000000001,101.384,69.79444444444445,93.4814814814815,94.11111111111111,66.0,53.333333333333336,15.456934001670852,0.06229109693102397,0.029446407538280317,1.1324729199449517,0.2005874980748722,0.05011441647597255,EMERGING,fast-v1.2-quality-gated-2026-10-05
2026-05-29,BSR,Dầu khí,PULLBACK RECLAIM,PULLBACK RECLAIM,71.52753361431868,29.42,0.08,31.773600000000005,34.1272,71.63888888888889,82.11111111111111,79.44444444444444,72.03703703703704,68.88888888888889,1.2504177109440207,0.027324312527280847,0.001702417432754455,0.8039905447704672,-0.16330943768945694,0.0591434398368457,NEUTRAL,fast-v1.2-quality-gated-2026-10-05
2026-05-29,PLX,Dầu khí,PULLBACK RECLAIM,PULLBACK RECLAIM,61.84663051262627,39.58,0.07939615967660438,42.722500000000004,45.865,60.33518518518519,67.22222222222224,74.81481481481482,51.70370370370371,68.88888888888889,2.1196463380673976,0.018882009962287505,-0.022716049382716097,0.8247354961151061,0.034728687173567876,0.05293077311773625,NEUTRAL,fast-v1.2-quality-gated-2026-10-05
2026-06-01,ABB,Ngân hàng,PULLBACK RECLAIM,PULLBACK RECLAIM,77.38881429401417,13.55,0.035,14.02425,14.498500000000002,83.2574074074074,80.11111111111113,77.18518518518518,83.9074074074074,91.94444444444444,14.4261104149262,0.019371826217791988,0.006686478454680511,1.4608581292125595,0.005447277530914674,0.01767527675276755,EMERGING,fast-v1.2-quality-gated-2026-10-05
2026-06-01,SHS,Dịch vụ tài chính,PULLBACK RECLAIM,PULLBACK RECLAIM,74.92458977060932,18.2,0.08,19.656,21.112,74.86111111111111,86.81481481481482,72.92592592592592,69.7037037037037,75.0,21.091896407685887,0.028829847371396156,0.02824858757062154,0.9047918837834772,0.05752124127030872,0.03598901098901101,EMERGING,fast-v1.2-quality-gated-2026-10-05
2026-06-01,VND,Dịch vụ tài chính,PULLBACK RECLAIM,PULLBACK RECLAIM,72.86924021478465,17.55,0.08,18.954,20.358,81.77222222222221,92.81481481481482,93.03703703703704,76.07407407407408,75.0,6.878947368421038,0.06771308632962225,0.02571595558153139,1.227639076037938,0.12495565806465181,0.03396011396011394,NEUTRAL,fast-v1.2-quality-gated-2026-10-05
2026-06-01,BCM,Bất động sản,MOMENTUM IGNITION,MOMENTUM IGNITION,69.83530541737814,54.7,0.04579524680073127,57.205,59.71,64.68518518518518,82.07407407407408,77.18518518518519,62.33333333333333,46.38888888888888,24.57866889445836,0.013526032981286074,0.026266416510319024,0.9044923521618692,0.1575073309356829,0.030530164533820847,NEUTRAL,fast-v1.2-quality-gated-2026-10-05
2026-06-01,FTS,Dịch vụ tài chính,PULLBACK RECLAIM,PULLBACK RECLAIM,67.15806360523402,24.15,0.046790890269151064,25.279999999999994,26.409999999999997,63.60740740740741,77.51851851851853,63.96296296296296,58.14814814814815,75.0,13.569395711500981,0.013258370395233587,0.010460251046025215,0.852463276193879,0.06906428934215805,0.026211180124223604,NEUTRAL,fast-v1.2-quality-gated-2026-10-05
2026-06-02,ABB,Ngân hàng,MOMENTUM IGNITION,MOMENTUM IGNITION,80.75740461765795,13.72,0.03790087463556857,14.24,14.760000000000002,87.56405472636817,90.52238805970151,86.71641791044777,88.26492537313432,83.33333333333333,20.37392314742081,0.029141506957206742,0.019316493313521477,1.829382684750919,0.013796380218908222,0.018075801749271158,LEADER,fast-v1.2-quality-gated-2026-10-05
2026-06-02,NAF,Thực phẩm và đồ uống,MOMENTUM IGNITION,MOMENTUM IGNITION,77.61029491751276,52.0,0.03653846153846152,53.89999999999999,55.8,80.36463515754559,88.32089552238807,82.61194029850745,90.48507462686567,51.94444444444444,9.316334991708118,0.014881678458160685,-0.005736137667303964,1.3443799111718484,0.05865612819220556,0.021586538461538445,NEUTRAL,fast-v1.2-quality-gated-2026-10-05
2026-06-02,SSB,Ngân hàng,PULLBACK RECLAIM,PULLBACK RECLAIM,73.72014465145261,14.4,0.05833333333333335,15.24,16.080000000000002,80.83271144278608,87.05223880597016,84.58955223880596,76.7910447761194,83.33333333333333,3.9778192371475996,0.028387787895018723,-0.0055248618784530246,1.3439669862172094,0.051943594758057904,0.01684027777777777,NEUTRAL,fast-v1.2-quality-gated-2026-10-05
2026-06-03,ABB,Ngân hàng,FAST BREAKOUT,FAST BREAKOUT,76.77433415863709,13.81,0.04417089065894286,14.420000000000002,15.030000000000003,86.75725538971808,87.20149253731344,83.54477611940298,88.61940298507461,83.8888888888889,13.863598673300189,0.03287087244306486,0.01918819188191878,1.33325136779984,0.022384641209427653,0.01828385228095585,LEADER,fast-v1.2-quality-gated-2026-10-05
2026-06-03,FPT,Công nghệ Thông tin,MOMENTUM IGNITION,MOMENTUM IGNITION,73.61977106323056,76.5,0.0745098039215687,82.20000000000002,87.9,77.41728855721392,91.23134328358212,93.24626865671642,64.40298507462687,81.66666666666666,34.63395522388059,0.051322398664202185,0.053719008264462964,1.9669375894576266,0.4035834408686632,0.02930718954248367,EMERGING,fast-v1.2-quality-gated-2026-10-05
2026-06-03,KDC,Thực phẩm và đồ uống,MOMENTUM IGNITION,MOMENTUM IGNITION,71.71286804050342,51.1,0.07045009784735812,54.7,58.300000000000004,79.13225538971807,93.50746268656718,89.55223880597015,82.01492537313433,51.388888888888886,22.99151464897733,0.046112902400327505,0.05797101449275366,1.662201353404226,0.3640883566660942,0.023238747553816046,EMERGING,fast-v1.2-quality-gated-2026-10-05
2026-06-03,SHS,Dịch vụ tài chính,PULLBACK RECLAIM,PULLBACK RECLAIM,69.81698050551509,18.4,0.08,19.872,21.343999999999998,72.2242951907131,86.11940298507466,76.67910447761193,72.57462686567165,54.722222222222214,5.737258153676066,0.03457970199606408,0.005464480874316724,1.3743738095620943,0.04276437271738284,0.03777173913043479,NEUTRAL,fast-v1.2-quality-gated-2026-10-05
2026-06-03,FTS,Dịch vụ tài chính,PULLBACK RECLAIM,PULLBACK RECLAIM,66.0031564905247,24.05,0.042827442827442885,25.080000000000002,26.110000000000003,60.64313847429519,78.97388059701494,68.50746268656717,59.85074626865671,54.722222222222214,7.870916252072966,0.00806874148590575,0.0,1.2306202345680026,0.04472413621380314,0.026694386694386684,NEUTRAL,fast-v1.2-quality-gated-2026-10-05
2026-06-04,VGI,Viễn thông,PULLBACK RECLAIM,PULLBACK RECLAIM,81.34437815515636,92.26,0.07343919358335137,99.0355,105.811,83.68718905472637,85.74626865671645,84.88805970149254,72.20149253731343,93.33333333333333,24.666764218125067,0.03203722761644845,0.026708212775428564,0.965135392334977,0.052305642471461744,0.048959462388900914,EMERGING,fast-v1.2-quality-gated-2026-10-05
2026-06-04,ABB,Ngân hàng,FAST BREAKOUT,FAST BREAKOUT,74.08862949148264,13.9,0.05035971223021585,14.600000000000001,15.3,86.42495854063019,87.61194029850749,85.11194029850746,88.3768656716418,85.27777777777779,9.284217799889447,0.03723602716215213,0.0326894502228825,1.9350589061892276,0.030621572032886596,0.015971223021582753,LEADER,fast-v1.2-quality-gated-2026-10-05
2026-06-04,PLX,Dầu khí,PULLBACK RECLAIM,PULLBACK RECLAIM,71.80852187583069,40.4,0.07871287128712867,43.57999999999999,46.76,65.24917081260364,89.73880597014926,85.03731343283582,57.91044776119403,53.05555555555556,20.335159374695138,0.033618175305736075,0.06064583880283525,1.1687791375291374,0.01634883748942667,0.052103960396039636,EMERGING,fast-v1.2-quality-gated-2026-10-05
2026-06-05,ABB,Ngân hàng,MOMENTUM IGNITION,MOMENTUM IGNITION,75.73672624979677,13.81,0.04417089065894286,14.420000000000002,15.030000000000003,85.08146766169153,83.73134328358212,81.52985074626866,88.61940298507463,84.16666666666666,11.624972563652321,0.02818002456910995,0.01918819188191878,0.9687963607039748,0.026649530145433947,0.015749456915278796,LEADER,fast-v1.2-quality-gated-2026-10-05
2026-06-05,SAB,Thực phẩm và đồ uống,PULLBACK RECLAIM,PULLBACK RECLAIM,74.02480649966932,44.72,0.035,46.285199999999996,47.8504,72.57856550580432,81.00746268656718,73.84328358208955,78.54477611940298,53.611111111111114,16.113750690989498,0.004481081748857196,0.017983155019348995,0.8500844168025513,-0.06555170981517738,0.021992397137745996,EMERGING,fast-v1.2-quality-gated-2026-10-05
2026-06-05,PLX,Dầu khí,PULLBACK RECLAIM,PULLBACK RECLAIM,68.01509781367008,40.55,0.08,43.794,47.038,64.18387230514097,88.20895522388062,84.40298507462687,61.007462686567166,45.55555555555556,3.848687119955777,0.03184599921116571,0.024507326932794227,0.8929575743297282,0.12422912393208965,0.05429099876695441,NEUTRAL,fast-v1.2-quality-gated-2026-10-05
2026-06-08,OCB,Ngân hàng,MOMENTUM IGNITION,MOMENTUM IGNITION,78.85132398745658,10.29,0.0631681243926141,10.939999999999998,11.589999999999998,85.63492063492063,91.01503759398497,95.0375939849624,82.06766917293233,78.88888888888889,10.347883597883609,0.0298238590872697,0.03003003003003002,2.444019063373902,0.06862193218548454,0.024489795918367318,LEADER,fast-v1.2-quality-gated-2026-10-05
2026-06-09,VVS,Ô tô và phụ tùng,PULLBACK RECLAIM,PULLBACK RECLAIM,69.66181148730743,71.64,0.08,77.3712,83.10239999999999,64.96700083542189,67.89473684210527,83.12030075187968,64.17293233082707,69.72222222222223,24.48366750208855,0.030643072939145366,-0.04122055674518199,1.1580957577410995,0.3006403354792402,0.055388051367950886,NEUTRAL,fast-v1.2-quality-gated-2026-10-05
2026-06-10,SBT,Thực phẩm và đồ uống,FAST BREAKOUT,FAST BREAKOUT,72.78954197995894,21.2,0.07075471698113212,22.700000000000003,24.2,76.56827820186598,87.09923664122138,81.6793893129771,74.73282442748092,66.94444444444443,21.475201916625515,0.02440202947571879,0.04950495049504955,1.249628612496286,0.018497151151092378,0.020872641509433944,EMERGING,fast-v1.2-quality-gated-2026-10-05
2026-06-10,SHS,Dịch vụ tài chính,PULLBACK RECLAIM,PULLBACK RECLAIM,63.08372442786817,18.3,0.06557377049180324,19.500000000000004,20.7,70.98282442748092,68.4732824427481,67.70992366412214,68.7404580152672,59.99999999999999,-1.2414707632321722,0.021205357142857206,-0.005434782608695565,0.8389553090158546,0.0068020441018091515,0.03770491803278689,NEUTRAL,fast-v1.2-quality-gated-2026-10-05
2026-06-11,SAB,Thực phẩm và đồ uống,PULLBACK RECLAIM,PULLBACK RECLAIM,82.15071826660336,45.47,0.04112601715416753,47.34,49.209999999999994,83.89885496183206,92.2137404580153,87.78625954198473,86.6412213740458,72.5,21.273647664982967,0.019015497013771254,0.016771019677996435,2.1384228312813565,-0.0006978775292273698,0.020332087090389295,EMERGING,fast-v1.2-quality-gated-2026-10-05
2026-06-11,TVN,Tài nguyên Cơ bản,PULLBACK RECLAIM,PULLBACK RECLAIM,80.24582311040619,11.6,0.08,12.528,13.456,88.62128922815944,93.7404580152672,89.7709923664122,93.47328244274809,63.88888888888889,10.75520299267022,0.07407407407407396,0.03571428571428581,0.8602863303542176,-0.04219140132965027,0.06336206896551726,LEADER,fast-v1.2-quality-gated-2026-10-05
2026-06-11,HHP,Tài nguyên Cơ bản,PULLBACK RECLAIM,PULLBACK RECLAIM,78.07720117980702,13.83,0.08,14.9364,16.0428,79.21098388464802,83.28244274809161,79.04580152671755,80.26717557251908,63.88888888888889,24.464300634233425,0.01288999560568338,0.031319910514541416,1.1976536597806682,-0.06136168513371962,0.03412870571221983,EMERGING,fast-v1.2-quality-gated-2026-10-05
2026-06-11,SSB,Ngân hàng,PULLBACK RECLAIM,PULLBACK RECLAIM,76.88451632586357,14.5,0.037931034482758696,15.050000000000002,15.600000000000001,83.81149279050042,87.0229007633588,84.8854961832061,80.38167938931298,85.55555555555556,7.714892458825474,0.02242278945141729,0.010452961672473782,0.8697264795941496,0.01727450076783721,0.019310344827586194,NEUTRAL,fast-v1.2-quality-gated-2026-10-05
2026-06-11,KDC,Thực phẩm và đồ uống,PULLBACK RECLAIM,PULLBACK RECLAIM,74.162784642762,51.0,0.055882352941176494,53.85,56.7,78.75572519083968,84.00763358778627,84.7328244274809,82.17557251908397,72.5,6.841338789513003,0.02791494507709369,-0.00390625,1.8060806926172681,0.02721800019327658,0.02411764705882353,NEUTRAL,fast-v1.2-quality-gated-2026-10-05
2026-06-11,SHS,Dịch vụ tài chính,PULLBACK RECLAIM,PULLBACK RECLAIM,72.48274419609729,18.3,0.06557377049180324,19.500000000000004,20.7,75.63422391857506,78.85496183206108,80.07633587786259,68.3587786259542,60.83333333333334,12.316437848923321,0.019498607242339983,0.005494505494505475,1.2443176203635915,0.011926128073681042,0.03825136612021857,EMERGING,fast-v1.2-quality-gated-2026-10-05
2026-06-12,MSB,Ngân hàng,PULLBACK RECLAIM,PULLBACK RECLAIM,88.43251503022692,12.52,0.056709265175718726,13.229999999999999,13.939999999999996,94.58760683760684,92.42307692307693,94.76923076923077,92.30769230769232,98.61111111111111,16.280392907258587,0.029732286055023094,0.013765182186234792,1.5141591842689395,-0.050588983980979385,0.03186900958466454,LEADER,fast-v1.2-quality-gated-2026-10-05
2026-06-12,TPB,Ngân hàng,PULLBACK RECLAIM,PULLBACK RECLAIM,77.71850174985,16.35,0.04892966360856277,17.150000000000002,17.950000000000003,86.18568376068376,88.8076923076923,97.53846153846155,76.92307692307692,98.61111111111111,8.139663860186246,0.03464641670621749,0.0092592592592593,3.931405258394229,0.05878065828091924,0.02003058103975534,LEADER,fast-v1.2-quality-gated-2026-10-05
2026-06-12,SAB,Thực phẩm và đồ uống,PULLBACK RECLAIM,PULLBACK RECLAIM,76.93105079176891,45.47,0.04112601715416753,47.34,49.209999999999994,81.85427350427351,86.53846153846155,77.84615384615385,86.3076923076923,84.44444444444444,9.275707998469187,0.018958408031552576,0.016771019677996435,1.3464049184608446,0.04693897063841018,0.01903452826039149,NEUTRAL,fast-v1.2-quality-gated-2026-10-05
2026-06-12,HHP,Tài nguyên Cơ bản,PULLBACK RECLAIM,PULLBACK RECLAIM,76.51410142978486,13.78,0.08,14.8824,15.984799999999998,77.68739316239316,80.84615384615387,76.38461538461537,79.65384615384616,61.38888888888889,17.456464472509253,0.00837876404083282,0.027591349739000792,1.0816992364871683,-0.043844461176616806,0.03494194484760524,EMERGING,fast-v1.2-quality-gated-2026-10-05
2026-06-12,SBT,Thực phẩm và đồ uống,MOMENTUM IGNITION,MOMENTUM IGNITION,73.72320274117646,21.55,0.08,23.274,24.997999999999998,81.26581196581196,86.57692307692308,75.92307692307692,80.92307692307692,84.44444444444444,23.728291236127063,0.03369708598153265,0.061576354679802936,0.9090700009966192,0.1263860176532932,0.023433874709976783,EMERGING,fast-v1.2-quality-gated-2026-10-05
2026-06-12,SHS,Dịch vụ tài chính,MOMENTUM IGNITION,MOMENTUM IGNITION,71.64209735129964,18.2,0.060439560439560336,19.299999999999994,20.399999999999995,74.43141025641026,80.03846153846156,81.0769230769231,67.15384615384616,54.16666666666667,8.158607603010594,0.012517385257301727,0.011111111111111072,1.2640440438960316,0.00659422333445342,0.03928571428571429,NEUTRAL,fast-v1.2-quality-gated-2026-10-05
2026-06-12,GAS,"Điện, nước & xăng dầu khí đốt",PULLBACK RECLAIM,PULLBACK RECLAIM,65.34236271235785,85.1,0.0732373678025852,91.3325,97.56499999999998,61.737179487179475,69.61538461538463,78.38461538461539,68.03846153846153,51.66666666666666,1.9859357060849447,0.0047225501770955525,0.0011764705882353343,1.0056417274165568,-0.15193330798547533,0.048824911868390136,NEUTRAL,fast-v1.2-quality-gated-2026-10-05
2026-06-12,VJC,Du lịch và Giải trí,PULLBACK RECLAIM,PULLBACK RECLAIM,65.28376682778763,139.07,0.06802329761990356,148.52999999999997,157.98999999999998,80.71730769230768,69.3846153846154,65.73076923076924,85.15384615384615,92.5,-2.0606773823191844,0.03811084279790555,-0.02056482850905006,0.8311165037430461,0.6282407914088235,0.02369310419213349,NEUTRAL,fast-v1.2-quality-gated-2026-10-05
2026-06-15,VND,Dịch vụ tài chính,PULLBACK RECLAIM,PULLBACK RECLAIM,77.57020141483764,17.7,0.06309322033898307,18.81675,19.933500000000002,84.80038759689923,86.35658914728684,83.4108527131783,78.72093023255813,82.5,9.83610188261352,0.03219034289713085,0.05044510385756662,1.2870872179292052,-0.0225965708973338,0.04206214689265538,NEUTRAL,fast-v1.2-quality-gated-2026-10-05
2026-06-15,SHS,Dịch vụ tài chính,FAST BREAKOUT,FAST BREAKOUT,74.790890659802,18.9,0.08,20.412,21.923999999999996,83.54166666666667,83.75968992248063,87.32558139534883,69.53488372093024,82.5,15.614974937343362,0.04883462819089868,0.04999999999999982,2.215764342690738,0.046027316179538896,0.03968253968253969,EMERGING,fast-v1.2-quality-gated-2026-10-05
2026-06-15,TPB,Ngân hàng,MOMENTUM IGNITION,MOMENTUM IGNITION,72.462925750418,16.45,0.054711246200607855,17.349999999999998,18.249999999999996,82.83527131782945,87.55813953488375,92.71317829457362,77.40310077519379,85.83333333333334,9.743583765615583,0.03785488958990535,0.04113924050632911,1.644464373885267,0.07751481881688355,0.020212765957446803,NEUTRAL,fast-v1.2-quality-gated-2026-10-05
2026-06-15,MSB,Ngân hàng,PULLBACK RECLAIM,PULLBACK RECLAIM,70.38870509515662,12.85,0.08,13.878,14.905999999999999,86.51162790697674,82.51937984496126,67.51937984496124,93.02325581395347,85.83333333333334,8.711293738221514,0.05146878324196047,0.08438818565400852,0.9134605364544806,-0.014741908850484542,0.031517509727626465,LEADER,fast-v1.2-quality-gated-2026-10-05
2026-06-15,KDC,Thực phẩm và đồ uống,PULLBACK RECLAIM,PULLBACK RECLAIM,68.08119552705526,50.8,0.03698326771653542,52.678749999999994,54.55749999999999,74.31330749354005,73.79844961240313,83.83720930232558,78.06201550387597,70.27777777777779,-2.6300926735443255,0.02008032128514059,0.00994035785288272,1.8023655574830468,-0.022589279842952448,0.024655511811023614,NEUTRAL,fast-v1.2-quality-gated-2026-10-05
2026-06-15,SBT,Thực phẩm và đồ uống,MOMENTUM IGNITION,MOMENTUM IGNITION,63.94796300733873,21.75,0.08,23.490000000000002,25.229999999999997,75.53617571059432,78.75968992248063,63.72093023255814,80.96899224806202,70.27777777777779,16.774166520953557,0.04029654430228402,0.0714285714285714,0.9254266368454915,0.14800489292250704,0.022873563218390795,EMERGING,fast-v1.2-quality-gated-2026-10-05
2026-06-15,SAB,Thực phẩm và đồ uống,PULLBACK RECLAIM,PULLBACK RECLAIM,60.7460662905644,45.38,0.03922432789775232,47.16000000000001,48.940000000000005,70.60206718346254,67.015503875969,52.751937984496124,85.00000000000001,70.27777777777779,0.16618581337064597,0.016827623294270566,0.03206731862633627,0.8984068947505877,0.06656028127908561,0.019336712208021183,NEUTRAL,fast-v1.2-quality-gated-2026-10-05
2026-06-16,PET,Bán lẻ,FAST BREAKOUT,FAST BREAKOUT,79.49497731357754,36.29,0.08,39.193200000000004,42.096399999999996,88.02454780361758,93.72093023255815,92.36434108527132,88.8953488372093,72.77777777777777,24.225675623166453,0.06352113707963958,0.06484741784037551,2.486897934134248,0.0616982496413056,0.037282998071093996,LEADER,fast-v1.2-quality-gated-2026-10-05
2026-06-16,MBS,Dịch vụ tài chính,FAST BREAKOUT,FAST BREAKOUT,75.67922559731163,19.76,0.08,21.3408,22.9216,84.43087855297158,88.95348837209305,91.62790697674419,69.88372093023256,93.05555555555556,26.048359755979106,0.05903475627730015,0.0941306755260245,3.211912443810836,0.07073091915726698,0.03613360323886644,EMERGING,fast-v1.2-quality-gated-2026-10-05
2026-06-16,VND,Dịch vụ tài chính,FAST BREAKOUT,FAST BREAKOUT,73.27202605115377,18.25,0.08,19.71,21.169999999999998,86.66731266149871,82.51937984496125,79.37984496124031,80.50387596899226,93.05555555555556,7.434229954731805,0.05876892730753602,0.054913294797687806,1.101863625238681,0.02625006500378868,0.04043835616438358,LEADER,fast-v1.2-quality-gated-2026-10-05
2026-06-16,BVB,Ngân hàng,MOMENTUM IGNITION,MOMENTUM IGNITION,72.91843498207909,13.2,0.08,14.256,15.311999999999998,83.40891472868218,84.34108527131784,87.05426356589147,78.91472868217055,80.83333333333333,19.115472790503404,0.056422569027611,0.06451612903225801,1.4718838122269937,0.09125472383786883,0.030681818181818202,EMERGING,fast-v1.2-quality-gated-2026-10-05
2026-06-16,SHS,Dịch vụ tài chính,MOMENTUM IGNITION,MOMENTUM IGNITION,71.62433161174368,19.2,0.08,20.736,22.272,83.58204134366925,79.031007751938,75.81395348837209,71.16279069767442,93.05555555555556,19.33580074216549,0.06135986733001664,0.06666666666666665,1.1964479208071743,0.08581912329030589,0.0390625,EMERGING,fast-v1.2-quality-gated-2026-10-05
2026-06-16,SAB,Thực phẩm và đồ uống,PULLBACK RECLAIM,PULLBACK RECLAIM,67.52423835741702,45.94,0.05093600348280358,48.27999999999999,50.61999999999999,76.05426356589146,79.8449612403101,77.8294573643411,83.64341085271317,66.66666666666666,8.932083114763643,0.028730098304857066,0.041251133272892204,1.9613028953229399,0.10892319135924516,0.019253373966042694,NEUTRAL,fast-v1.2-quality-gated-2026-10-05
2026-06-16,VIB,Ngân hàng,PULLBACK RECLAIM,PULLBACK RECLAIM,62.855971608609316,14.8,0.03542229729729732,15.324250000000001,15.848500000000001,67.93798449612403,66.35658914728683,67.05426356589147,64.88372093023256,80.83333333333333,0.25450496396028655,0.010480319530263404,0.025641025641025772,0.9122161439937794,0.02520962964607075,0.02361486486486488,NEUTRAL,fast-v1.2-quality-gated-2026-10-05
2026-06-16,KDH,Bất động sản,PULLBACK RECLAIM,PULLBACK RECLAIM,54.65614066580692,23.7,0.048523206751054815,24.849999999999998,25.999999999999996,57.87887596899225,65.87209302325581,79.18604651162791,52.984496124031004,48.333333333333336,-2.0323604554020704,0.030882992605480553,0.0,1.614242478019265,0.1605975808980485,0.026476793248945137,FADING,fast-v1.2-quality-gated-2026-10-05
2026-06-17,VIB,Ngân hàng,PULLBACK RECLAIM,PULLBACK RECLAIM,72.89945568297112,14.98,0.042723631508678306,15.620000000000001,16.26,76.32139756944444,81.17187500000001,86.9921875,68.4765625,87.22222222222221,10.881406051208657,0.020540245937936463,0.031680440771350016,1.6760082254313307,0.039731387742287516,0.021962616822429917,EMERGING,fast-v1.2-quality-gated-2026-10-05
2026-06-17,MSB,Ngân hàng,FAST BREAKOUT,FAST BREAKOUT,72.882004183773,12.98,0.08,14.018400000000002,15.056799999999999,88.07725694444444,85.62500000000001,78.59375,92.36328125,87.22222222222221,10.33383031170483,0.055627846454131324,0.06568144499178996,1.3073245594040446,0.01366239045121942,0.029121725731895223,LEADER,fast-v1.2-quality-gated-2026-10-05
2026-06-17,MBS,Dịch vụ tài chính,MOMENTUM IGNITION,MOMENTUM IGNITION,69.47582769826508,19.67,0.08,21.243600000000004,22.8172,78.48611111111111,79.49218750000001,71.875,69.0625,88.05555555555556,27.917408821034783,0.05049534032951497,0.08314977973568283,1.175823560960365,0.11942907868160835,0.03558718861209968,EMERGING,fast-v1.2-quality-gated-2026-10-05
2026-06-17,EVF,Dịch vụ tài chính,FAST BREAKOUT,FAST BREAKOUT,69.02120987443533,14.15,0.07420494699646651,15.200000000000001,16.250000000000004,73.78200954861111,79.66796875000001,69.4140625,76.1328125,88.05555555555556,21.29155153334394,0.03948576675849402,0.03663003663003672,1.4758107327997587,0.060701779247879145,0.02367491166077739,EMERGING,fast-v1.2-quality-gated-2026-10-05
2026-06-17,SHS,Dịch vụ tài chính,MOMENTUM IGNITION,MOMENTUM IGNITION,66.2268424560566,19.3,0.08,20.844,22.387999999999998,80.80837673611111,75.58593750000001,66.875,73.3203125,88.05555555555556,9.825552308630193,0.06073097004671624,0.05464480874316946,1.0448114644197397,0.11079068136682724,0.03756476683937825,NEUTRAL,fast-v1.2-quality-gated-2026-10-05
2026-06-17,BAF,Thực phẩm và đồ uống,FAST BREAKOUT,FAST BREAKOUT,66.05556210655935,29.44,0.035,30.470399999999998,31.5008,68.92296006944444,73.78906250000001,81.1328125,71.2890625,64.72222222222223,4.950101714906708,0.017083829956297203,0.0186851211072665,1.8341594577925997,0.09747020840636508,0.01019021739130436,NEUTRAL,fast-v1.2-quality-gated-2026-10-05
2026-06-17,IDC,Bất động sản,PULLBACK RECLAIM,PULLBACK RECLAIM,62.32370337440256,38.27,0.047818134308858284,40.10000000000001,41.930000000000014,61.226345486111114,69.84375000000001,72.9296875,57.65625,58.05555555555556,9.436905282548771,0.012112556860256252,0.028210639441160756,1.6073425942630344,0.15625839906141237,0.026417559446041322,NEUTRAL,fast-v1.2-quality-gated-2026-10-05
2026-06-17,DPG,Xây dựng và Vật liệu,PULLBACK RECLAIM,PULLBACK RECLAIM,60.05321924293911,40.6,0.04901477832512324,42.59,44.580000000000005,61.53819444444444,75.07812500000001,57.3046875,59.3359375,62.222222222222214,10.51635390161153,0.01781170483460559,0.031766200762388896,1.694360804431062,0.16424328395418075,0.021022167487684745,NEUTRAL,fast-v1.2-quality-gated-2026-10-05
2026-06-18,MBS,Dịch vụ tài chính,MOMENTUM IGNITION,MOMENTUM IGNITION,73.44832129321263,19.48,0.08,21.038400000000003,22.596799999999998,79.74479166666667,83.32031250000001,79.9609375,67.578125,83.33333333333333,27.02278148854962,0.036942403917811006,0.0840289371174181,1.2286198035012648,0.13180611625053817,0.036396303901437416,EMERGING,fast-v1.2-quality-gated-2026-10-05
2026-06-18,BVB,Ngân hàng,MOMENTUM IGNITION,MOMENTUM IGNITION,71.78264801990962,13.2,0.08,14.256,15.311999999999998,83.39105902777777,84.60937500000001,84.5703125,81.4453125,81.38888888888889,7.339108222010182,0.04886769964243154,0.04761904761904767,1.2249227588102765,0.09223687328236188,0.029924242424242447,NEUTRAL,fast-v1.2-quality-gated-2026-10-05
2026-06-18,MSR,Tài nguyên Cơ bản,PULLBACK RECLAIM,PULLBACK RECLAIM,66.67426233525109,39.86,0.061465127947817444,42.309999999999995,44.760000000000005,62.46766493055556,83.78906250000001,73.0859375,58.359375,65.27777777777779,26.72042150392282,0.028684981354117012,0.04646888947230243,1.5115581825079236,0.2709595584013348,0.027985449071751167,NEUTRAL,fast-v1.2-quality-gated-2026-10-05
2026-06-18,NLG,Bất động sản,MOMENTUM IGNITION,MOMENTUM IGNITION,66.43452770355331,27.05,0.07504621072088724,29.080000000000005,31.11,69.35677083333334,84.68750000000001,81.796875,62.03125,51.66666666666667,17.03064699957592,0.03908575818688176,0.04238921001926799,1.2670421229187405,0.26030138346332093,0.02809611829944547,EMERGING,fast-v1.2-quality-gated-2026-10-05
2026-06-18,SSB,Ngân hàng,MOMENTUM IGNITION,MOMENTUM IGNITION,63.76231852482489,14.85,0.05387205387205385,15.649999999999999,16.45,75.16840277777777,76.44531250000001,72.265625,79.84375,81.38888888888889,-8.643090012722652,0.027148538820681356,0.024137931034482696,1.0038603815249716,0.04905694047568773,0.02074074074074073,NEUTRAL,fast-v1.2-quality-gated-2026-10-05
2026-06-18,POW,"Điện, nước & xăng dầu khí đốt",MOMENTUM IGNITION,MOMENTUM IGNITION,62.2308896432569,14.2,0.06338028169014076,15.099999999999998,15.999999999999996,69.22439236111111,78.00781250000001,65.15625,78.125,48.05555555555555,16.18749668681086,0.033478893740902516,0.044117647058823595,1.1455235584564796,0.05374543137458544,0.021478873239436612,EMERGING,fast-v1.2-quality-gated-2026-10-05
2026-06-19,VAB,Ngân hàng,PULLBACK RECLAIM,PULLBACK RECLAIM,78.88914101592165,9.82,0.0417515274949084,10.23,10.64,80.01614987080103,73.48837209302327,93.64341085271319,74.45736434108527,81.38888888888889,38.34202136772517,0.013520487150376903,-0.0040567951318457585,1.9473448579639818,0.022510456714063154,0.026883910386965366,EMERGING,fast-v1.2-quality-gated-2026-10-05
2026-06-19,TVN,Tài nguyên Cơ bản,PULLBACK RECLAIM,PULLBACK RECLAIM,73.69412374833328,11.6,0.08,12.528,13.456,82.14470284237726,85.2325581395349,81.12403100775194,89.30232558139534,54.44444444444444,-0.508074935400515,0.02882483370288247,0.06422018348623837,1.2019986316422366,-0.06379764761411788,0.06250000000000001,NEUTRAL,fast-v1.2-quality-gated-2026-10-05
2026-06-19,MBS,Dịch vụ tài chính,MOMENTUM IGNITION,MOMENTUM IGNITION,73.07397458021426,19.48,0.08,21.038400000000003,22.596799999999998,78.8016795865633,80.6201550387597,78.87596899224806,65.46511627906976,87.77777777777777,23.07796163784535,0.034601800462065624,0.07268722466960353,1.3190131593773322,0.1325938967982161,0.03613963039014378,EMERGING,fast-v1.2-quality-gated-2026-10-05
2026-06-19,VVS,Ô tô và phụ tùng,FAST BREAKOUT,FAST BREAKOUT,71.31162102301039,77.3,0.08,83.48400000000001,89.66799999999999,75.07170542635659,95.03875968992249,91.43410852713177,78.44961240310079,47.5,28.84222781441629,0.08670438969528682,0.13659755918247307,1.7621512698467845,0.4662324368448524,0.05010349288486417,EMERGING,fast-v1.2-quality-gated-2026-10-05
2026-06-19,C69,Xây dựng và Vật liệu,PULLBACK RECLAIM,PULLBACK RECLAIM,66.93875924203068,18.0,0.08,19.44,20.88,71.22093023255815,71.39534883720931,68.2170542635659,79.53488372093024,65.00000000000001,6.530331941959858,0.022727272727272707,0.0714285714285714,1.0611025220942842,-0.051759817476303094,0.05583333333333332,NEUTRAL,fast-v1.2-quality-gated-2026-10-05
2026-06-19,POW,"Điện, nước & xăng dầu khí đốt",MOMENTUM IGNITION,MOMENTUM IGNITION,66.81357313624432,13.9,0.043165467625899234,14.5,15.1,67.41602067183462,75.19379844961243,72.24806201550388,70.27131782945736,46.94444444444444,15.159610415424368,0.010541621228643994,0.029629629629629672,1.5488823446193507,0.03933561723108482,0.021942446043165458,EMERGING,fast-v1.2-quality-gated-2026-10-05
2026-06-19,STB,Ngân hàng,PULLBACK RECLAIM,PULLBACK RECLAIM,63.38549891547389,72.3,0.051175656984785656,76.0,79.7,74.30878552971576,66.78294573643412,71.24031007751938,74.53488372093024,81.38888888888889,1.9884863844166176,0.03522336769759438,0.019746121297602226,1.4167597265437841,0.15928574487984548,0.028630705394190863,NEUTRAL,fast-v1.2-quality-gated-2026-10-05
2026-06-19,KDC,Thực phẩm và đồ uống,PULLBACK RECLAIM,PULLBACK RECLAIM,61.43082040666732,50.7,0.03690828402366861,52.57125,54.4425,68.34819121447028,68.25581395348838,63.875968992248055,71.89922480620156,64.44444444444444,-6.506082289803231,0.010262030487197427,0.01603206412825653,1.1587589008246262,-0.07101365000628135,0.02460552268244574,NEUTRAL,fast-v1.2-quality-gated-2026-10-05
2026-06-22,HVN,Du lịch và Giải trí,MOMENTUM IGNITION,MOMENTUM IGNITION,71.76366652743609,22.85,0.08,24.678000000000004,26.506,80.37403100775194,77.94573643410855,88.9922480620155,62.558139534883715,97.5,38.23037429133403,0.04600595101853977,0.01106194690265494,1.419557955897974,0.2237931824385137,0.02396061269146607,EMERGING,fast-v1.2-quality-gated-2026-10-05
2026-06-22,C69,Xây dựng và Vật liệu,PULLBACK RECLAIM,PULLBACK RECLAIM,70.0146142525904,18.5,0.08,19.98,21.459999999999997,76.79974160206719,81.74418604651164,77.67441860465117,83.7596899224806,55.27777777777777,11.620801033591732,0.049347702779353186,0.10119047619047605,1.0371608678995576,0.02063686432938361,0.05243243243243241,EMERGING,fast-v1.2-quality-gated-2026-10-05
2026-06-22,VND,Dịch vụ tài chính,PULLBACK RECLAIM,PULLBACK RECLAIM,68.44411405040634,18.05,0.07756232686980624,19.450000000000003,20.850000000000005,79.4767441860465,76.47286821705427,75.03875968992247,74.76744186046511,80.00000000000001,-5.323643410852725,0.02983967592856729,0.019774011299435124,1.0126813737033495,0.016480141200685583,0.03836565096952911,NEUTRAL,fast-v1.2-quality-gated-2026-10-05
2026-06-22,BAF,Thực phẩm và đồ uống,FAST BREAKOUT,FAST BREAKOUT,62.90163695594969,29.9,0.04749163879598661,31.32,32.739999999999995,71.3656330749354,76.74418604651164,73.72093023255815,75.15503875968992,58.611111111111114,3.720930232558146,0.028339524006052885,0.022921655833048282,1.1020172975150206,0.13676755999171636,0.010301003344481606,NEUTRAL,fast-v1.2-quality-gated-2026-10-05
2026-06-23,STB,Ngân hàng,MOMENTUM IGNITION,MOMENTUM IGNITION,77.22422656649441,71.7,0.04602510460251043,75.0,78.3,82.35335917312662,75.4263565891473,75.27131782945736,76.35658914728681,95.55555555555556,27.386304909560735,0.024212556245982286,0.005610098176718203,1.6450082050827162,0.07803276286243777,0.030683403068340283,EMERGING,fast-v1.2-quality-gated-2026-10-05
2026-06-23,VDS,Dịch vụ tài chính,PULLBACK RECLAIM,PULLBACK RECLAIM,70.89960701752437,14.2,0.07042253521126762,15.199999999999998,16.2,72.20219638242894,68.95348837209303,72.86821705426357,64.03100775193799,83.05555555555556,53.96278790920752,0.018468710776402997,-0.024054982817869552,1.3150947924166068,0.1010996157478152,0.030105633802816927,EMERGING,fast-v1.2-quality-gated-2026-10-05
2026-06-23,BAF,Thực phẩm và đồ uống,FAST BREAKOUT,FAST BREAKOUT,63.09290860507363,29.95,0.044741235392320555,31.289999999999996,32.63,71.92764857881136,75.42635658914729,64.2248062015504,79.92248062015503,61.94444444444444,6.9043927648578745,0.02813202657008973,0.022882513661202086,1.1663612608021512,0.14251143840023023,0.011185308848080132,NEUTRAL,fast-v1.2-quality-gated-2026-10-05
2026-06-24,C69,Xây dựng và Vật liệu,PULLBACK RECLAIM,PULLBACK RECLAIM,72.75506650314442,18.9,0.08,20.412,21.923999999999996,81.13076923076923,84.61538461538463,74.92307692307693,86.48076923076924,62.5,21.91874666132479,0.06629055007052176,0.10526315789473673,1.0032871892217232,0.10633072492284035,0.0518518518518518,EMERGING,fast-v1.2-quality-gated-2026-10-05
2026-06-24,SSB,Ngân hàng,MOMENTUM IGNITION,MOMENTUM IGNITION,66.36120243042572,15.15,0.05610561056105612,15.999999999999998,16.85,78.94572649572649,76.46153846153847,70.03846153846155,82.34615384615384,90.55555555555556,5.280578926282047,0.03820455713551474,0.016778523489932917,0.9859394695990175,0.049338300788167117,0.019141914191419133,NEUTRAL,fast-v1.2-quality-gated-2026-10-05
2026-06-25,OCB,Ngân hàng,PULLBACK RECLAIM,PULLBACK RECLAIM,79.2833069460978,11.03,0.04351767905711679,11.509999999999998,11.989999999999995,87.51808785529715,87.44186046511629,90.27131782945736,83.68217054263566,90.55555555555556,10.597731952519382,0.03777579150397514,0.011926605504587018,1.6872131316593797,-0.009799476731039009,0.028105167724388015,LEADER,fast-v1.2-quality-gated-2026-10-05
2026-06-25,STB,Ngân hàng,PULLBACK RECLAIM,PULLBACK RECLAIM,78.5502406552149,72.2,0.04664127423822709,75.56750000000001,78.93499999999999,83.17312661498708,81.16279069767444,77.82945736434108,78.52713178294573,90.55555555555556,24.879723837209305,0.026151222285389686,0.01833568406205921,1.1565226398258337,0.04861019239689046,0.031094182825484727,EMERGING,fast-v1.2-quality-gated-2026-10-05
2026-06-25,VJC,Du lịch và Giải trí,PULLBACK RECLAIM,PULLBACK RECLAIM,74.71396483173586,139.4,0.04294476327116213,145.3865,151.37300000000002,80.27002583979328,79.92248062015506,72.05426356589147,78.13953488372093,93.88888888888889,3.2969355620155056,0.015709247763108003,0.007225433526011571,0.9485086866425071,-0.16518634191496195,0.028629842180774755,NEUTRAL,fast-v1.2-quality-gated-2026-10-05
2026-06-25,C69,Xây dựng và Vật liệu,MOMENTUM IGNITION,MOMENTUM IGNITION,73.22866500537282,18.8,0.08,20.304000000000002,21.808,80.58333333333333,86.66666666666669,81.12403100775194,86.2403100775194,57.49999999999999,10.965494791666657,0.057665260196905876,0.07428571428571429,1.0468579483448526,0.12327088314111351,0.05319148936170209,EMERGING,fast-v1.2-quality-gated-2026-10-05
2026-06-25,SAB,Thực phẩm và đồ uống,PULLBACK RECLAIM,PULLBACK RECLAIM,70.80068985895831,45.47,0.035,47.061449999999994,48.6529,74.41343669250645,76.27906976744187,71.20155038759688,77.67441860465115,67.22222222222223,12.24980822028423,0.014276154360919113,0.008203991130820265,1.102332484065505,-0.03445922493976489,0.017583021772597327,EMERGING,fast-v1.2-quality-gated-2026-10-05
2026-06-25,BAF,Thực phẩm và đồ uống,MOMENTUM IGNITION,MOMENTUM IGNITION,69.71330015929621,29.85,0.03752093802345058,30.970000000000006,32.09,75.49870801033592,79.80620155038761,78.25581395348837,79.30232558139535,67.22222222222223,6.108517038113689,0.021018966667236905,0.015306122448979664,1.0796724349235423,0.12614298541006097,0.012194304857621442,NEUTRAL,fast-v1.2-quality-gated-2026-10-05
2026-06-25,POW,"Điện, nước & xăng dầu khí đốt",PULLBACK RECLAIM,PULLBACK RECLAIM,65.67425213860807,14.5,0.07586206896551717,15.6,16.7,76.00387596899225,85.54263565891475,81.5891472868217,78.9922480620155,50.833333333333336,6.779483607881133,0.04579877389109277,0.021126760563380254,2.665272754739511,0.05986400465897673,0.023103448275862058,NEUTRAL,fast-v1.2-quality-gated-2026-10-05
2026-06-25,DGC,Hóa chất,MOMENTUM IGNITION,MOMENTUM IGNITION,59.294431333586466,40.41,0.07795100222717144,43.559999999999995,46.709999999999994,60.907622739018095,81.00775193798451,60.89147286821705,53.52713178294573,48.055555555555564,21.60619044735143,0.0358749567424157,0.019939424533064187,1.2081797315156153,0.545020174939749,0.022308834446919074,NEUTRAL,fast-v1.2-quality-gated-2026-10-05
2026-06-26,STB,Ngân hàng,PULLBACK RECLAIM,PULLBACK RECLAIM,78.59515107444456,73.7,0.04793080054274079,77.2325,80.765,87.4781746031746,86.58730158730161,86.94444444444446,82.46031746031746,89.44444444444443,13.16938907345883,0.04324439096892929,0.019363762102351467,1.254259212230722,0.15076793422206047,0.031953867028493864,LEADER,fast-v1.2-quality-gated-2026-10-05
2026-06-26,BVB,Ngân hàng,MOMENTUM IGNITION,MOMENTUM IGNITION,77.64731697076816,13.8,0.08,14.904000000000002,16.008,89.01190476190476,90.31746031746034,89.4047619047619,87.53968253968253,89.44444444444443,10.662421557770386,0.06113033448673577,0.029850746268656803,1.1070231857332404,0.11200676050579023,0.03297101449275364,LEADER,fast-v1.2-quality-gated-2026-10-05
2026-06-26,VJC,Du lịch và Giải trí,PULLBACK RECLAIM,PULLBACK RECLAIM,73.79635465726189,139.5,0.04254301075268818,145.43475,151.36950000000002,79.66468253968253,77.50000000000001,76.07142857142856,76.42857142857142,90.83333333333333,0.31584533038019913,0.01374920062787055,-0.007117437722419906,0.9659585133202613,-0.14344402926785849,0.02836200716845879,NEUTRAL,fast-v1.2-quality-gated-2026-10-05
2026-06-26,SAB,Thực phẩm và đồ uống,PULLBACK RECLAIM,PULLBACK RECLAIM,71.63636853975896,45.56,0.035,47.1546,48.7492,73.78174603174602,75.07936507936509,65.35714285714286,79.64285714285715,69.72222222222221,19.80564784053155,0.014439508811774138,0.011320754716981352,0.8356277533039648,-0.009831865196581413,0.01749341527655839,EMERGING,fast-v1.2-quality-gated-2026-10-05
2026-06-26,ORS,Dịch vụ tài chính,MOMENTUM IGNITION,MOMENTUM IGNITION,69.05280471806385,13.5,0.06296296296296289,14.35,15.199999999999998,75.74404761904762,81.30952380952384,87.77777777777777,66.98412698412697,65.55555555555556,12.010197489848665,0.03428461980463515,0.03053435114503822,1.3002449556641702,0.09153379503554117,0.025370370370370363,EMERGING,fast-v1.2-quality-gated-2026-10-05
2026-06-29,STB,Ngân hàng,MOMENTUM IGNITION,MOMENTUM IGNITION,80.77101699990965,74.9,0.05607476635514019,79.10000000000001,83.30000000000001,90.76744186046511,92.51937984496126,88.9922480620155,85.50387596899225,94.16666666666666,31.92571059431524,0.05433558558558582,0.05196629213483139,1.555924509639416,0.2773281086852539,0.03137516688918555,LEADER,fast-v1.2-quality-gated-2026-10-05
2026-06-29,TNG,Hàng cá nhân & Gia dụng,PULLBACK RECLAIM,PULLBACK RECLAIM,65.4365281138924,18.79,0.054816391697711464,19.819999999999997,20.849999999999994,63.965116279069775,83.17829457364343,82.7906976744186,64.30232558139535,50.833333333333336,36.56606984457558,0.034891085837027935,0.020086862106405867,1.2605602286945958,0.1425365820390651,0.021101649813730698,NEUTRAL,fast-v1.2-quality-gated-2026-10-05
2026-06-30,TPB,Ngân hàng,FAST BREAKOUT,FAST BREAKOUT,75.14403006918799,16.6,0.03915662650602425,17.250000000000004,17.900000000000006,82.18452380952381,84.56349206349208,93.57142857142858,71.11111111111111,92.77777777777777,12.261397194536727,0.02786377708978338,0.02786377708978338,2.3168750266066893,0.02440943948035315,0.01957831325301204,EMERGING,fast-v1.2-quality-gated-2026-10-05
2026-06-30,OCB,Ngân hàng,PULLBACK RECLAIM,PULLBACK RECLAIM,72.24644508566463,11.0,0.04377272727272726,11.4815,11.963000000000001,81.00198412698413,77.69841269841271,68.37301587301587,79.68253968253967,92.77777777777777,5.272655961609459,0.021118588999767818,0.03383458646616533,0.8825446718834373,-0.006064234416064296,0.029181818181818173,NEUTRAL,fast-v1.2-quality-gated-2026-10-05
2026-06-30,SAB,Thực phẩm và đồ uống,PULLBACK RECLAIM,PULLBACK RECLAIM,69.855316340184,45.38,0.035,46.9683,48.5566,73.39682539682539,70.4761904761905,68.21428571428571,74.56349206349206,79.16666666666667,10.49630860095975,0.00800764113328678,0.014758497316637031,1.0871537110854061,-0.026041560140519282,0.018543411194358754,EMERGING,fast-v1.2-quality-gated-2026-10-05
2026-06-30,FTS,Dịch vụ tài chính,MOMENTUM IGNITION,MOMENTUM IGNITION,68.14079903514539,26.55,0.08,28.674000000000003,30.798,80.73214285714286,79.88095238095241,86.66666666666667,74.56349206349206,80.55555555555556,-6.690983757844208,0.054827175208581824,0.009505703422053147,1.1981133705361,0.11702575231703172,0.03794726930320151,NEUTRAL,fast-v1.2-quality-gated-2026-10-05
2026-06-30,HVN,Du lịch và Giải trí,MOMENTUM IGNITION,MOMENTUM IGNITION,66.95212242123898,23.5,0.044680851063829796,24.549999999999997,25.6,78.79761904761905,79.8015873015873,78.6904761904762,65.83333333333333,85.83333333333333,15.800849021779257,0.053339309726579964,0.042128603104212736,1.0359679116254603,0.13070226003364355,0.026702127659574457,EMERGING,fast-v1.2-quality-gated-2026-10-05
2026-07-01,TPB,Ngân hàng,FAST BREAKOUT,FAST BREAKOUT,74.48166907832541,16.75,0.047761194029850795,17.55,18.35,80.6547619047619,85.99206349206351,90.59523809523809,71.90476190476191,95.55555555555554,21.107112332112337,0.03379108162320632,0.046875,1.4837159060221443,0.047419444312918044,0.019253731343283568,EMERGING,fast-v1.2-quality-gated-2026-10-05
2026-07-01,VIB,Ngân hàng,MOMENTUM IGNITION,MOMENTUM IGNITION,73.81859581150964,15.16,0.04221635883905017,15.800000000000002,16.44,76.86309523809524,80.95238095238098,87.73809523809524,69.64285714285714,95.55555555555554,20.051984126984124,0.0274831407367242,0.034106412005457054,1.4133213345877476,0.04953296075461731,0.0187005277044855,EMERGING,fast-v1.2-quality-gated-2026-10-05
2026-07-01,HHP,Tài nguyên Cơ bản,FAST BREAKOUT,FAST BREAKOUT,73.38007449364117,13.83,0.07809110629067251,14.91,15.990000000000002,76.73809523809524,80.83333333333333,80.47619047619047,77.53968253968254,60.55555555555556,21.163949938949948,0.026764170904636453,0.03517964071856294,1.8134384405581374,0.020564090838037563,0.029754157628344192,EMERGING,fast-v1.2-quality-gated-2026-10-05
2026-07-01,OCB,Ngân hàng,PULLBACK RECLAIM,PULLBACK RECLAIM,71.6179596857779,11.4,0.07456140350877194,12.25,13.100000000000001,84.87896825396825,83.45238095238098,75.51587301587301,84.16666666666667,95.55555555555554,13.931318681318686,0.053263731694923155,0.062441752096924485,1.064161048616916,0.018653606955987362,0.027807017543859638,EMERGING,fast-v1.2-quality-gated-2026-10-05
2026-07-01,BID,Ngân hàng,PULLBACK RECLAIM,PULLBACK RECLAIM,67.29370171813476,39.83,0.035,41.22405,42.6181,71.1626984126984,73.49206349206351,70.75396825396825,67.57936507936508,95.55555555555554,12.795818070818058,0.024315601332150383,0.02259306803594341,1.4432882189195686,0.07071567888319455,0.018767260858649274,EMERGING,fast-v1.2-quality-gated-2026-10-05
2026-07-01,MBB,Ngân hàng,FAST BREAKOUT,FAST BREAKOUT,67.17712607003607,20.62,0.04267701260911749,21.500000000000007,22.380000000000006,71.1626984126984,80.59523809523812,82.85714285714286,67.93650793650794,95.55555555555554,7.55158730158729,0.031618971382829875,0.038267875125881146,1.8537403439256883,0.07720452648767,0.011833171677982555,NEUTRAL,fast-v1.2-quality-gated-2026-10-05
2026-07-01,MWG,Bán lẻ,FAST BREAKOUT,FAST BREAKOUT,62.66067785125737,78.77,0.062460327535863946,83.69,88.61,67.12896825396825,70.23809523809526,71.98412698412699,58.37301587301587,84.16666666666667,13.359096459096463,0.025537538163093787,0.028194752643257992,1.4837326849867238,0.3262851565407363,0.019588675891837003,EMERGING,fast-v1.2-quality-gated-2026-10-05
2026-07-01,HNG,Thực phẩm và đồ uống,FAST BREAKOUT,FAST BREAKOUT,60.26625216423148,7.2,0.06944444444444442,7.7,8.2,66.12301587301587,67.85714285714288,61.74603174603174,65.23809523809524,64.44444444444443,6.249725274725279,0.024182076813655806,0.028571428571428692,1.692456070193597,0.017054422911887093,0.02916666666666665,NEUTRAL,fast-v1.2-quality-gated-2026-10-05
2026-07-02,HCM,Dịch vụ tài chính,FAST BREAKOUT,FAST BREAKOUT,72.85716113663295,25.03,0.07590890930882954,26.930000000000007,28.83000000000001,83.64682539682539,88.41269841269843,82.38095238095238,77.8968253968254,88.61111111111111,29.81736803248431,0.05174695884194391,0.07609630266552014,2.7974827533794553,0.06590566387798784,0.02660807031562126,EMERGING,fast-v1.2-quality-gated-2026-10-05
2026-07-02,MBS,Dịch vụ tài chính,PULLBACK RECLAIM,PULLBACK RECLAIM,72.0090556249563,19.39,0.0536358947911294,20.430000000000003,21.47,73.07341269841271,79.16666666666669,85.07936507936508,57.420634920634924,88.61111111111111,16.805970837947598,0.02595306754146942,0.04079441760601199,2.033042300165588,0.018053882108255537,0.031201650335224353,EMERGING,fast-v1.2-quality-gated-2026-10-05
2026-07-02,VDS,Dịch vụ tài chính,PULLBACK RECLAIM,PULLBACK RECLAIM,70.32126179747914,14.9,0.08,16.092000000000002,17.284,80.44047619047619,88.76984126984128,91.5079365079365,62.53968253968254,88.61111111111111,8.238279808047253,0.05636299184686289,0.05673758865248235,2.1635849492835675,0.032846603972536706,0.03087248322147653,NEUTRAL,fast-v1.2-quality-gated-2026-10-05
2026-07-02,C69,Xây dựng và Vật liệu,PULLBACK RECLAIM,PULLBACK RECLAIM,60.71637069230364,19.0,0.08,20.520000000000003,22.04,72.0734126984127,66.23015873015875,79.56349206349206,82.99603174603175,59.44444444444444,-8.509920634920633,0.062342745317305104,0.010638297872340496,1.2619000956164887,0.0645944281335209,0.04815789473684208,NEUTRAL,fast-v1.2-quality-gated-2026-10-05
2026-07-03,SHS,Dịch vụ tài chính,PULLBACK RECLAIM,PULLBACK RECLAIM,73.84665660848117,19.3,0.06735751295336789,20.6,21.900000000000002,78.12391493055556,83.82812500000001,80.625,64.921875,92.77777777777777,22.238994295634924,0.037355549583445224,0.06043956043956045,1.9450453412380895,0.013177869296963712,0.03264248704663212,EMERGING,fast-v1.2-quality-gated-2026-10-05
2026-07-03,HCM,Dịch vụ tài chính,MOMENTUM IGNITION,MOMENTUM IGNITION,69.60472870489251,24.64,0.06128246753246758,26.150000000000006,27.660000000000004,75.37586805555556,77.81250000000001,62.9296875,75.078125,92.77777777777777,22.97705853174603,0.03245270369361619,0.06161137440758302,1.1294268420212628,0.09405863437140723,0.027211850649350656,EMERGING,fast-v1.2-quality-gated-2026-10-05
2026-07-03,VCK,Dịch vụ tài chính,FAST BREAKOUT,FAST BREAKOUT,69.26528814262025,34.2,0.04532163742690065,35.75,37.300000000000004,71.51258680555556,79.02343750000001,89.375,67.34375,92.77777777777777,,0.020895522388059584,0.020895522388059806,1.8484000917193064,0.05443318770265626,0.01907894736842104,NEUTRAL,fast-v1.2-quality-gated-2026-10-05
2026-07-03,VND,Dịch vụ tài chính,FAST BREAKOUT,FAST BREAKOUT,68.94969153891799,18.4,0.07065217391304335,19.7,20.999999999999993,76.56141493055556,79.14062500000001,79.6875,68.125,92.77777777777777,7.017764136904759,0.04101838755304099,0.04545454545454519,1.9071076662961048,0.007981177591031896,0.03152173913043481,NEUTRAL,fast-v1.2-quality-gated-2026-10-05
2026-07-03,GMD,Hàng & Dịch vụ Công nghiệp,PULLBACK RECLAIM,PULLBACK RECLAIM,65.91357383728624,76.4,0.05235602094240832,80.4,84.39999999999999,66.51996527777777,67.92968750000001,75.859375,62.03125,56.388888888888886,19.506076388888886,0.006587615283267567,0.046575342465753566,1.652207387377237,-0.10690950328309956,0.02297120418848169,EMERGING,fast-v1.2-quality-gated-2026-10-05
2026-07-03,VCI,Dịch vụ tài chính,MOMENTUM IGNITION,MOMENTUM IGNITION,65.15832972508122,25.1,0.043824701195219196,26.2,27.300000000000004,63.95789930555556,76.71875000000001,76.40625,53.4375,92.77777777777777,21.773375496031747,0.033666220529187774,0.043659043659043606,1.6940325648947177,0.14160270667439295,0.023705179282868513,NEUTRAL,fast-v1.2-quality-gated-2026-10-05
2026-07-03,VCG,Xây dựng và Vật liệu,MOMENTUM IGNITION,MOMENTUM IGNITION,60.34450986297691,18.4,0.0581521739130435,19.47,20.54,64.09375,79.25781250000001,70.78125,57.7734375,55.0,21.89136904761905,0.03385306925129927,0.05625717566016064,1.3212196284793856,0.1768123300026382,0.021711956521739136,NEUTRAL,fast-v1.2-quality-gated-2026-10-05
2026-07-03,DCL,Y tế,PULLBACK RECLAIM,PULLBACK RECLAIM,58.734448785640524,38.35,0.03520208604954367,39.7,41.050000000000004,55.314236111111114,68.24218750000001,65.15625,52.6171875,73.05555555555556,9.855902777777786,0.01730884010876066,0.014550264550264647,1.8000305727690697,0.1884178556468497,0.019100391134289428,FADING,fast-v1.2-quality-gated-2026-10-05
2026-07-06,FTS,Dịch vụ tài chính,MOMENTUM IGNITION,MOMENTUM IGNITION,77.91281657605919,26.9,0.059804832713754655,28.508749999999996,30.1175,84.10918803418804,85.65384615384616,81.46153846153845,78.26923076923077,90.55555555555556,11.152469687934811,0.03790874891482576,0.020872865275142205,1.5831164210408044,0.08885570405299104,0.03986988847583644,EMERGING,fast-v1.2-quality-gated-2026-10-05
2026-07-06,MBS,Dịch vụ tài chính,MOMENTUM IGNITION,MOMENTUM IGNITION,77.8038207688568,19.67,0.0671072699542451,20.990000000000006,22.310000000000002,78.0457264957265,86.15384615384616,88.84615384615384,67.1923076923077,90.55555555555556,29.073504273504277,0.032247907428301525,0.0401903754627182,2.096141022508712,0.08535749365085088,0.0345958312150483,EMERGING,fast-v1.2-quality-gated-2026-10-05
2026-07-06,ORS,Dịch vụ tài chính,MOMENTUM IGNITION,MOMENTUM IGNITION,76.78838903126933,13.9,0.07194244604316546,14.9,15.9,82.19380341880341,85.88461538461539,91.61538461538461,73.23076923076921,90.55555555555556,16.678945537666465,0.0433477200225183,0.03731343283582089,2.326963680559252,0.10781496279862332,0.03147482014388489,EMERGING,fast-v1.2-quality-gated-2026-10-05
2026-07-06,AAS,Dịch vụ tài chính,MOMENTUM IGNITION,MOMENTUM IGNITION,69.50305642976615,9.0,0.08,9.72,10.44,77.27649572649572,83.76923076923077,85.46153846153845,61.653846153846146,90.55555555555556,32.15416411074306,0.05944673337257189,0.0714285714285714,1.9816589557171183,0.08612265492464533,0.03166666666666671,EMERGING,fast-v1.2-quality-gated-2026-10-05
2026-07-06,DSE,Dịch vụ tài chính,MOMENTUM IGNITION,MOMENTUM IGNITION,67.93287824698756,22.85,0.04157549234135682,23.800000000000008,24.750000000000007,73.66111111111111,76.69230769230771,68.34615384615384,69.61538461538463,90.55555555555556,35.41309720842988,0.029743127534925584,0.03393665158371051,1.3338233687284575,0.11155233443832806,0.018052516411378554,EMERGING,fast-v1.2-quality-gated-2026-10-05
2026-07-06,GMD,Hàng & Dịch vụ Công nghiệp,FAST BREAKOUT,FAST BREAKOUT,67.69955090206679,77.2,0.06217616580310881,82.0,86.8,71.51217948717948,72.26923076923077,78.76923076923077,68.07692307692308,59.16666666666666,19.651068376068366,0.016324381253291165,0.048913043478260976,1.8871374920830322,0.057128492253394114,0.023251295336787586,EMERGING,fast-v1.2-quality-gated-2026-10-05
2026-07-06,POW,"Điện, nước & xăng dầu khí đốt",MOMENTUM IGNITION,MOMENTUM IGNITION,63.546881594956446,14.8,0.06756756756756754,15.8,16.8,74.85779914529914,76.21153846153847,75.03846153846153,80.26923076923076,48.61111111111111,-1.784965712581993,0.03641456582633085,0.0,1.7795560678089606,0.0510554802829227,0.026013513513513505,NEUTRAL,fast-v1.2-quality-gated-2026-10-05
2026-07-06,HNG,Thực phẩm và đồ uống,PULLBACK RECLAIM,PULLBACK RECLAIM,63.48295935008149,7.1,0.05633802816901401,7.499999999999999,7.899999999999999,65.86773504273505,65.65384615384617,52.0,65.34615384615384,64.44444444444444,14.255331941959852,0.008522727272727071,0.014285714285714235,1.5186776049015343,0.007852068883518349,0.030281690140845044,EMERGING,fast-v1.2-quality-gated-2026-10-05
2026-07-07,TCX,Dịch vụ tài chính,MOMENTUM IGNITION,MOMENTUM IGNITION,72.1304538813492,37.3,0.059249329758713,39.51,41.719999999999985,81.08525641025642,78.38461538461539,75.3076923076923,78.34615384615385,91.66666666666667,4.351129426129432,0.0407656463629007,0.00783572007565514,1.041345044591571,0.09282962266035799,0.036179624664879347,NEUTRAL,fast-v1.2-quality-gated-2026-10-05
2026-07-07,NVB,Ngân hàng,MOMENTUM IGNITION,MOMENTUM IGNITION,71.31620057171324,14.7,0.08,15.876,17.052,87.08910256410257,83.73076923076924,77.46153846153845,88.53846153846156,84.16666666666667,,0.08407079646017701,0.01379310344827589,1.0310327949094469,0.04740949827962537,0.04591836734693878,LEADER,fast-v1.2-quality-gated-2026-10-05
2026-07-07,HHP,Tài nguyên Cơ bản,PULLBACK RECLAIM,PULLBACK RECLAIM,70.68682278524582,14.06,0.06685633001422486,15.000000000000002,15.940000000000003,78.08931623931625,79.92307692307695,80.92307692307692,79.13461538461539,66.38888888888889,14.690506715506721,0.038826702131589785,0.030791788856304958,2.039906237493568,0.027206015918657817,0.028271692745376973,EMERGING,fast-v1.2-quality-gated-2026-10-05
2026-07-07,AAS,Dịch vụ tài chính,MOMENTUM IGNITION,MOMENTUM IGNITION,70.60789158282128,9.0,0.08,9.72,10.44,77.14487179487179,83.73076923076925,85.07692307692307,60.5,91.66666666666667,22.445144027176696,0.055099648300117154,0.0714285714285714,2.1375868788933574,0.08435674290724621,0.033333333333333375,EMERGING,fast-v1.2-quality-gated-2026-10-05
2026-07-07,DCL,Y tế,MOMENTUM IGNITION,MOMENTUM IGNITION,68.9596325183926,38.2,0.035,39.537,40.874,61.57542735042735,75.46153846153848,77.07692307692307,56.38461538461539,74.44444444444444,21.738125763125765,0.011518601880047719,0.009247027741083214,3.570658143424008,0.15042409497063491,0.019502617801047117,NEUTRAL,fast-v1.2-quality-gated-2026-10-05
2026-07-07,VND,Dịch vụ tài chính,FAST BREAKOUT,FAST BREAKOUT,68.40629273208098,18.75,0.08,20.25,21.75,78.4275641025641,80.76923076923077,71.61538461538461,73.84615384615384,91.66666666666667,13.53867521367522,0.05248386191411747,0.05932203389830515,1.3090430369243622,0.04876259499838864,0.030933333333333347,EMERGING,fast-v1.2-quality-gated-2026-10-05
2026-07-07,GMD,Hàng & Dịch vụ Công nghiệp,PULLBACK RECLAIM,PULLBACK RECLAIM,67.08074222591462,76.0,0.047368421052631504,79.6,83.19999999999999,65.76987179487179,68.78846153846156,79.84615384615384,62.07692307692307,51.666666666666664,14.648840048840043,0.0005265929436544248,0.03260869565217406,1.4748885293600147,0.08102868853655706,0.023750000000000025,EMERGING,fast-v1.2-quality-gated-2026-10-05
2026-07-07,SSI,Dịch vụ tài chính,PULLBACK RECLAIM,PULLBACK RECLAIM,65.5436805417592,21.72,0.035,22.480199999999996,23.2404,63.48141025641026,70.00000000000001,66.73076923076923,56.307692307692314,91.66666666666667,8.433791208791206,0.008262928233218725,0.01495327102803734,1.1061274988698966,0.04877015444281825,0.020810313075506445,NEUTRAL,fast-v1.2-quality-gated-2026-10-05
2026-07-08,AGR,Dịch vụ tài chính,MOMENTUM IGNITION,MOMENTUM IGNITION,77.31150849410292,15.8,0.08,17.064000000000004,18.328,85.4198717948718,90.3846153846154,93.26923076923077,76.6923076923077,91.66666666666667,54.57318249096687,0.06289942818701655,0.056856187290970084,2.0554009035732212,0.14011302336545928,0.03338607594936708,LEADER,fast-v1.2-quality-gated-2026-10-05
2026-07-08,SHS,Dịch vụ tài chính,PULLBACK RECLAIM,PULLBACK RECLAIM,75.49968093137606,19.4,0.07216494845360821,20.799999999999997,22.199999999999996,77.19102564102565,82.46153846153848,82.73076923076923,68.84615384615385,91.66666666666667,16.845787545787545,0.034115138592750505,0.03191489361702127,1.9920091264002926,0.047615938904389254,0.03634020618556702,EMERGING,fast-v1.2-quality-gated-2026-10-05
2026-07-08,ORS,Dịch vụ tài chính,MOMENTUM IGNITION,MOMENTUM IGNITION,73.13621182170304,14.4,0.08,15.552000000000001,16.704,85.19102564102565,86.23076923076925,86.15384615384616,78.92307692307693,91.66666666666667,8.764438339438342,0.06627175120325823,0.04347826086956519,1.5939635480574235,0.1257067694417037,0.035416666666666666,LEADER,fast-v1.2-quality-gated-2026-10-05
2026-07-08,VCI,Dịch vụ tài chính,FAST BREAKOUT,FAST BREAKOUT,71.97046043195019,25.4,0.055118110236220375,26.799999999999997,28.199999999999992,73.15833333333333,84.38461538461542,86.46153846153845,63.0,91.66666666666667,13.969841269841268,0.03652315853907351,0.02008032128514059,2.3854570363287455,0.1397651962990377,0.02578740157480314,EMERGING,fast-v1.2-quality-gated-2026-10-05
2026-07-08,DCL,Y tế,PULLBACK RECLAIM,PULLBACK RECLAIM,71.1820173765035,38.4,0.03645833333333326,39.8,41.199999999999996,66.99935897435898,77.15384615384617,75.57692307692308,59.730769230769226,83.33333333333333,21.283089133089142,0.014665081252477119,0.005235602094240788,1.9819622448607004,0.150550270162725,0.01901041666666667,EMERGING,fast-v1.2-quality-gated-2026-10-05
2026-07-08,SSI,Dịch vụ tài chính,PULLBACK RECLAIM,PULLBACK RECLAIM,67.87077802213733,21.76,0.035,22.5216,23.283200000000004,65.07852564102564,70.09615384615387,73.34615384615384,56.73076923076923,91.66666666666667,8.941620879120876,0.008902077151335286,0.0,1.5173485599624739,0.05444787156675193,0.021323529411764696,NEUTRAL,fast-v1.2-quality-gated-2026-10-05
2026-07-08,VND,Dịch vụ tài chính,MOMENTUM IGNITION,MOMENTUM IGNITION,67.80761575764201,18.7,0.08,20.196,21.691999999999997,76.44679487179488,76.73076923076925,65.42307692307692,72.15384615384616,91.66666666666667,14.841636141636158,0.04571508457989659,0.03888888888888875,1.2939582772173486,0.06262080922056323,0.0307486631016043,EMERGING,fast-v1.2-quality-gated-2026-10-05
2026-07-08,HHP,Tài nguyên Cơ bản,FAST BREAKOUT,FAST BREAKOUT,67.68763659997146,14.34,0.08,15.487200000000001,16.6344,81.04316239316239,82.69230769230772,82.19230769230768,83.13461538461539,73.88888888888889,4.3050671550671495,0.056587091069849826,0.03687635574837311,2.021713598844294,0.06072324093771456,0.028382147838214796,NEUTRAL,fast-v1.2-quality-gated-2026-10-05
2026-07-09,MBS,Dịch vụ tài chính,MOMENTUM IGNITION,MOMENTUM IGNITION,78.76026928735133,20.9,0.08,22.572,24.243999999999996,89.02968617472433,95.45801526717558,96.18320610687023,79.23664122137406,91.38888888888889,15.956273476311623,0.07259244053270386,0.077875193398659,2.335869774221352,0.19958967491795082,0.03796650717703349,LEADER,fast-v1.2-quality-gated-2026-10-05
2026-07-09,AGR,Dịch vụ tài chính,MOMENTUM IGNITION,MOMENTUM IGNITION,75.74383381523356,15.95,0.08,17.226,18.502,85.00487701441898,86.48854961832063,83.93129770992365,80.03816793893131,91.38888888888889,41.55835748980098,0.06582024724356828,0.03571428571428559,1.122959468685991,0.1395715686468897,0.03416927899686519,LEADER,fast-v1.2-quality-gated-2026-10-05
2026-07-09,DSE,Dịch vụ tài chính,MOMENTUM IGNITION,MOMENTUM IGNITION,75.05738781926253,23.2,0.053879310344827624,24.45,25.7,79.16327396098387,84.92366412213742,83.93129770992365,75.61068702290076,91.38888888888889,42.30134857790593,0.030653043091959153,0.0265486725663715,1.1457714801649599,0.12598573203360253,0.01756465517241379,EMERGING,fast-v1.2-quality-gated-2026-10-05
2026-07-09,PET,Bán lẻ,PULLBACK RECLAIM,PULLBACK RECLAIM,74.12431350496082,37.7,0.08,40.71600000000001,43.732,79.06276505513146,76.33587786259544,77.17557251908397,82.17557251908397,69.72222222222221,7.003241245607654,0.022317433630718364,-0.015408722904152405,1.1561539100806117,-0.12250229662899192,0.05038461538461539,NEUTRAL,fast-v1.2-quality-gated-2026-10-05
2026-07-09,VND,Dịch vụ tài chính,MOMENTUM IGNITION,MOMENTUM IGNITION,70.22696338461357,18.35,0.0681198910081744,19.6,20.85,75.23960983884649,75.95419847328245,65.1526717557252,71.18320610687023,91.38888888888889,8.826911426148072,0.02285395763656628,0.019444444444444597,1.0867227487386275,0.042990855103282266,0.03147138964577658,NEUTRAL,fast-v1.2-quality-gated-2026-10-05
2026-07-09,PVD,Dầu khí,MOMENTUM IGNITION,MOMENTUM IGNITION,69.27617638198429,19.95,0.069172932330827,21.33,22.709999999999997,73.64249363867684,88.20610687022902,86.41221374045801,72.63358778625954,49.166666666666664,12.473842845026049,0.0502210991787746,0.01681957186544336,2.2822939339453012,0.08747015679574333,0.030902255639097757,EMERGING,fast-v1.2-quality-gated-2026-10-05
2026-07-09,ACB,Ngân hàng,PULLBACK RECLAIM,PULLBACK RECLAIM,66.14286568781834,22.8,0.035,23.598,24.396,67.34817642069551,68.66412213740459,58.51145038167938,71.45038167938931,83.61111111111111,11.288652611171692,0.012995668110629799,0.0066225165562914245,1.264938405338282,-0.052646809591340826,0.02032894736842105,EMERGING,fast-v1.2-quality-gated-2026-10-05
2026-07-10,NAB,Ngân hàng,MOMENTUM IGNITION,MOMENTUM IGNITION,80.91282477077246,13.3,0.03759398496240607,13.8,14.300000000000002,89.43782051282052,90.80769230769234,93.84615384615384,89.57692307692308,85.83333333333334,9.83300280448718,0.028615622583139988,0.01526717557251911,1.6349206960122853,0.007778322528536441,0.0208646616541353,LEADER,fast-v1.2-quality-gated-2026-10-05
2026-07-10,LPB,Ngân hàng,PULLBACK RECLAIM,PULLBACK RECLAIM,78.37210803050213,53.4,0.05849719101123596,56.52375,59.6475,86.89358974358974,86.15384615384616,74.73076923076923,89.3076923076923,85.83333333333334,13.1481470352564,0.037598367822792245,0.04705882352941182,0.9079432298999865,0.01285311486612084,0.038998127340823974,LEADER,fast-v1.2-quality-gated-2026-10-05
2026-07-10,PVD,Dầu khí,MOMENTUM IGNITION,MOMENTUM IGNITION,67.4759121938093,19.47,0.04795839753466875,20.40375,21.337500000000002,68.23055555555555,76.50000000000001,67.1923076923077,71.8076923076923,47.77777777777778,14.095572916666669,0.02092181846783059,-0.0015384615384615996,0.9429845394787245,0.06013282273062909,0.0319722650231125,EMERGING,fast-v1.2-quality-gated-2026-10-05
2026-07-13,MSB,Ngân hàng,PULLBACK RECLAIM,PULLBACK RECLAIM,74.15379228581646,13.35,0.035,13.817249999999998,14.284500000000001,81.41858974358975,79.65384615384616,58.76923076923077,91.30769230769232,85.83333333333333,6.372649572649578,0.01163187208729588,0.012898330804248959,1.2721401596925341,-0.05441566144475979,0.0197003745318352,NEUTRAL,fast-v1.2-quality-gated-2026-10-05
2026-07-14,PVD,Dầu khí,PULLBACK RECLAIM,PULLBACK RECLAIM,83.24421834142312,19.9,0.06683417085427124,21.229999999999997,22.559999999999995,86.41047008547008,90.3846153846154,91.92307692307692,77.0,93.88888888888889,24.54487179487178,0.03554144767653633,0.018945212493599373,1.8972885496353895,0.01602513291906249,0.034246231155778906,LEADER,fast-v1.2-quality-gated-2026-10-05
2026-07-14,BFC,Hóa chất,PULLBACK RECLAIM,PULLBACK RECLAIM,72.4357644467985,53.43,0.07336702227213177,57.35000000000001,61.27,69.76709401709402,86.50000000000001,92.19230769230768,56.96153846153847,55.277777777777786,39.365464944412324,0.014448726955134772,0.07917592405574636,2.1121105859633076,0.2170405137414546,0.03189219539584505,EMERGING,fast-v1.2-quality-gated-2026-10-05
2026-07-14,MSB,Ngân hàng,PULLBACK RECLAIM,PULLBACK RECLAIM,71.91479614890928,13.52,0.04659763313609455,14.149999999999997,14.779999999999996,81.18653846153846,78.65384615384615,58.61538461538461,91.65384615384617,82.49999999999999,6.860897435897428,0.020955257693033635,0.0029673590504450953,0.9445473608181861,-0.04359895323176405,0.019489644970414187,NEUTRAL,fast-v1.2-quality-gated-2026-10-05
2026-07-15,PVD,Dầu khí,PULLBACK RECLAIM,PULLBACK RECLAIM,85.11013366667815,19.65,0.05496183206106864,20.729999999999993,21.809999999999995,84.13975694444444,90.78125000000001,91.875,77.3046875,84.72222222222223,31.15898771367521,0.0184777256589006,0.007692307692307665,1.7332849931089003,0.01843497613099962,0.03641221374045803,EMERGING,fast-v1.2-quality-gated-2026-10-05
2026-07-15,ACB,Ngân hàng,PULLBACK RECLAIM,PULLBACK RECLAIM,79.14380252757206,23.1,0.045454545454545525,24.150000000000002,25.200000000000006,83.67838541666667,89.92187500000001,76.875,86.015625,80.83333333333333,28.88992387820513,0.02393617021276606,0.017621145374449476,1.8462127384375426,-0.022589596512059607,0.019913419913419904,EMERGING,fast-v1.2-quality-gated-2026-10-05
2026-07-15,OIL,Dầu khí,MOMENTUM IGNITION,MOMENTUM IGNITION,66.52633241666261,14.09,0.08,15.2172,16.3444,73.67296006944444,83.63281250000001,74.84375,56.4453125,84.72222222222223,42.54411391559829,0.05852302606866511,0.07475209763539281,1.501317901370912,0.20911031261269233,0.03367636621717528,EMERGING,fast-v1.2-quality-gated-2026-10-05
2026-07-16,VVS,Ô tô và phụ tùng,PULLBACK RECLAIM,PULLBACK RECLAIM,83.74276580174474,85.4,0.08,92.23200000000001,99.064,86.65116279069767,94.76744186046513,92.36434108527132,87.94573643410853,69.16666666666667,12.341085271317823,0.03252327409019462,0.010650887573964596,2.357550579254906,-0.4962159907266743,0.04326697892271663,LEADER,fast-v1.2-quality-gated-2026-10-05
2026-07-16,PVD,Dầu khí,PULLBACK RECLAIM,PULLBACK RECLAIM,73.53190060831973,19.9,0.06683417085427124,21.229999999999997,22.559999999999995,79.4580103359173,78.68217054263567,74.4186046511628,77.86821705426357,83.88888888888889,5.815516697240454,0.027972208590541614,-0.0025062656641604564,1.3611982487294423,0.03310437178290501,0.03831658291457288,NEUTRAL,fast-v1.2-quality-gated-2026-10-05
2026-07-16,HDB,Ngân hàng,PULLBACK RECLAIM,PULLBACK RECLAIM,70.2088532702509,27.15,0.0423572744014733,28.299999999999997,29.45,80.15180878552971,76.046511627907,68.95348837209302,85.46511627906979,86.38888888888889,6.0765331281929775,0.027825099375354823,-0.005494505494505586,1.1812266972234158,0.020129699973968795,0.01979742173112339,NEUTRAL,fast-v1.2-quality-gated-2026-10-05
2026-07-16,HCM,Dịch vụ tài chính,PULLBACK RECLAIM,PULLBACK RECLAIM,69.94241093909976,24.9,0.0779116465863453,26.839999999999993,28.779999999999994,77.00452196382429,83.37209302325583,79.10852713178295,76.86046511627907,68.05555555555556,8.818347239481625,0.0381488430268917,0.02680412371134011,2.049290880775915,-0.009833450566748822,0.028473895582329316,NEUTRAL,fast-v1.2-quality-gated-2026-10-05
2026-07-17,LPB,Ngân hàng,PULLBACK RECLAIM,PULLBACK RECLAIM,86.54432157018677,52.9,0.06280718336483933,56.222500000000004,59.545,90.97868217054264,88.44961240310079,97.71317829457362,84.88372093023256,88.33333333333334,4.085092426952897,0.003604629102637036,-0.009363295880149836,2.3751503628109116,-0.1750540639343564,0.04187145557655955,MATURE,fast-v1.2-quality-gated-2026-10-05
2026-07-17,DCL,Y tế,MOMENTUM IGNITION,MOMENTUM IGNITION,82.61537939752071,38.3,0.035,39.640499999999996,40.981,82.78488372093022,86.16279069767442,84.26356589147287,74.26356589147287,98.33333333333333,16.32548201152852,0.007298310211059311,0.01055408970976246,1.4484125429862835,0.06852618395676469,0.012402088772845953,EMERGING,fast-v1.2-quality-gated-2026-10-05
2026-07-17,HHP,Tài nguyên Cơ bản,PULLBACK RECLAIM,PULLBACK RECLAIM,80.46851057707835,14.16,0.07627118644067798,15.24,16.32,86.88953488372093,93.91472868217056,89.65116279069767,88.33333333333333,71.66666666666667,16.2604750546611,0.03546617915904937,0.04194260485651213,3.71627554387247,0.008787959721203345,0.02867231638418079,LEADER,fast-v1.2-quality-gated-2026-10-05
2026-07-17,MCH,Thực phẩm và đồ uống,MOMENTUM IGNITION,MOMENTUM IGNITION,77.19927397783333,136.87,0.04391027982757356,142.88,148.89,81.01550387596899,88.2170542635659,79.72868217054263,79.6124031007752,75.83333333333334,24.61806797853309,0.030414815930136507,0.021341690918588174,1.0166814727075313,0.3004523721020185,0.025706875136991353,EMERGING,fast-v1.2-quality-gated-2026-10-05
2026-07-17,HCM,Dịch vụ tài chính,FAST BREAKOUT,FAST BREAKOUT,68.11708031178823,25.4,0.08,27.432,29.463999999999995,79.45413436692508,88.99224806201552,84.26356589147287,81.31782945736435,53.05555555555556,10.290672828463542,0.05674821101680805,0.05877448937057106,1.62794705573768,0.07506385628759626,0.02931102362204725,EMERGING,fast-v1.2-quality-gated-2026-10-05
2026-07-20,ACB,Ngân hàng,MOMENTUM IGNITION,MOMENTUM IGNITION,78.95504277301299,22.85,0.035010940919037226,23.65,24.450000000000003,82.0052229811169,84.92366412213741,60.61068702290076,89.77099236641222,85.7894736842105,12.27124862214255,0.004947773501924102,0.017817371937639326,1.4889307503698177,0.016137382364429687,0.022100656455142226,EMERGING,fast-v1.2-quality-gated-2026-10-05
2026-07-20,BMP,Xây dựng và Vật liệu,FAST BREAKOUT,FAST BREAKOUT,74.11783611358015,154.9,0.07036797934151073,165.8,176.70000000000005,81.09361189232624,88.74045801526718,85.76335877862594,89.38931297709922,51.842105263157904,11.389979413693752,0.02769945264554652,0.0423956931359355,1.7140764253448908,0.0036107858395073578,0.023854099418979997,EMERGING,fast-v1.2-quality-gated-2026-10-05
2026-07-20,STB,Ngân hàng,PULLBACK RECLAIM,PULLBACK RECLAIM,71.97466975572392,73.0,0.06438356164383563,77.7,82.4,78.15789473684211,75.91603053435117,52.213740458015266,85.03816793893131,85.7894736842105,20.450843454790828,0.016783898600181146,0.06569343065693434,1.1635583281571293,0.08485559065965592,0.02965753424657532,EMERGING,fast-v1.2-quality-gated-2026-10-05
2026-07-21,LPB,Ngân hàng,FAST BREAKOUT,FAST BREAKOUT,85.66678482299773,54.6,0.08,58.968,63.336,91.58143939393939,94.6969696969697,95.22727272727272,91.47727272727272,83.33333333333334,13.352593240093228,0.02970297029702973,0.060194174757281615,1.9655828163481623,0.023713945151489058,0.03901098901098902,LEADER,fast-v1.2-quality-gated-2026-10-05
2026-07-21,MCH,Thực phẩm và đồ uống,MOMENTUM IGNITION,MOMENTUM IGNITION,77.54083346062676,135.79,0.0409271669489654,141.34750000000003,146.905,80.76073232323232,84.62121212121214,74.62121212121211,83.82575757575758,77.22222222222223,9.55239898989899,0.01568898778914285,-0.015015232844915238,1.2753211148905925,0.030755006573247146,0.027284777965976934,NEUTRAL,fast-v1.2-quality-gated-2026-10-05
2026-07-21,STB,Ngân hàng,PULLBACK RECLAIM,PULLBACK RECLAIM,74.14501252299975,72.7,0.06052269601100424,77.10000000000001,81.50000000000001,79.82765151515152,80.34090909090911,62.57575757575758,83.59848484848484,83.33333333333334,9.716113053613057,0.011900619388962363,0.032670454545454586,1.1219792053646584,0.12734020069491295,0.027785419532324603,NEUTRAL,fast-v1.2-quality-gated-2026-10-05
2026-07-21,VNM,Thực phẩm và đồ uống,MOMENTUM IGNITION,MOMENTUM IGNITION,65.73355414246956,58.4,0.05993150684931503,61.900000000000006,65.39999999999999,76.36111111111111,78.63636363636365,64.6590909090909,79.58333333333334,77.22222222222223,26.077777777777776,0.03923836640270473,0.04285714285714293,0.9665154767392069,0.4144938363408583,0.01624143835616437,EMERGING,fast-v1.2-quality-gated-2026-10-05
2026-07-22,LPB,Ngân hàng,PULLBACK RECLAIM,PULLBACK RECLAIM,76.37188374465256,54.4,0.07904411764705876,58.7,62.99999999999999,85.3757421543681,83.96946564885498,75.1145038167939,90.76335877862596,84.72222222222223,4.914153612701426,0.02699641306399836,0.05631067961165037,1.4866678232667816,0.07661356143483755,0.0375,LEADER,fast-v1.2-quality-gated-2026-10-05
2026-07-22,HCM,Dịch vụ tài chính,MOMENTUM IGNITION,MOMENTUM IGNITION,64.14206545638754,25.3,0.08,27.324,29.348,78.19126378286683,76.29770992366413,52.02290076335878,88.54961832061068,68.05555555555554,10.056064130089055,0.04119511090991401,0.0858369098712446,0.9708751667189445,0.163559371565124,0.03199604743083003,EMERGING,fast-v1.2-quality-gated-2026-10-05
2026-07-23,HCM,Dịch vụ tài chính,MOMENTUM IGNITION,MOMENTUM IGNITION,75.59077683363591,25.95,0.08,28.026,30.101999999999997,87.17441860465118,93.06201550387598,86.0077519379845,91.37596899224806,66.66666666666667,10.169896640826892,0.062066425194916786,0.04216867469879526,1.6307238500040646,0.18337926545830446,0.0343159922928709,LEADER,fast-v1.2-quality-gated-2026-10-05
2026-07-23,STB,Ngân hàng,PULLBACK RECLAIM,PULLBACK RECLAIM,75.46004215053995,72.0,0.05138888888888893,75.7,79.4,79.68023255813954,81.20155038759691,66.0077519379845,84.6124031007752,80.83333333333333,0.1020671834625233,0.002436477549599747,0.0027855153203342198,1.4184282377563926,0.04102094322320199,0.029097222222222226,NEUTRAL,fast-v1.2-quality-gated-2026-10-05
2026-07-23,VNM,Thực phẩm và đồ uống,MOMENTUM IGNITION,MOMENTUM IGNITION,73.12586296620431,57.8,0.04498269896193763,60.4,62.999999999999986,79.44121447028424,80.96899224806202,69.18604651162791,84.92248062015504,78.61111111111113,26.013565891472865,0.025004433410178883,0.028469750889679624,1.1315186844146925,0.36709591540297887,0.018944636678200684,EMERGING,fast-v1.2-quality-gated-2026-10-05
2026-07-23,HHP,Tài nguyên Cơ bản,PULLBACK RECLAIM,PULLBACK RECLAIM,72.95783833838823,14.11,0.07299787384833445,15.14,16.169999999999998,78.90116279069767,80.19379844961243,57.20930232558139,93.44961240310077,61.66666666666667,14.379198966408268,0.02076249728713031,0.02394775036284469,1.0158352772294994,0.025825535746188816,0.031537916371367825,EMERGING,fast-v1.2-quality-gated-2026-10-05
2026-07-24,HHP,Tài nguyên Cơ bản,PULLBACK RECLAIM,PULLBACK RECLAIM,78.9498516350563,14.25,0.08,15.39,16.529999999999998,86.25086805555556,94.96093750000001,85.7421875,94.296875,62.777777777777786,-0.6386668281653698,0.028955159217272097,0.006355932203389925,1.4347676497628274,0.032570589766417024,0.03108771929824562,LEADER,fast-v1.2-quality-gated-2026-10-05
2026-07-24,STB,Ngân hàng,PULLBACK RECLAIM,PULLBACK RECLAIM,75.8725218242068,73.5,0.07074829931972793,78.7,83.9,83.08452690972223,86.97265625000001,75.5859375,86.328125,81.11111111111111,-0.19454285771962532,0.023463064819327473,0.0,1.3653483466126772,0.13523047925790455,0.028027210884353743,NEUTRAL,fast-v1.2-quality-gated-2026-10-05
2026-07-27,MCH,Thực phẩm và đồ uống,PULLBACK RECLAIM,PULLBACK RECLAIM,89.07153558050449,135.49,0.04329839840578646,141.3565,147.223,87.14341085271319,95.77519379844964,83.99224806201549,87.05426356589147,85.83333333333334,19.517456654239908,0.0029127327502933564,0.016276627662766385,1.951899493586011,-0.243052793490818,0.028865598937190977,LEADER,fast-v1.2-quality-gated-2026-10-05
2026-07-27,HHP,Tài nguyên Cơ bản,PULLBACK RECLAIM,PULLBACK RECLAIM,74.016124309135,14.3,0.08,15.444000000000003,16.588,82.26744186046511,85.2325581395349,66.43410852713177,95.46511627906978,65.83333333333333,4.295364721051698,0.029925456444236387,0.0035087719298245723,0.8854041013268998,0.037059651163953516,0.031118881118881118,NEUTRAL,fast-v1.2-quality-gated-2026-10-05
2026-07-28,MCH,Thực phẩm và đồ uống,PULLBACK RECLAIM,PULLBACK RECLAIM,85.40825636595304,136.87,0.04302622926864915,142.75900000000001,148.64800000000002,88.18604651162791,93.72093023255816,87.5968992248062,87.63565891472868,88.33333333333333,7.425314188395589,0.011319806706172608,0.007953457544738196,2.6027773736198005,-0.08928983054236106,0.0286841528457661,LEADER,fast-v1.2-quality-gated-2026-10-05
2026-07-28,HHP,Tài nguyên Cơ bản,MOMENTUM IGNITION,MOMENTUM IGNITION,77.20992926493963,14.3,0.0692307692307692,15.290000000000001,16.28,85.71124031007751,85.46511627906979,67.90697674418604,94.92248062015506,82.5,8.595078693915895,0.027483384228489394,0.023622047244094446,0.9176780889479779,0.036624026442865,0.030944055944055946,LEADER,fast-v1.2-quality-gated-2026-10-05
2026-07-29,HHP,Tài nguyên Cơ bản,FAST BREAKOUT,FAST BREAKOUT,82.38513604069962,14.53,0.08,15.692400000000001,16.854799999999997,90.18927648578811,93.56589147286824,87.94573643410853,95.91085271317829,80.27777777777777,16.22702033650907,0.04139043182225399,0.03342816500711221,1.6185239096447248,0.04771912915088272,0.029662766689607722,LEADER,fast-v1.2-quality-gated-2026-10-05
2026-07-29,MCH,Thực phẩm và đồ uống,PULLBACK RECLAIM,PULLBACK RECLAIM,82.1045159974906,136.87,0.041060860670709465,142.49,148.11,85.14534883720931,88.99224806201553,83.68217054263566,87.28682170542636,85.83333333333334,11.150013807523152,0.011985301185221342,0.030414815930136285,2.3683379063773176,0.0014591237531433876,0.0269197048294002,LEADER,fast-v1.2-quality-gated-2026-10-05
2026-07-30,MCH,Thực phẩm và đồ uống,FAST BREAKOUT,FAST BREAKOUT,79.52881892813083,140.81,0.06789290533342807,150.37,159.93,87.04636752136751,93.0769230769231,86.76923076923077,89.61538461538463,79.72222222222223,17.990811965811957,0.03952575005905978,0.05074248190433561,2.973283753714738,0.2993931778729175,0.026826929905546516,LEADER,fast-v1.2-quality-gated-2026-10-05
2026-07-31,MCH,Thực phẩm và đồ uống,MOMENTUM IGNITION,MOMENTUM IGNITION,77.79602596775293,138.94,0.0553476320713977,146.63,154.32,83.1046511627907,87.4031007751938,85.34883720930232,86.27906976744187,73.33333333333333,14.088158107235145,0.025497193426602838,0.04442606930767501,3.944973544973545,0.3401056388964796,0.02754066503526704,EMERGING,fast-v1.2-quality-gated-2026-10-05
2026-07-31,BSR,Dầu khí,PULLBACK RECLAIM,PULLBACK RECLAIM,66.3366493048815,25.07,0.08,27.0756,29.0812,70.94509043927648,84.49612403100777,72.8294573643411,68.06201550387597,46.94444444444444,-1.1803435885012874,0.020827819288637306,0.05646860514117158,1.1087151401643003,0.181576625792214,0.048085360989230164,NEUTRAL,fast-v1.2-quality-gated-2026-10-05
2026-08-04,VVS,Ô tô và phụ tùng,MOMENTUM IGNITION,MOMENTUM IGNITION,69.48639825390211,103.5,0.08,111.78,120.05999999999999,86.71549479166667,79.37500000000001,84.765625,93.4375,73.33333333333334,-1.4867015907622658,0.09942638623326938,0.045454545454545414,0.9783845278725825,0.07230649817405599,0.05463768115942028,LEADER,fast-v1.2-quality-gated-2026-10-05
2026-08-04,MST,Xây dựng và Vật liệu,PULLBACK RECLAIM,PULLBACK RECLAIM,67.07529961232015,10.2,0.07843137254901955,10.999999999999998,11.799999999999997,78.73328993055556,76.83593750000001,81.3671875,83.9453125,47.77777777777777,-4.19952660691213,0.031866464339908696,0.05154639175257736,1.2810937866723648,0.006515730969801958,0.042647058823529406,NEUTRAL,fast-v1.2-quality-gated-2026-10-05
2026-08-04,STB,Ngân hàng,PULLBACK RECLAIM,PULLBACK RECLAIM,62.95990365095782,74.1,0.04723346828609987,77.60000000000001,81.1,70.58289930555556,71.36718750000001,74.609375,85.859375,45.27777777777777,2.5505995639534973,0.03404967903991074,0.022068965517241246,1.1848893685914732,0.06151574807901167,0.029082321187584352,NEUTRAL,fast-v1.2-quality-gated-2026-10-05
2026-08-06,MSR,Tài nguyên Cơ bản,MOMENTUM IGNITION,MOMENTUM IGNITION,72.66078418608004,37.51,0.08,40.5108,43.511599999999994,77.50705128205128,91.46153846153848,85.84615384615384,77.88461538461539,68.33333333333333,12.988034188034192,0.0664733310587966,0.05513361462728561,1.4254629017661953,0.6079891393484694,0.040455878432418005,EMERGING,fast-v1.2-quality-gated-2026-10-05
2026-08-06,PET,Bán lẻ,MOMENTUM IGNITION,MOMENTUM IGNITION,70.5010054985528,38.9,0.08,42.012,45.123999999999995,77.90128205128207,80.50000000000001,65.03846153846155,84.15384615384615,78.33333333333333,7.46025641025642,0.04774089286916716,0.023684210526315752,1.486446631096335,0.3265920799991935,0.04254498714652956,NEUTRAL,fast-v1.2-quality-gated-2026-10-05
2026-08-07,HHP,Tài nguyên Cơ bản,PULLBACK RECLAIM,PULLBACK RECLAIM,69.44654033678997,14.39,0.03898540653231412,14.951,15.512,78.5059829059829,71.00000000000001,75.19230769230771,86.9230769230769,72.22222222222221,-0.3958258795468055,0.019193993908917184,0.0062937062937062915,1.092557302140473,-0.007961148685289798,0.025990271021542746,NEUTRAL,fast-v1.2-quality-gated-2026-10-05
2026-08-07,SAB,Thực phẩm và đồ uống,PULLBACK RECLAIM,PULLBACK RECLAIM,67.1951377901904,44.75,0.045810055865921684,46.79999999999999,48.84999999999999,73.54294871794872,78.0769230769231,76.69230769230771,79.8076923076923,61.66666666666667,5.135971973762665,0.021234838371045006,0.027554535017221715,1.2510892070572623,0.13668141681512946,0.02049162011173184,NEUTRAL,fast-v1.2-quality-gated-2026-10-05
2026-08-10,GMD,Hàng & Dịch vụ Công nghiệp,PULLBACK RECLAIM,PULLBACK RECLAIM,77.18555756549154,78.2,0.08,84.456,90.712,79.60529715762274,79.6511627906977,90.89147286821705,81.08527131782947,74.72222222222221,19.605731185400522,0.03241138028912793,0.014267185473411326,2.2896898992584913,0.37450009944736906,0.03101023017902814,EMERGING,fast-v1.2-quality-gated-2026-10-05
2026-08-11,VGI,Viễn thông,MOMENTUM IGNITION,MOMENTUM IGNITION,65.36872294504082,83.51,0.08,90.19080000000001,96.8716,68.67317708333334,84.80468750000001,81.25,62.0703125,66.66666666666667,19.3263888888889,0.07530758483933475,0.06490691150216787,1.440016259887197,1.385939220066137,0.038773799544964675,EMERGING,fast-v1.2-quality-gated-2026-10-05
2026-08-12,PET,Bán lẻ,MOMENTUM IGNITION,MOMENTUM IGNITION,65.31572497502091,40.35,0.08,43.578,46.806,76.58568376068376,76.42307692307693,70.0,86.53846153846153,71.11111111111111,4.720696680580403,0.0737808529039985,0.008750000000000036,2.1788293538735144,0.2710215286436455,0.03915737298636924,NEUTRAL,fast-v1.2-quality-gated-2026-10-05
2026-08-12,LPB,Ngân hàng,PULLBACK RECLAIM,PULLBACK RECLAIM,64.66276117502078,53.8,0.04865241635687733,56.4175,59.035,68.89679487179488,68.96153846153848,63.5,75.11538461538463,54.16666666666667,6.340593321407276,0.013087279917145311,0.015094339622641506,0.8456288281602987,-0.04134713077532021,0.03243494423791822,NEUTRAL,fast-v1.2-quality-gated-2026-10-05
2026-08-12,SBT,Thực phẩm và đồ uống,PULLBACK RECLAIM,PULLBACK RECLAIM,56.64352847635216,21.6,0.05092592592592604,22.700000000000003,23.800000000000008,65.79893162393162,73.8846153846154,59.96153846153847,71.15384615384616,46.388888888888886,8.12128304512025,0.028571428571428692,0.04600484261501214,0.9622922016488714,0.06351004068200493,0.015856481481481492,NEUTRAL,fast-v1.2-quality-gated-2026-10-05
2026-08-13,GMD,Hàng & Dịch vụ Công nghiệp,PULLBACK RECLAIM,PULLBACK RECLAIM,68.82281508734555,78.5,0.05987261146496814,83.2,87.89999999999999,75.36046006944444,74.80468750000001,78.7109375,80.4296875,79.72222222222221,5.032468616452988,0.03664575767580058,0.0181582360570689,1.549942511170298,0.3167910605721655,0.030318471337579624,NEUTRAL,fast-v1.2-quality-gated-2026-10-05
2026-08-13,LPB,Ngân hàng,PULLBACK RECLAIM,PULLBACK RECLAIM,66.43899075618815,53.8,0.04976765799256506,56.47749999999999,59.155,70.76605902777777,77.65625000000001,69.4140625,76.3671875,46.38888888888889,2.003665865384619,0.011373249365541849,0.03461538461538449,1.1909817997160894,-0.004619544542236176,0.03317843866171004,NEUTRAL,fast-v1.2-quality-gated-2026-10-05
2026-08-14,VTP,Hàng & Dịch vụ Công nghiệp,MOMENTUM IGNITION,MOMENTUM IGNITION,75.20153043687584,53.5,0.08,57.78,62.059999999999995,82.52067183462532,88.52713178294576,91.31782945736435,73.75968992248062,83.6111111111111,18.005073544027027,0.07710891886450577,0.03883495145631066,1.3893899733636288,0.8929906525252529,0.04140186915887851,EMERGING,fast-v1.2-quality-gated-2026-10-05
2026-08-14,KSB,Xây dựng và Vật liệu,MOMENTUM IGNITION,MOMENTUM IGNITION,72.50689211671704,13.75,0.05127272727272728,14.455000000000002,15.16,69.54134366925064,81.97674418604652,94.4186046511628,52.71317829457364,67.22222222222221,37.427123105403204,0.02230483271375472,0.04166666666666674,2.0658095445630855,0.13993539963063228,0.03418181818181819,EMERGING,fast-v1.2-quality-gated-2026-10-05
2026-08-14,VGC,Xây dựng và Vật liệu,MOMENTUM IGNITION,MOMENTUM IGNITION,67.14563813732387,40.3,0.07444168734491319,43.3,46.3,75.89405684754522,82.6356589147287,77.48062015503875,71.12403100775194,67.22222222222221,17.866492744981116,0.0617137588091945,0.04675324675324677,1.3638152036611377,0.47350547254136693,0.032468982630272966,EMERGING,fast-v1.2-quality-gated-2026-10-05
2026-08-17,CTR,Xây dựng và Vật liệu,MOMENTUM IGNITION,MOMENTUM IGNITION,74.97065373010149,76.8,0.06770833333333337,82.00000000000001,87.2,81.03100775193799,87.2093023255814,89.06976744186046,82.71317829457362,70.83333333333333,14.220284237726105,0.05284803619165124,-0.0038910505836575737,1.0556298135064603,0.536812075286687,0.03001302083333334,EMERGING,fast-v1.2-quality-gated-2026-10-05
2026-08-17,PET,Bán lẻ,MOMENTUM IGNITION,MOMENTUM IGNITION,71.71372648576089,39.0,0.05817307692307691,41.26875,43.5375,75.95284237726098,76.00775193798451,60.93023255813953,79.26356589147287,82.77777777777777,11.959302325581397,0.027735687462942193,-0.006369426751592355,1.0031154075227928,0.057916813782347365,0.038782051282051276,EMERGING,fast-v1.2-quality-gated-2026-10-05
2026-08-17,STB,Ngân hàng,PULLBACK RECLAIM,PULLBACK RECLAIM,61.73725050061132,74.2,0.03992587601078169,77.16250000000001,80.125,66.6686046511628,69.34108527131784,68.17829457364341,74.49612403100775,45.833333333333336,0.4961240310077528,0.018671059857221284,-0.005361930294906059,1.1219911343859175,0.029629980160789215,0.026617250673854457,NEUTRAL,fast-v1.2-quality-gated-2026-10-05
2026-08-18,CTR,Xây dựng và Vật liệu,MOMENTUM IGNITION,MOMENTUM IGNITION,75.81401362344016,77.1,0.05317769130998695,81.19999999999997,85.29999999999998,80.28294573643412,91.43410852713181,94.30232558139537,82.40310077519378,59.166666666666664,16.93008115310078,0.05083821725500881,0.02119205298013238,1.84444608895138,0.4770755616608968,0.03009079118028535,EMERGING,fast-v1.2-quality-gated-2026-10-05
2026-08-18,GMD,Hàng & Dịch vụ Công nghiệp,MOMENTUM IGNITION,MOMENTUM IGNITION,74.96016594114697,79.5,0.046540880503144644,83.2,86.89999999999999,79.90439276485789,84.2635658914729,84.14728682170542,83.87596899224806,81.11111111111111,17.667413598191224,0.0446780551905388,0.02713178294573626,1.3717508516859358,0.34280991084113344,0.028490566037735855,EMERGING,fast-v1.2-quality-gated-2026-10-05
2026-08-18,VGI,Viễn thông,PULLBACK RECLAIM,PULLBACK RECLAIM,70.05346256114767,83.03,0.07406961339274964,89.18,95.33000000000001,74.63178294573643,82.48062015503878,91.20155038759688,65.89147286821705,70.83333333333333,5.95860586240309,0.054061430847451186,-0.005747814632978132,2.004467029425432,0.5490788096312196,0.0400216789112369,NEUTRAL,fast-v1.2-quality-gated-2026-10-05
2026-08-18,KSB,Xây dựng và Vật liệu,MOMENTUM IGNITION,MOMENTUM IGNITION,67.77250170584436,13.8,0.04891304347826088,14.475000000000001,15.15,64.37596899224806,77.24806201550389,81.82170542635659,54.68992248062015,59.166666666666664,28.341090128421833,0.022032956859840747,0.03370786516853941,0.9877973035449931,0.11088180732625108,0.03260869565217392,NEUTRAL,fast-v1.2-quality-gated-2026-10-05
2026-08-18,SAB,Thực phẩm và đồ uống,MOMENTUM IGNITION,MOMENTUM IGNITION,67.36852674408044,46.3,0.056155507559395135,48.89999999999999,51.499999999999986,76.67764857881137,81.31782945736435,85.07751937984496,82.13178294573643,51.111111111111114,9.020313509366929,0.03752338909367947,0.014238773274917849,1.1390991126673946,0.1968577084199507,0.020939524838012938,NEUTRAL,fast-v1.2-quality-gated-2026-10-05
2026-08-18,HHP,Tài nguyên Cơ bản,PULLBACK RECLAIM,PULLBACK RECLAIM,66.23058434949506,15.0,0.08,16.200000000000003,17.4,77.93669250645995,72.98449612403103,87.09302325581396,83.87596899224806,59.72222222222222,-10.461093951873394,0.039933444259567574,-0.030381383322559796,1.343367687402684,-0.010188249253068882,0.03800000000000001,FADING,fast-v1.2-quality-gated-2026-10-05
2026-08-19,GMD,Hàng & Dịch vụ Công nghiệp,MOMENTUM IGNITION,MOMENTUM IGNITION,80.60027087855164,78.6,0.04103053435114506,81.82499999999999,85.04999999999998,83.82041343669249,87.98449612403103,86.55038759689923,84.30232558139535,81.38888888888889,18.770199761478807,0.02839199267303405,0.018134715025906578,1.4337481957019855,0.27425713792811757,0.027353689567430037,EMERGING,fast-v1.2-quality-gated-2026-10-05
2026-08-19,HAH,Hàng & Dịch vụ Công nghiệp,MOMENTUM IGNITION,MOMENTUM IGNITION,71.95229804435797,47.6,0.053571428571428714,50.15000000000001,52.70000000000002,73.75258397932816,86.12403100775195,88.06201550387597,65.03875968992247,81.38888888888889,21.683139534883722,0.04277342680322049,0.026968716289104577,2.2296255068776336,0.35203554852581953,0.02542016806722688,EMERGING,fast-v1.2-quality-gated-2026-10-05
2026-08-19,VNM,Thực phẩm và đồ uống,MOMENTUM IGNITION,MOMENTUM IGNITION,65.70019898744269,63.1,0.07131537242472263,67.6,72.1,75.98255813953489,79.10852713178296,72.86821705426357,82.90697674418605,60.83333333333334,6.183626515603265,0.041082329648572946,0.021035598705501757,0.9585621054708049,0.12305180080870226,0.02511885895404121,NEUTRAL,fast-v1.2-quality-gated-2026-10-05
2026-08-19,PHR,Hóa chất,MOMENTUM IGNITION,MOMENTUM IGNITION,64.8815497813781,32.58,0.04659300184162063,34.098,35.616,60.44379844961239,77.90697674418607,77.86821705426357,60.0,46.66666666666666,26.347003577817517,0.03044200205582337,0.025495750708215192,1.543955886974658,0.254520074167256,0.031062001227747087,NEUTRAL,fast-v1.2-quality-gated-2026-10-05
2026-08-20,VGI,Viễn thông,PULLBACK RECLAIM,PULLBACK RECLAIM,72.90084499138122,83.9,0.05701430274135877,88.68350000000001,93.46700000000001,75.02777777777777,88.84920634920637,91.58730158730158,67.46031746031747,63.333333333333336,16.63324652777777,0.05487486719766643,0.0270534949198189,1.7193836171938361,0.5075706437410764,0.03800953516090585,EMERGING,fast-v1.2-quality-gated-2026-10-05
2026-08-20,MCH,Thực phẩm và đồ uống,PULLBACK RECLAIM,PULLBACK RECLAIM,70.32525221350808,138.0,0.03601449275362323,142.97,147.94,72.96230158730158,73.8888888888889,82.42063492063492,72.34126984126983,63.333333333333336,9.894593253968246,0.01181180300464102,0.008035062089116085,1.2983023822922528,-0.029647291701316636,0.019855072463768098,NEUTRAL,fast-v1.2-quality-gated-2026-10-05
2026-08-20,HAH,Hàng & Dịch vụ Công nghiệp,MOMENTUM IGNITION,MOMENTUM IGNITION,68.35297675375844,47.5,0.05157894736842106,49.95,52.4,69.96825396825396,81.984126984127,83.65079365079364,63.33333333333333,75.55555555555556,20.01013764880952,0.03774100169315653,0.037117903930131035,1.5748019347522546,0.37549730057357367,0.023894736842105243,EMERGING,fast-v1.2-quality-gated-2026-10-05
2026-08-20,MSN,Thực phẩm và đồ uống,PULLBACK RECLAIM,PULLBACK RECLAIM,68.2975129321909,68.1,0.038179148311306865,70.69999999999999,73.29999999999998,67.8452380952381,81.07142857142858,82.53968253968253,65.63492063492065,63.333333333333336,5.675967261904766,0.01976639712488759,0.007396449704142105,1.8028769285798245,0.21692905592923772,0.023641703377386192,NEUTRAL,fast-v1.2-quality-gated-2026-10-05
2026-08-20,HHP,Tài nguyên Cơ bản,PULLBACK RECLAIM,PULLBACK RECLAIM,67.6902155865145,15.0,0.08,16.200000000000003,17.4,76.14484126984127,77.93650793650795,74.0873015873016,80.47619047619048,64.16666666666667,5.256820436507937,0.03337811305156557,0.06990014265335232,0.8162359906034313,0.022513553324185004,0.037200000000000004,NEUTRAL,fast-v1.2-quality-gated-2026-10-05
2026-08-20,DCM,Hóa chất,PULLBACK RECLAIM,PULLBACK RECLAIM,67.31546273698171,31.3,0.03750000000000002,32.47375,33.6475,59.466269841269835,78.6904761904762,78.25396825396824,53.611111111111114,60.27777777777777,20.552207341269835,0.015903927296332387,0.016233766233766156,1.669326107682272,0.12514218854737258,0.025000000000000012,FADING,fast-v1.2-quality-gated-2026-10-05
2026-08-21,ORS,Dịch vụ tài chính,PULLBACK RECLAIM,PULLBACK RECLAIM,70.82304664782728,14.55,0.08,15.714000000000002,16.878,74.75721784776903,82.99212598425198,81.88976377952756,73.54330708661416,53.33333333333333,22.27142973407394,0.044695745826602185,0.05434782608695654,2.8246261978751446,-0.011201216834577699,0.03797250859106531,EMERGING,fast-v1.2-quality-gated-2026-10-05
2026-08-21,GEL,Xây dựng và Vật liệu,PULLBACK RECLAIM,PULLBACK RECLAIM,65.42746360416889,30.55,0.08,32.994,35.437999999999995,74.83858267716536,87.75590551181104,78.93700787401575,76.61417322834647,52.5,,0.07665198237885473,0.053448275862068906,1.4103371817704817,0.1496835846478194,0.048117839607201306,NEUTRAL,fast-v1.2-quality-gated-2026-10-05
2026-08-21,VSC,Hàng & Dịch vụ Công nghiệp,FAST BREAKOUT,FAST BREAKOUT,62.3822862610195,15.3,0.06862745098039225,16.350000000000005,17.400000000000002,65.72900262467192,81.33858267716538,88.34645669291338,45.39370078740157,81.66666666666667,5.3536796272559,0.06974305191400099,0.047945205479452024,1.6436695639879015,0.19366484214963414,0.041993464052287564,NEUTRAL,fast-v1.2-quality-gated-2026-10-05
2026-08-21,MSN,Thực phẩm và đồ uống,FAST BREAKOUT,FAST BREAKOUT,62.064236750133894,69.8,0.06160458452722062,74.1,78.39999999999999,67.75306211723534,80.1968503937008,80.78740157480316,65.94488188976379,61.94444444444444,10.129031109483414,0.04062616474096159,0.052790346907994,1.7870306166471785,0.3660720877703022,0.023853868194842396,EMERGING,fast-v1.2-quality-gated-2026-10-05
2026-08-21,DSE,Dịch vụ tài chính,FAST BREAKOUT,FAST BREAKOUT,61.78763663482384,23.1,0.051948051948052076,24.3,25.500000000000007,68.25918635170603,76.496062992126,85.0787401574803,69.1732283464567,53.33333333333333,16.504018393049698,0.03773584905660399,0.04761904761904767,2.1043620799562883,0.05781223707461311,0.018614718614718608,EMERGING,fast-v1.2-quality-gated-2026-10-05
2026-08-21,MWG,Bán lẻ,FAST BREAKOUT,FAST BREAKOUT,61.32531280300938,75.0,0.06399999999999995,79.80000000000001,84.6,68.6340769903762,69.52755905511812,64.68503937007874,67.1259842519685,78.88888888888889,14.30849559502736,0.05327463082724182,0.035911602209944604,1.198849599675565,0.45022536264929064,0.032773333333333335,EMERGING,fast-v1.2-quality-gated-2026-10-05
2026-08-21,DCM,Hóa chất,PULLBACK RECLAIM,PULLBACK RECLAIM,59.84978836612466,31.4,0.0372611464968153,32.57,33.74,55.16535433070866,67.87401574803151,74.68503937007874,45.90551181102362,62.5,15.364966733809439,0.01609902111479644,0.02950819672131133,1.618221466056409,0.1519866912163258,0.0248407643312102,FADING,fast-v1.2-quality-gated-2026-10-05
2026-08-24,ORS,Dịch vụ tài chính,MOMENTUM IGNITION,MOMENTUM IGNITION,69.08204351371597,14.6,0.08,15.768,16.936,72.7419072615923,77.95275590551182,77.24409448818896,74.21259842519684,56.11111111111111,21.25805713239334,0.0415551988585694,0.054151624548736566,2.0479470807915976,0.025468592074194107,0.03835616438356167,EMERGING,fast-v1.2-quality-gated-2026-10-05
2026-08-24,BSR,Dầu khí,MOMENTUM IGNITION,MOMENTUM IGNITION,68.29653919046544,27.4,0.08,29.592,31.783999999999995,75.27012248468941,79.76377952755907,75.15748031496062,75.03937007874016,85.27777777777779,13.02722842784187,0.06074097015214264,0.05384615384615388,1.4616135040973754,0.1841706286325251,0.03709854014598538,EMERGING,fast-v1.2-quality-gated-2026-10-05
2026-08-24,DGW,Bán lẻ,MOMENTUM IGNITION,MOMENTUM IGNITION,63.7590292965986,42.8,0.07126168224299056,45.849999999999994,48.89999999999999,79.6826334208224,78.46456692913388,77.75590551181102,83.89763779527559,72.22222222222223,-5.6481159331827655,0.0716074111166749,0.036319612590798966,1.2480082092491356,0.34765676704453563,0.03744158878504674,NEUTRAL,fast-v1.2-quality-gated-2026-10-05
2026-08-24,OIL,Dầu khí,PULLBACK RECLAIM,PULLBACK RECLAIM,63.381243317923904,13.6,0.07205882352941184,14.580000000000002,15.560000000000002,60.972878390201224,68.58267716535434,77.6771653543307,48.70078740157481,85.27777777777779,26.662154875989344,0.03828682673588557,0.04534973097617212,2.8153362466138057,0.06520339374420603,0.03610294117647061,NEUTRAL,fast-v1.2-quality-gated-2026-10-05
2026-08-24,VSC,Hàng & Dịch vụ Công nghiệp,FAST BREAKOUT,FAST BREAKOUT,63.146738615227335,15.35,0.07166123778501632,16.45,17.55,64.00240594925634,82.83464566929136,84.40944881889764,44.68503937007874,67.77777777777777,15.904214734786066,0.06338759958434337,0.05862068965517242,1.5074211583290373,0.2160434071983805,0.04055374592833875,NEUTRAL,fast-v1.2-quality-gated-2026-10-05
2026-08-24,PVD,Dầu khí,FAST BREAKOUT,FAST BREAKOUT,59.68501703634879,19.35,0.08,20.898000000000003,22.446,67.17366579177603,69.05511811023622,71.02362204724409,61.220472440944874,85.27777777777779,27.455965533378098,0.056078591895210916,0.06611570247933907,2.361379419010588,0.12245929557901034,0.028294573643410856,EMERGING,fast-v1.2-quality-gated-2026-10-05
2026-08-24,VIX,Dịch vụ tài chính,MOMENTUM IGNITION,MOMENTUM IGNITION,58.80711048674694,13.8,0.08,14.904000000000002,16.008,60.13167104111985,84.17322834645671,69.40944881889763,47.480314960629926,56.11111111111111,25.165262772386,0.06968452057980001,0.08320251177394034,1.4269615440373575,0.16152126840686865,0.038949275362318826,NEUTRAL,fast-v1.2-quality-gated-2026-10-05
2026-08-24,HSG,Tài nguyên Cơ bản,PULLBACK RECLAIM,PULLBACK RECLAIM,56.38215430094593,11.05,0.05429864253393679,11.650000000000004,12.250000000000004,55.17935258092738,66.88976377952757,67.4015748031496,42.55905511811024,68.88888888888889,16.762685914260707,0.027906976744186185,0.03755868544600949,2.6093078309664475,0.051866268254515874,0.025565610859728506,FADING,fast-v1.2-quality-gated-2026-10-05
2026-08-25,VHM,Bất động sản,PULLBACK RECLAIM,PULLBACK RECLAIM,69.5373371135745,73.6,0.08,79.488,85.37599999999999,68.88670166229221,78.11023622047246,80.90551181102363,69.25196850393701,45.55555555555556,16.929337321206944,0.017101399205389445,0.06358381502890165,1.258716714597827,0.16653414727146504,0.041406250000000006,EMERGING,fast-v1.2-quality-gated-2026-10-05
2026-08-25,VCI,Dịch vụ tài chính,PULLBACK RECLAIM,PULLBACK RECLAIM,64.98876880679394,22.4,0.08,24.192,25.983999999999998,64.40638670166229,81.0236220472441,77.63779527559055,51.69291338582677,63.05555555555555,18.05884148202405,0.03523974581166933,0.05910165484633567,1.7894375977016568,0.16254943580287212,0.03370535714285715,NEUTRAL,fast-v1.2-quality-gated-2026-10-05
2026-08-25,DXS,Bất động sản,MOMENTUM IGNITION,MOMENTUM IGNITION,59.32991490502563,6.25,0.08,6.75,7.249999999999999,56.52843394575679,80.3937007874016,84.9212598425197,42.67716535433072,45.55555555555556,28.074945573663765,0.05307497893850033,0.06837606837606836,1.5993476325495448,0.0839702390668911,0.035839999999999976,FADING,fast-v1.2-quality-gated-2026-10-05
2026-08-25,MCH,Thực phẩm và đồ uống,FAST BREAKOUT,FAST BREAKOUT,58.82641413452508,141.8,0.05500705218617774,149.60000000000002,157.4,67.45866141732284,68.8976377952756,82.67716535433071,72.04724409448819,60.0,6.437989582697526,0.033757504401488836,0.043414275202354746,1.854888273015063,0.39074860872137895,0.018635401974612126,NEUTRAL,fast-v1.2-quality-gated-2026-10-05
2026-08-25,DIG,Bất động sản,MOMENTUM IGNITION,MOMENTUM IGNITION,53.32846524101281,10.68,0.08,11.5344,12.388799999999998,55.670166229221344,76.06299212598427,64.68503937007873,45.629921259842526,45.55555555555556,28.82326700441514,0.06020747505832147,0.0701402805611222,1.2010791965812828,0.1230753812153001,0.03314606741573032,FADING,fast-v1.2-quality-gated-2026-10-05
2026-08-26,VCB,Ngân hàng,PULLBACK RECLAIM,PULLBACK RECLAIM,64.39292170497794,60.3,0.051409618573797555,63.39999999999999,66.49999999999999,69.17063492063492,72.3015873015873,84.44444444444444,59.60317460317461,63.05555555555555,12.755906238464377,0.0204772381113556,0.05052264808362361,1.396234196483979,0.16894772504507216,0.02288557213930346,EMERGING,fast-v1.2-quality-gated-2026-10-05
2026-08-26,CTG,Ngân hàng,PULLBACK RECLAIM,PULLBACK RECLAIM,63.03420184638094,31.85,0.035,32.96475,34.0795,61.88492063492063,67.3809523809524,77.73809523809524,53.57142857142857,63.05555555555555,7.429494278331475,0.004335829720141904,0.02741935483870983,1.4899711003602323,0.05041592444985074,0.02315541601255887,NEUTRAL,fast-v1.2-quality-gated-2026-10-05
2026-08-26,DGC,Hóa chất,MOMENTUM IGNITION,MOMENTUM IGNITION,62.17876547239839,36.8,0.08,39.744,42.687999999999995,68.69444444444444,84.484126984127,67.5,60.833333333333336,65.55555555555556,33.70219638242894,0.049823840700643274,0.07633811055864292,1.1668820003691436,0.35785854170467535,0.027105978260869558,EMERGING,fast-v1.2-quality-gated-2026-10-05
2026-08-26,HDB,Ngân hàng,PULLBACK RECLAIM,PULLBACK RECLAIM,60.23797518942524,27.75,0.05585585585585584,29.299999999999997,30.849999999999998,70.0952380952381,68.37301587301589,70.79365079365078,75.5952380952381,63.05555555555555,11.170819490586936,0.03883949461862435,0.0393258426966292,1.358443665670734,0.08517354881810596,0.023513513513513516,EMERGING,fast-v1.2-quality-gated-2026-10-05
2026-08-26,TCX,Dịch vụ tài chính,FAST BREAKOUT,FAST BREAKOUT,58.72842526007111,34.8,0.07068965517241366,37.25999999999999,39.719999999999985,63.48611111111111,70.0793650793651,75.39682539682538,57.420634920634924,54.16666666666667,28.411175710594314,0.03896103896103886,0.058394160583941535,1.9846288868656545,0.2265830398653833,0.025919540229885057,NEUTRAL,fast-v1.2-quality-gated-2026-10-05
2026-08-27,DGC,Hóa chất,MOMENTUM IGNITION,MOMENTUM IGNITION,64.99080195927648,35.81,0.05780508237922366,37.879999999999995,39.95,63.12755555555556,81.40000000000003,75.32000000000001,51.16,50.27777777777778,14.978746031746041,0.016593093071780585,0.0434149184149184,1.264585893339887,0.282764023074335,0.02859536442334542,NEUTRAL,fast-v1.2-quality-gated-2026-10-05
2026-08-27,VRE,Bất động sản,FAST BREAKOUT,FAST BREAKOUT,62.879490324134366,26.0,0.08,28.080000000000002,30.159999999999997,60.160666666666664,81.32000000000001,78.88000000000001,55.28,53.33333333333333,15.630904761904759,0.034722913142970935,0.07660455486542439,1.3742617337543743,0.21009883820675063,0.03403846153846155,NEUTRAL,fast-v1.2-quality-gated-2026-10-05
2026-08-27,CII,Xây dựng và Vật liệu,MOMENTUM IGNITION,MOMENTUM IGNITION,60.88096346337151,14.8,0.07094594594594594,15.850000000000003,16.900000000000002,59.16733333333334,75.28000000000002,77.4,44.400000000000006,54.16666666666667,17.038365079365086,0.040421792618629215,0.04593639575971742,1.222579313979961,0.16123647237726,0.040033783783783784,FADING,fast-v1.2-quality-gated-2026-10-05
2026-08-27,BCM,Bất động sản,MOMENTUM IGNITION,MOMENTUM IGNITION,59.55040928172365,43.35,0.07843137254901955,46.75,50.15,59.68066666666666,80.64000000000001,69.39999999999999,49.120000000000005,53.33333333333333,14.258047619047616,0.06158932288478014,0.06773399014778314,0.9458687439936582,0.5811802182345275,0.0483275663206459,FADING,fast-v1.2-quality-gated-2026-10-05
2026-08-28,OCB,Ngân hàng,FAST BREAKOUT,FAST BREAKOUT,70.26087104296323,11.0,0.035,11.385,11.770000000000001,73.48214285714286,71.74603174603176,80.7936507936508,68.84920634920634,75.55555555555556,19.093035245594294,0.020644861980978924,0.00917431192660545,1.3965773084833937,0.017810155908050226,0.017045454545454513,EMERGING,fast-v1.2-quality-gated-2026-10-05
2026-08-28,STB,Ngân hàng,PULLBACK RECLAIM,PULLBACK RECLAIM,69.45176834218515,75.5,0.042384105960264984,78.7,81.9,71.5813492063492,67.89682539682542,81.11111111111111,64.92063492063491,75.55555555555556,26.139091988501434,0.020201337747449477,0.010709504685408211,2.768882223330902,-0.0070301812222579585,0.024370860927152335,EMERGING,fast-v1.2-quality-gated-2026-10-05
2026-08-28,DHC,Tài nguyên Cơ bản,PULLBACK RECLAIM,PULLBACK RECLAIM,61.20429334892884,36.9,0.07588075880758804,39.699999999999996,42.49999999999999,73.5734126984127,69.0873015873016,63.76984126984128,86.48809523809524,54.16666666666666,-0.10200287464067515,0.04090267983074747,0.012345679012345512,0.9171974522292994,0.04814394882541262,0.030691056910569083,NEUTRAL,fast-v1.2-quality-gated-2026-10-05
2026-08-28,VCI,Dịch vụ tài chính,FAST BREAKOUT,FAST BREAKOUT,59.53234201269652,22.85,0.08,24.678000000000004,26.506,64.24801587301587,75.00000000000001,69.56349206349206,59.56349206349206,66.1111111111111,8.713238970128735,0.04552733928162889,0.03393665158371051,1.2218641123623781,0.21609890910914686,0.03008752735229759,NEUTRAL,fast-v1.2-quality-gated-2026-10-05
2026-08-28,MCH,Thực phẩm và đồ uống,FAST BREAKOUT,FAST BREAKOUT,57.635429075148025,143.0,0.06293706293706292,152.0,161.0,67.81746031746032,65.91269841269843,78.29365079365078,72.81746031746032,59.166666666666664,7.745500562429697,0.03861392251068563,0.02508960573476693,1.3643558574480183,0.5458743941383524,0.01627272727272727,NEUTRAL,fast-v1.2-quality-gated-2026-10-05
2026-08-28,GEX,Hàng & Dịch vụ Công nghiệp,MOMENTUM IGNITION,MOMENTUM IGNITION,57.44823711608689,26.45,0.08,28.566000000000003,30.682,62.01190476190476,75.67460317460318,66.34920634920634,53.65079365079365,70.27777777777779,-6.3391451068616504,0.044216344255823214,0.007619047619047636,1.322315488079231,0.27097565134019463,0.03780718336483933,NEUTRAL,fast-v1.2-quality-gated-2026-10-05
2026-08-28,SHB,Ngân hàng,FAST BREAKOUT,FAST BREAKOUT,56.49992636161416,12.2,0.06557377049180324,13.0,13.799999999999999,56.263888888888886,66.46825396825399,66.07142857142857,40.67460317460318,75.55555555555556,19.042104111986006,0.030187882626134588,0.025210084033613356,1.5496823317070116,0.09618211185871983,0.022745901639344243,FADING,fast-v1.2-quality-gated-2026-10-05
2026-08-28,DIG,Bất động sản,MOMENTUM IGNITION,MOMENTUM IGNITION,56.10309075986222,10.73,0.08,11.588400000000002,12.4468,56.79960317460317,77.42063492063492,59.04761904761905,49.285714285714285,48.888888888888886,15.603627671541055,0.04540140296180839,0.03571428571428581,1.1524498647285044,0.1380416817521733,0.03187325256290772,FADING,fast-v1.2-quality-gated-2026-10-05
2026-09-03,TCB,Ngân hàng,MOMENTUM IGNITION,MOMENTUM IGNITION,74.99939388527257,32.1,0.04672897196261683,33.60000000000001,35.1,76.58111111111111,81.88000000000002,82.47999999999999,71.4,68.05555555555556,25.947034120734905,0.02253723023015053,0.020667726550079646,1.3438457100274885,0.23779195166309247,0.02904984423676012,EMERGING,fast-v1.2-quality-gated-2026-10-05
2026-09-03,DGC,Hóa chất,PULLBACK RECLAIM,PULLBACK RECLAIM,73.15190185782095,37.22,0.08,40.1976,43.1752,77.69866666666667,92.76,79.67999999999998,63.040000000000006,83.33333333333333,14.810433945756785,0.045065281482521424,0.022808463863698725,1.7738898756660746,0.25596943823200685,0.029312197743148825,EMERGING,fast-v1.2-quality-gated-2026-10-05
2026-09-03,MCH,Thực phẩm và đồ uống,MOMENTUM IGNITION,MOMENTUM IGNITION,70.7140128208173,142.0,0.05633802816901412,150.0,158.0,76.03177777777778,78.40000000000002,80.2,75.64,68.88888888888887,29.22359755030621,0.02899296371712845,0.016463851109520533,1.384476063299105,0.46821644238644966,0.01570422535211267,EMERGING,fast-v1.2-quality-gated-2026-10-05
2026-09-03,PVD,Dầu khí,MOMENTUM IGNITION,MOMENTUM IGNITION,67.98495013751385,19.35,0.08,20.898000000000003,22.446,75.38777777777779,76.60000000000002,79.84,67.60000000000001,83.88888888888889,8.214111986001754,0.04298612046893968,0.0,1.493641461822992,0.13218846234972956,0.02816537467700258,NEUTRAL,fast-v1.2-quality-gated-2026-10-05
2026-09-03,OIL,Dầu khí,PULLBACK RECLAIM,PULLBACK RECLAIM,61.66218160673837,13.7,0.07883211678832114,14.779999999999998,15.859999999999998,64.66977777777777,70.68000000000002,68.47999999999999,55.72,83.88888888888889,3.6968993875765435,0.03427449796164872,0.007352941176470562,1.2268127385908918,0.0630610723844397,0.03332116788321168,NEUTRAL,fast-v1.2-quality-gated-2026-10-05
2026-09-04,STB,Ngân hàng,FAST BREAKOUT,FAST BREAKOUT,68.11750834849079,77.3,0.04915912031047864,81.1,84.89999999999999,75.57437275985663,78.34677419354841,77.66129032258064,75.58467741935485,69.44444444444444,26.476822453644914,0.04016685729664271,0.0417789757412399,1.665392989050424,0.12610433155352485,0.024256144890038838,EMERGING,fast-v1.2-quality-gated-2026-10-05
2026-09-04,BVS,Dịch vụ tài chính,MOMENTUM IGNITION,MOMENTUM IGNITION,65.2687403691745,28.7,0.08,30.996000000000002,33.291999999999994,71.11335125448028,83.75000000000001,69.59677419354838,66.16935483870968,51.11111111111111,31.45302754494397,0.05845472985432432,0.08712121212121215,1.628116994415673,0.39844308126045325,0.04198606271777005,EMERGING,fast-v1.2-quality-gated-2026-10-05
2026-09-04,DXG,Bất động sản,MOMENTUM IGNITION,MOMENTUM IGNITION,65.01678781580229,11.8,0.08,12.744000000000002,13.688,63.85192652329749,79.1935483870968,83.22580645161291,55.645161290322584,50.27777777777778,12.973098876753312,0.03781882145998239,0.0,2.1575160745908017,0.10675991216770196,0.0336864406779661,NEUTRAL,fast-v1.2-quality-gated-2026-10-05
2026-09-04,DCM,Hóa chất,MOMENTUM IGNITION,MOMENTUM IGNITION,64.41754152680592,32.55,0.06912442396313356,34.79999999999999,37.04999999999999,70.16711469534052,78.8709677419355,82.13709677419355,56.49193548387098,81.94444444444444,25.99454251686283,0.042183622828784184,0.05510534846029169,1.2545381277704368,0.23419053222846684,0.0228110599078341,EMERGING,fast-v1.2-quality-gated-2026-10-05
2026-09-04,VHM,Bất động sản,FAST BREAKOUT,FAST BREAKOUT,62.09126062967748,75.2,0.08,81.21600000000001,87.232,67.35394265232975,69.07258064516131,94.51612903225806,69.55645161290323,50.27777777777778,-1.5327590099624615,0.03881751623152341,0.021739130434782705,1.8649464872311117,0.37229961876295814,0.034807180851063844,NEUTRAL,fast-v1.2-quality-gated-2026-10-05
2026-09-04,TPB,Ngân hàng,PULLBACK RECLAIM,PULLBACK RECLAIM,62.039260555582146,14.7,0.035,15.214499999999997,15.729000000000001,56.27396953405018,65.72580645161293,67.29838709677419,48.06451612903226,69.44444444444444,21.93429324358648,0.008403361344537785,0.01730103806228378,1.205169306155936,0.05186259856950873,0.018707482993197303,FADING,fast-v1.2-quality-gated-2026-10-05
2026-09-04,VIB,Ngân hàng,PULLBACK RECLAIM,PULLBACK RECLAIM,57.69064068770061,13.75,0.056727272727272626,14.53,15.309999999999997,58.65098566308244,68.95161290322581,62.096774193548384,49.51612903225807,69.44444444444444,30.710915671831344,0.026732377538829066,0.027653213751868355,1.4258138720808122,0.07968874505038658,0.019090909090909113,FADING,fast-v1.2-quality-gated-2026-10-05
2026-09-07,PHR,Hóa chất,MOMENTUM IGNITION,MOMENTUM IGNITION,77.6959913727338,33.62,0.050267697798929145,35.309999999999995,36.99999999999999,79.88088888888889,85.92000000000002,91.88,73.88000000000001,81.94444444444444,15.912634920634929,0.027113724891163038,0.006586826347305452,2.0440596937786677,0.14182234251202908,0.023602022605591907,EMERGING,fast-v1.2-quality-gated-2026-10-05
2026-09-07,MCH,Thực phẩm và đồ uống,MOMENTUM IGNITION,MOMENTUM IGNITION,76.65205547220616,141.8,0.0514809590973202,149.10000000000002,156.40000000000003,80.31466666666667,81.92000000000003,82.44,80.07999999999998,73.33333333333333,22.98331746031746,0.022792844777842047,-0.0007047216349541641,1.3983639863130881,0.28094415621502344,0.015959097320169247,EMERGING,fast-v1.2-quality-gated-2026-10-05
2026-09-07,DGW,Bán lẻ,PULLBACK RECLAIM,PULLBACK RECLAIM,75.93395186534703,41.8,0.054366028708134014,44.0725,46.345,78.22755555555555,81.20000000000002,88.68,73.67999999999999,65.27777777777777,2.0410476190476174,0.00336053768602973,-0.010650887573964596,1.571568569865182,-0.23520173593143956,0.03624401913875601,NEUTRAL,fast-v1.2-quality-gated-2026-10-05
2026-09-07,VTZ,Hóa chất,PULLBACK RECLAIM,PULLBACK RECLAIM,71.5161155817894,20.5,0.035,21.217499999999998,21.935000000000002,68.47088888888888,68.72000000000001,75.99999999999997,64.67999999999999,81.94444444444444,20.52446031746031,0.00836202656173124,-0.004854368932038944,1.695091013462215,0.012219705423818283,0.01146341463414633,EMERGING,fast-v1.2-quality-gated-2026-10-05
2026-09-07,BVS,Dịch vụ tài chính,MOMENTUM IGNITION,MOMENTUM IGNITION,69.7377756764068,27.9,0.08,30.132,32.364,70.29155555555555,83.08000000000001,69.16,62.92000000000001,52.77777777777777,29.269730158730155,0.026867868973132092,0.041044776119402826,1.4580580051421295,0.3207354298077294,0.042831541218638004,EMERGING,fast-v1.2-quality-gated-2026-10-05
2026-09-08,PVT,Hàng & Dịch vụ Công nghiệp,FAST BREAKOUT,FAST BREAKOUT,78.85389837146576,21.3,0.06572769953051649,22.700000000000003,24.100000000000005,87.12103174603175,94.68253968253968,94.88095238095238,82.69841269841271,72.22222222222223,24.78169841269841,0.05759682224428997,0.054455445544554504,1.4574331218668204,0.015156562060164136,0.032863849765258225,LEADER,fast-v1.2-quality-gated-2026-10-05
2026-09-08,PVP,Hàng & Dịch vụ Công nghiệp,FAST BREAKOUT,FAST BREAKOUT,77.3004474409001,18.03,0.06322795341098175,19.17,20.310000000000002,86.375,91.90476190476193,92.69841269841271,84.12698412698411,72.22222222222223,31.476294903926487,0.05091364788855546,0.03859447004608296,3.190277881682086,0.03004980024782819,0.026816417082640043,LEADER,fast-v1.2-quality-gated-2026-10-05
2026-09-08,DPM,Hóa chất,PULLBACK RECLAIM,PULLBACK RECLAIM,73.39623181976454,22.85,0.06126914660831517,24.25,25.650000000000006,76.99503968253968,83.53174603174604,84.16666666666666,70.35714285714286,83.05555555555556,38.32348412698413,0.031137184115523464,0.03628117913832196,1.2641957829802295,0.08722041648404916,0.02352297592997811,EMERGING,fast-v1.2-quality-gated-2026-10-05
2026-09-08,DCM,Hóa chất,PULLBACK RECLAIM,PULLBACK RECLAIM,70.93369549360864,32.75,0.07480916030534346,35.199999999999996,37.65,74.31349206349206,86.94444444444447,94.24603174603175,64.24603174603175,83.05555555555556,44.38993650793651,0.044407239097504325,0.056451612903225756,2.042753864051853,0.2393857373729437,0.02419847328244275,EMERGING,fast-v1.2-quality-gated-2026-10-05
2026-09-08,DGC,Hóa chất,MOMENTUM IGNITION,MOMENTUM IGNITION,68.77555262833756,37.84,0.08,40.867200000000004,43.8944,73.89087301587301,87.14285714285717,77.77777777777777,64.24603174603175,83.05555555555556,10.763317460317452,0.042740224310397146,0.05668807595643677,1.320495760674948,0.3802761328756247,0.03012684989429174,EMERGING,fast-v1.2-quality-gated-2026-10-05
2026-09-08,NLG,Bất động sản,MOMENTUM IGNITION,MOMENTUM IGNITION,68.75758478571387,25.0,0.07599999999999996,26.900000000000002,28.799999999999997,73.61309523809523,93.41269841269843,84.60317460317461,72.65873015873015,47.77777777777778,12.96242857142856,0.05086170659941147,0.024590163934426368,1.5660731369762495,0.23740604793573428,0.02689999999999999,EMERGING,fast-v1.2-quality-gated-2026-10-05
2026-09-08,VTZ,Hóa chất,PULLBACK RECLAIM,PULLBACK RECLAIM,68.7293967907758,20.5,0.035,21.217499999999998,21.935000000000002,66.28273809523809,65.47619047619048,75.07936507936506,64.68253968253968,83.05555555555556,13.859182539682536,0.007618579503563483,-0.009661835748792202,1.363519400492066,0.013141816257187106,0.011707317073170725,EMERGING,fast-v1.2-quality-gated-2026-10-05
2026-09-08,DGW,Bán lẻ,PULLBACK RECLAIM,PULLBACK RECLAIM,64.34205262836062,41.95,0.057210965435041894,44.35000000000001,46.75000000000002,70.4186507936508,68.13492063492065,84.64285714285714,71.98412698412699,45.83333333333333,-10.446682539682527,0.0046099503083278925,-0.026682134570765625,1.1695710964918944,-0.21049302485347943,0.03557806912991658,FADING,fast-v1.2-quality-gated-2026-10-05
2026-09-09,BSR,Dầu khí,PULLBACK RECLAIM,PULLBACK RECLAIM,82.48340147371404,27.35,0.051087751371115125,28.74725,30.144499999999997,81.50198412698413,88.73015873015876,90.7936507936508,79.0873015873016,89.44444444444444,28.234126984126988,0.026073907334458912,0.02819548872180455,1.6255306013793047,-0.007607904563618706,0.03405850091407675,EMERGING,fast-v1.2-quality-gated-2026-10-05
2026-09-09,PVT,Hàng & Dịch vụ Công nghiệp,MOMENTUM IGNITION,MOMENTUM IGNITION,79.82584852088391,21.0,0.05238095238095242,22.1,23.200000000000003,83.24404761904762,93.33333333333336,92.81746031746032,80.75396825396825,58.888888888888886,23.045634920634924,0.03588605253422128,0.03960396039603964,1.4873237753500486,0.029915703094747836,0.03392857142857145,EMERGING,fast-v1.2-quality-gated-2026-10-05
2026-09-09,SBT,Thực phẩm và đồ uống,PULLBACK RECLAIM,PULLBACK RECLAIM,78.99770197601133,23.0,0.035,23.805,24.610000000000003,79.08928571428571,85.63492063492065,80.27777777777779,82.18253968253968,59.166666666666664,10.88690476190476,0.0005437737901032857,0.006564551422319376,1.0635633857848186,-0.11207228257179358,0.02108695652173912,EMERGING,fast-v1.2-quality-gated-2026-10-05
2026-09-09,OIL,Dầu khí,PULLBACK RECLAIM,PULLBACK RECLAIM,76.50157506918522,13.9,0.056834532374100744,14.69,15.48,76.65873015873017,84.92063492063494,87.61904761904762,70.15873015873017,89.44444444444444,30.376984126984134,0.03735214000522413,0.03731343283582089,3.279583398399044,0.05816302309304089,0.0337410071942446,EMERGING,fast-v1.2-quality-gated-2026-10-05
2026-09-09,DHC,Tài nguyên Cơ bản,PULLBACK RECLAIM,PULLBACK RECLAIM,75.85759096018272,36.3,0.04349173553719007,37.87875,39.457499999999996,80.01984126984127,75.03968253968256,88.4126984126984,81.66666666666667,76.38888888888887,6.446428571428569,0.014037293107060478,-0.016260162601626105,1.846225997238217,-0.11358337709535049,0.02899449035812671,NEUTRAL,fast-v1.2-quality-gated-2026-10-05
2026-09-09,PHR,Hóa chất,MOMENTUM IGNITION,MOMENTUM IGNITION,73.48154443830093,33.34,0.035,34.5069,35.67380000000001,72.77380952380952,75.83333333333336,78.13492063492063,71.26984126984128,81.94444444444444,13.837301587301582,0.012758201701093652,-0.005073112503730104,1.060728640957481,0.08873937541103383,0.022090581883623266,EMERGING,fast-v1.2-quality-gated-2026-10-05
2026-09-09,PVP,Hàng & Dịch vụ Công nghiệp,MOMENTUM IGNITION,MOMENTUM IGNITION,72.21182647823215,18.03,0.07376594564614536,19.36,20.69,80.69642857142858,85.35714285714288,79.32539682539682,84.60317460317461,58.888888888888886,36.09676784199686,0.04485396383866491,0.03561171740379088,1.0705341212289863,0.05499764126954659,0.026844148641153635,EMERGING,fast-v1.2-quality-gated-2026-10-05
2026-09-09,DPM,Hóa chất,MOMENTUM IGNITION,MOMENTUM IGNITION,71.21642150548253,22.8,0.04385964912280704,23.799999999999997,24.8,74.50992063492063,79.04761904761907,77.3015873015873,71.26984126984127,81.94444444444444,40.12896825396825,0.026680175616345947,0.036363636363636376,1.101750124595808,0.08408785681933026,0.02269736842105262,EMERGING,fast-v1.2-quality-gated-2026-10-05
2026-09-10,PVP,Hàng & Dịch vụ Công nghiệp,MOMENTUM IGNITION,MOMENTUM IGNITION,76.91406720207294,18.12,0.07836644591611486,19.540000000000003,20.960000000000004,84.56150793650792,91.19047619047622,94.12698412698413,83.96825396825396,58.61111111111111,35.117911668484176,0.045465035771982576,0.037800687285223455,2.6082417336574744,0.07126253104630004,0.027649006622516556,EMERGING,fast-v1.2-quality-gated-2026-10-05
2026-09-10,DGW,Bán lẻ,PULLBACK RECLAIM,PULLBACK RECLAIM,74.97959694273636,44.75,0.08,48.330000000000005,51.91,87.13690476190477,92.65873015873018,96.66666666666667,79.92063492063492,71.11111111111111,14.600015873015892,0.06288225164776451,0.09413202933985332,2.746260331764828,-0.004425389720228656,0.034581005586592196,LEADER,fast-v1.2-quality-gated-2026-10-05
2026-09-10,BSR,Dầu khí,PULLBACK RECLAIM,PULLBACK RECLAIM,72.58906777592217,27.1,0.04967712177121768,28.446250000000003,29.792499999999997,75.1984126984127,75.35714285714288,72.34126984126985,74.8015873015873,86.94444444444443,7.334634920634912,0.015742128935532396,0.0074349442379182396,0.9061955538819336,-0.007459926811681283,0.03311808118081178,NEUTRAL,fast-v1.2-quality-gated-2026-10-05
2026-09-10,DHC,Tài nguyên Cơ bản,PULLBACK RECLAIM,PULLBACK RECLAIM,72.33475928591189,36.6,0.04374999999999998,38.20125,39.802499999999995,77.32142857142857,77.53968253968254,73.33333333333333,83.96825396825396,60.55555555555555,11.44142857142856,0.020351268469473105,0.009655172413793212,0.8324012173867804,-0.0945835078335604,0.029166666666666657,EMERGING,fast-v1.2-quality-gated-2026-10-05
2026-09-10,ABB,Ngân hàng,PULLBACK RECLAIM,PULLBACK RECLAIM,66.72464325034883,17.3,0.035,17.9055,18.511000000000003,68.91468253968253,71.82539682539682,56.34920634920634,77.26190476190476,57.49999999999999,18.823571428571412,0.014960398943971942,0.005813953488372103,0.9419315760670318,-0.0019854449882850955,0.010982658959537534,EMERGING,fast-v1.2-quality-gated-2026-10-05
2026-09-10,STB,Ngân hàng,MOMENTUM IGNITION,MOMENTUM IGNITION,66.46097375510395,78.0,0.05769230769230771,82.5,87.0,75.94246031746032,83.01587301587303,72.85714285714285,83.01587301587301,57.49999999999999,15.365349206349208,0.04062437462477497,0.046979865771812124,0.9749981539370369,0.23193239871739757,0.0225641025641026,EMERGING,fast-v1.2-quality-gated-2026-10-05
2026-09-11,BSR,Dầu khí,PULLBACK RECLAIM,PULLBACK RECLAIM,83.38753466570803,27.55,0.0490018148820327,28.9,30.250000000000004,86.06349206349205,90.00000000000003,88.65079365079366,81.30952380952381,93.88888888888889,25.95282898105478,0.029714072136049374,0.029906542056074903,1.7461994902073485,0.018007801750283048,0.03257713248638836,LEADER,fast-v1.2-quality-gated-2026-10-05
2026-09-11,PVS,Dầu khí,MOMENTUM IGNITION,MOMENTUM IGNITION,81.88760831901281,32.0,0.08,34.56,37.12,84.03968253968253,87.42063492063494,84.28571428571428,75.67460317460318,93.88888888888889,14.076196876600093,0.02549311797977838,-0.007751937984496138,1.8474132122089395,0.042472455943959764,0.04181250000000001,EMERGING,fast-v1.2-quality-gated-2026-10-05
2026-09-11,OIL,Dầu khí,MOMENTUM IGNITION,MOMENTUM IGNITION,81.71995639116268,13.8,0.05271739130434783,14.527500000000002,15.255,82.32936507936509,86.11111111111111,90.79365079365078,69.96031746031746,93.88888888888889,20.414266513056845,0.026862117717092016,0.007299270072992803,2.247447527655096,0.04791494563654404,0.035144927536231885,EMERGING,fast-v1.2-quality-gated-2026-10-05
2026-09-11,DGW,Bán lẻ,MOMENTUM IGNITION,MOMENTUM IGNITION,75.52883354065861,44.4,0.08,47.952,51.504,83.80555555555557,90.83333333333334,90.71428571428572,80.63492063492063,63.611111111111114,22.218413978494638,0.05051461019756287,0.10861423220973787,1.9365511872323862,0.08725189159419833,0.03682432432432435,EMERGING,fast-v1.2-quality-gated-2026-10-05
2026-09-14,PVP,Hàng & Dịch vụ Công nghiệp,MOMENTUM IGNITION,MOMENTUM IGNITION,78.28399492168708,18.08,0.07632743362831851,19.459999999999997,20.839999999999996,85.88035870516185,90.51181102362207,90.74803149606299,86.25984251968504,70.27777777777779,42.05994526846935,0.03815566592977504,0.06478209658421652,1.8538737167603374,0.06186899260224593,0.02823561946902656,LEADER,fast-v1.2-quality-gated-2026-10-05
2026-09-14,BSR,Dầu khí,FAST BREAKOUT,FAST BREAKOUT,77.25838804293915,28.5,0.08,30.78,33.059999999999995,88.65879265091864,90.4724409448819,86.33858267716536,83.62204724409449,95.83333333333333,22.9943482064742,0.06125488735803386,0.08365019011406849,1.5996790563947916,0.08987818766628103,0.03236842105263155,LEADER,fast-v1.2-quality-gated-2026-10-05
2026-09-14,PVS,Dầu khí,PULLBACK RECLAIM,PULLBACK RECLAIM,77.0348170093393,32.6,0.08,35.208000000000006,37.816,82.88320209973753,84.21259842519687,70.66929133858268,78.18897637795274,95.83333333333333,15.49075765529308,0.03983923957768498,0.048906048906049104,1.1888954190535854,0.04533046585218714,0.04707055214723927,EMERGING,fast-v1.2-quality-gated-2026-10-05
2026-09-14,OIL,Dầu khí,MOMENTUM IGNITION,MOMENTUM IGNITION,76.93063247266893,13.9,0.05347122302158273,14.643250000000002,15.3865,80.80446194225722,80.78740157480317,75.74803149606299,73.77952755905513,95.83333333333333,23.15801749781278,0.031654729654506886,0.029629629629629672,1.2253197932925806,0.04699988299697133,0.035647482014388485,EMERGING,fast-v1.2-quality-gated-2026-10-05
2026-09-14,PVD,Dầu khí,PULLBACK RECLAIM,PULLBACK RECLAIM,75.99315843146057,18.95,0.047295514511873346,19.84625,20.742499999999996,77.4265091863517,79.0944881889764,78.18897637795276,68.58267716535434,95.83333333333333,11.174064741907245,0.010397227406025111,0.024324324324324298,1.4048163012537496,-0.026204735151224234,0.031530343007915566,EMERGING,fast-v1.2-quality-gated-2026-10-05
2026-09-14,DHC,Tài nguyên Cơ bản,PULLBACK RECLAIM,PULLBACK RECLAIM,71.0147991453158,36.5,0.04202054794520546,38.03375,39.5675,75.67279090113735,80.07874015748033,68.14960629921259,86.14173228346456,52.22222222222222,8.075679790026243,0.014522965742477911,0.020979020979021046,1.1874662066479569,-0.11974271416878335,0.028013698630136974,NEUTRAL,fast-v1.2-quality-gated-2026-10-05
2026-09-15,PVS,Dầu khí,FAST BREAKOUT,FAST BREAKOUT,79.70350346540953,34.2,0.08,36.93600000000001,39.672,89.52380952380953,93.80952380952382,92.1825396825397,80.51587301587301,97.5,12.873015873015888,0.082192864488569,0.054904380012338105,2.376955388499085,0.14117941412555002,0.047280701754385965,LEADER,fast-v1.2-quality-gated-2026-10-05
2026-09-15,PVD,Dầu khí,PULLBACK RECLAIM,PULLBACK RECLAIM,77.57387840391719,19.65,0.07379134860050884,21.099999999999998,22.549999999999997,83.5595238095238,89.96031746031748,95.03968253968253,71.7063492063492,97.5,12.093253968253961,0.04396334174525163,0.0536193029490617,2.744438106103822,0.032094961471489825,0.032188295165394405,EMERGING,fast-v1.2-quality-gated-2026-10-05
2026-09-15,DHC,Tài nguyên Cơ bản,PULLBACK RECLAIM,PULLBACK RECLAIM,76.06852764642542,37.1,0.052560646900269625,39.05,41.00000000000001,79.94841269841271,86.46825396825399,87.38095238095238,86.07142857142857,55.55555555555556,16.28373015873018,0.028769497400346733,0.024861878453038555,2.320417830681404,-0.06974566684837402,0.026886792452830172,EMERGING,fast-v1.2-quality-gated-2026-10-05
2026-09-15,AAA,Hóa chất,PULLBACK RECLAIM,PULLBACK RECLAIM,69.95893553401145,7.44,0.05645161290322587,7.860000000000002,8.280000000000001,78.91071428571429,80.55555555555556,85.55555555555556,76.70634920634922,75.83333333333333,41.63047564563583,0.043624631785664114,0.03621169916434552,1.649956726300081,0.03078993290380854,0.022110215053763444,EMERGING,fast-v1.2-quality-gated-2026-10-05
2026-09-15,ABB,Ngân hàng,FAST BREAKOUT,FAST BREAKOUT,69.78432195770075,17.4,0.035,18.008999999999997,18.618,74.54067460317461,77.59920634920637,58.492063492063494,82.26190476190476,69.44444444444444,13.417658730158742,0.01635514018691575,0.011627906976744207,1.242509586069905,0.004802285865782935,0.009195402298850554,EMERGING,fast-v1.2-quality-gated-2026-10-05
2026-09-15,DPM,Hóa chất,PULLBACK RECLAIM,PULLBACK RECLAIM,66.16170213458808,23.05,0.05422993492407813,24.3,25.55,76.52579365079366,77.77777777777779,80.47619047619047,69.60317460317461,75.83333333333333,-0.46924603174602453,0.03548966756513927,0.008752735229759168,1.6371950787875356,0.023577405943265572,0.02527114967462038,NEUTRAL,fast-v1.2-quality-gated-2026-10-05
2026-09-15,VTZ,Hóa chất,PULLBACK RECLAIM,PULLBACK RECLAIM,65.2945972241708,20.4,0.035,21.113999999999997,21.828,67.21626984126983,65.00000000000001,61.388888888888886,71.7063492063492,75.83333333333333,0.9335317460317469,0.001718634912840633,-0.00487804878048792,1.0020677166121326,-0.02077595786615689,0.012500000000000004,NEUTRAL,fast-v1.2-quality-gated-2026-10-05
2026-09-16,DRI,Hóa chất,PULLBACK RECLAIM,PULLBACK RECLAIM,79.4200199601636,14.9,0.06040268456375841,15.8,16.700000000000003,84.23710317460316,87.59920634920638,95.87301587301587,86.30952380952382,75.00000000000001,22.080179459843627,0.05040535777229471,0.0,3.255679152060504,0.021535038711401056,0.029530201342281893,EMERGING,fast-v1.2-quality-gated-2026-10-05
2026-09-16,PVD,Dầu khí,MOMENTUM IGNITION,MOMENTUM IGNITION,78.14830935031586,19.7,0.07614213197969544,21.200000000000003,22.7,82.6845238095238,90.19841269841271,94.80158730158729,73.80952380952381,94.72222222222223,13.67063492063491,0.04177683765203599,0.05630026809651478,2.2259701035384523,0.06947215589391079,0.03236040609137055,EMERGING,fast-v1.2-quality-gated-2026-10-05
2026-09-16,PVS,Dầu khí,MOMENTUM IGNITION,MOMENTUM IGNITION,77.98762295080779,34.3,0.08,37.044,39.788,87.48412698412697,91.98412698412699,86.66666666666666,81.30952380952381,94.72222222222223,12.49206349206348,0.07590966122961107,0.07187499999999991,1.5604265950723812,0.19424044861201883,0.048046647230320705,LEADER,fast-v1.2-quality-gated-2026-10-05
2026-09-16,PLX,Dầu khí,FAST BREAKOUT,FAST BREAKOUT,75.04539674510967,38.2,0.08,41.25600000000001,44.312,78.62103174603175,86.66666666666669,92.73809523809524,64.68253968253967,94.72222222222223,16.714285714285708,0.04129753305165629,0.06703910614525155,2.3001615667074664,0.03233331030084713,0.03246073298429318,EMERGING,fast-v1.2-quality-gated-2026-10-05
2026-09-16,HAH,Hàng & Dịch vụ Công nghiệp,PULLBACK RECLAIM,PULLBACK RECLAIM,71.5448575676218,47.45,0.08,51.24600000000001,55.042,68.41071428571429,76.66666666666667,78.73015873015873,60.51587301587302,70.55555555555556,17.34722222222222,0.007484473698179395,0.018240343347639465,1.381633569707776,-0.062269334605868205,0.024920969441517414,EMERGING,fast-v1.2-quality-gated-2026-10-05
2026-09-16,FPT,Công nghệ Thông tin,PULLBACK RECLAIM,PULLBACK RECLAIM,68.24481231797981,73.8,0.035,76.383,78.96600000000001,71.90873015873017,83.84920634920637,76.15079365079366,74.84126984126985,45.55555555555556,18.204365079365083,0.027354353727291558,0.01933701657458542,1.398384695212742,0.04733832702111829,0.01903794037940378,EMERGING,fast-v1.2-quality-gated-2026-10-05
2026-09-17,OIL,Dầu khí,MOMENTUM IGNITION,MOMENTUM IGNITION,80.8183017858874,14.5,0.08,15.66,16.82,87.13541666666667,92.69531250000001,97.03125,75.8984375,90.83333333333333,15.52827380952381,0.055159365448988584,0.050724637681159424,2.5332542843614343,0.12417212956757567,0.04075862068965517,LEADER,fast-v1.2-quality-gated-2026-10-05
2026-09-17,PVS,Dầu khí,MOMENTUM IGNITION,MOMENTUM IGNITION,80.26878729163553,33.3,0.08,35.964,38.62799999999999,83.97721354166667,90.23437500000001,85.46875,78.8671875,90.83333333333333,9.83237227182542,0.0371408549404344,0.032558139534883734,1.5640378633129064,0.1470591570969031,0.04780780780780781,NEUTRAL,fast-v1.2-quality-gated-2026-10-05
2026-09-17,PVD,Dầu khí,MOMENTUM IGNITION,MOMENTUM IGNITION,77.72188151907393,19.25,0.054545454545454564,20.300000000000004,21.35,76.97135416666667,86.44531250000001,90.5078125,67.890625,90.83333333333333,9.223338293650798,0.015027682573161005,0.04054054054054057,1.7108016159706918,0.05970898397401811,0.0335064935064935,NEUTRAL,fast-v1.2-quality-gated-2026-10-05
2026-09-17,PLX,Dầu khí,MOMENTUM IGNITION,MOMENTUM IGNITION,71.67404714575956,37.8,0.07804232804232791,40.74999999999999,43.69999999999999,73.48893229166667,78.75000000000001,75.390625,64.1796875,90.83333333333333,19.56036086309524,0.02717391304347805,0.06478873239436611,1.2427126348624369,0.09780379267161649,0.03306878306878305,EMERGING,fast-v1.2-quality-gated-2026-10-05
2026-09-17,GAS,"Điện, nước & xăng dầu khí đốt",MOMENTUM IGNITION,MOMENTUM IGNITION,69.49076952641212,88.6,0.0699774266365687,94.79999999999998,100.99999999999997,75.89800347222223,84.64843750000001,77.5390625,77.65625,46.111111111111114,13.106336805555557,0.04308923946315035,0.047281323877068626,1.3645579305983182,0.25563788591004455,0.0378668171557562,EMERGING,fast-v1.2-quality-gated-2026-10-05
2026-09-17,BVH,Bảo hiểm,MOMENTUM IGNITION,MOMENTUM IGNITION,69.47008491567561,69.4,0.08,74.95200000000001,80.504,79.17274305555556,81.60156250000001,86.2890625,77.9296875,87.77777777777777,44.10329861111111,0.05841085862437079,0.10158730158730167,1.7959371328349822,0.5926699363607244,0.029394812680115286,EMERGING,fast-v1.2-quality-gated-2026-10-05
2026-09-17,HDB,Ngân hàng,PULLBACK RECLAIM,PULLBACK RECLAIM,68.55668851161866,27.6,0.03985507246376818,28.7,29.800000000000004,73.95290798611111,72.50000000000001,75.5859375,74.8046875,73.05555555555556,2.8179873511904816,0.012844036697247763,0.005464480874316946,1.4604263951562317,-0.03993243655930792,0.019836956521739134,NEUTRAL,fast-v1.2-quality-gated-2026-10-05
2026-09-17,HAH,Hàng & Dịch vụ Công nghiệp,PULLBACK RECLAIM,PULLBACK RECLAIM,68.09773706995946,47.9,0.08,51.732,55.56399999999999,66.94791666666667,77.50000000000001,80.1171875,62.3828125,53.33333333333333,14.186011904761905,0.014776759705523945,0.01698513800424628,1.4513182613202047,0.03323456303240051,0.025052192066805878,EMERGING,fast-v1.2-quality-gated-2026-10-05
2026-09-18,DCL,Y tế,MOMENTUM IGNITION,MOMENTUM IGNITION,79.48677416767393,40.5,0.08,43.74,46.98,84.78769841269842,88.92857142857144,91.94444444444444,72.8968253968254,98.33333333333333,27.625,0.03952772073921973,0.05606258148631027,2.483906060024317,0.33915852653822565,0.030740740740740756,EMERGING,fast-v1.2-quality-gated-2026-10-05
2026-09-18,MCH,Thực phẩm và đồ uống,MOMENTUM IGNITION,MOMENTUM IGNITION,75.35542240665954,143.0,0.035,148.005,153.01000000000002,77.64484126984127,78.92857142857144,95.39682539682539,79.04761904761905,48.888888888888886,11.232142857142861,0.00874717832957117,0.008462623413258097,4.191479434071192,0.04368052580757298,0.014405594405594422,EMERGING,fast-v1.2-quality-gated-2026-10-05
2026-09-18,VCB,Ngân hàng,PULLBACK RECLAIM,PULLBACK RECLAIM,71.71364542372811,59.9,0.035,61.99649999999999,64.093,72.0515873015873,78.29365079365081,84.28571428571428,70.5952380952381,72.22222222222223,15.742063492063501,0.014996187409980433,0.029209621993127044,2.003267057811458,0.09352383539925524,0.01786310517529214,EMERGING,fast-v1.2-quality-gated-2026-10-05
2026-09-18,HDB,Ngân hàng,PULLBACK RECLAIM,PULLBACK RECLAIM,69.77235846377909,27.5,0.036363636363636376,28.5,29.5,72.71626984126983,73.49206349206351,79.8015873015873,72.57936507936508,72.22222222222223,7.095238095238088,0.008156905874805442,0.026119402985074647,2.34248002652201,-0.022747113705002986,0.01981818181818183,NEUTRAL,fast-v1.2-quality-gated-2026-10-05
2026-09-18,ABB,Ngân hàng,FAST BREAKOUT,FAST BREAKOUT,66.7248661599968,17.9,0.04469273743016744,18.7,19.499999999999993,79.95436507936508,84.56349206349208,73.4126984126984,84.46428571428571,72.22222222222223,7.206349206349202,0.039187227866472885,0.0406976744186045,2.4519499293622893,0.03948270491225439,0.010614525139664778,NEUTRAL,fast-v1.2-quality-gated-2026-10-05
2026-09-18,VJC,Du lịch và Giải trí,FAST BREAKOUT,FAST BREAKOUT,65.5691878079419,129.0,0.050387596899224785,135.5,142.0,69.12698412698413,79.64285714285715,77.46031746031746,66.03174603174602,74.72222222222223,15.132936507936506,0.031092638478139367,0.034482758620689724,1.646057215761323,0.5138504554252009,0.01573643410852714,EMERGING,fast-v1.2-quality-gated-2026-10-05
2026-09-18,STB,Ngân hàng,PULLBACK RECLAIM,PULLBACK RECLAIM,61.36464933409252,78.2,0.04731457800511507,81.89999999999999,85.6,74.56944444444444,68.33333333333336,71.82539682539684,81.88492063492063,72.22222222222223,-6.023809523809533,0.03179839028895626,0.011642949547218784,1.4216243455863826,0.018211105290145246,0.022186700767263465,NEUTRAL,fast-v1.2-quality-gated-2026-10-05
2026-09-21,DRI,Hóa chất,MOMENTUM IGNITION,MOMENTUM IGNITION,76.37672237018288,14.9,0.06040268456375841,15.8,16.700000000000003,82.44399999999999,87.88000000000002,89.12,86.6,67.5,15.265115288220542,0.03616133518776077,0.04929577464788748,1.345758405259918,0.020898435576598096,0.028859060402684586,EMERGING,fast-v1.2-quality-gated-2026-10-05
2026-09-21,VPB,Ngân hàng,PULLBACK RECLAIM,PULLBACK RECLAIM,74.1744379506797,28.45,0.056239015817223126,30.05,31.649999999999995,86.24933333333333,93.00000000000001,93.44,84.72000000000001,71.66666666666666,7.226586176727906,0.0475927460185952,0.045955882352941124,1.5385454373196874,0.06692210852422592,0.02530755711775044,LEADER,fast-v1.2-quality-gated-2026-10-05
2026-09-21,ACB,Ngân hàng,PULLBACK RECLAIM,PULLBACK RECLAIM,70.22843779833165,22.4,0.035,23.183999999999997,23.968,68.17333333333333,72.08000000000001,69.88,71.32000000000001,71.66666666666666,13.59546806649169,0.0031347962382444194,0.015873015873015817,1.2360650348688602,0.010229828315095519,0.017522321428571446,EMERGING,fast-v1.2-quality-gated-2026-10-05
2026-09-21,HDB,Ngân hàng,PULLBACK RECLAIM,PULLBACK RECLAIM,70.12824330373303,27.6,0.03985507246376818,28.7,29.800000000000004,74.84333333333333,74.88000000000002,74.52,76.4,71.66666666666666,9.182790901137366,0.010156464452374392,0.029850746268656803,1.024944833155731,-0.006019856969531251,0.019746376811594208,NEUTRAL,fast-v1.2-quality-gated-2026-10-05
2026-09-21,GVR,Hóa chất,PULLBACK RECLAIM,PULLBACK RECLAIM,67.59628341177711,32.2,0.07608695652173925,34.650000000000006,37.10000000000001,64.47399999999999,74.64000000000001,71.8,65.72,67.5,19.558208223971995,0.01178318931657496,0.07512520868113537,0.9577269393561841,-0.01463773580297889,0.030822981366459622,NEUTRAL,fast-v1.2-quality-gated-2026-10-05
2026-09-21,TCB,Ngân hàng,PULLBACK RECLAIM,PULLBACK RECLAIM,66.89173944645,32.25,0.041279069767441855,33.581250000000004,34.9125,68.42533333333333,67.48000000000002,70.48,67.28000000000002,71.66666666666666,3.5994365704286935,0.001086450411299067,0.012558869701726705,0.9686691797047495,-0.07171611782234472,0.027519379844961236,NEUTRAL,fast-v1.2-quality-gated-2026-10-05
2026-09-21,DCM,Hóa chất,MOMENTUM IGNITION,MOMENTUM IGNITION,63.774125661058996,33.7,0.05934718100890213,35.7,37.70000000000001,74.74600000000001,77.68000000000002,74.04,73.12,67.5,8.326271216098007,0.045528581400760215,0.03852080123266566,0.9032285849638956,0.15148099039986518,0.026557863501483696,NEUTRAL,fast-v1.2-quality-gated-2026-10-05
2026-09-22,MSN,Thực phẩm và đồ uống,FAST BREAKOUT,FAST BREAKOUT,69.01335597385855,70.3,0.07112375533428161,75.3,80.3,70.86745406824147,82.48031496062993,86.2992125984252,69.84251968503936,48.333333333333336,23.774200099987503,0.02336414586214408,0.04302670623145377,2.075091445318081,0.07805367271530447,0.0209103840682788,EMERGING,fast-v1.2-quality-gated-2026-10-05
2026-09-22,HAH,Hàng & Dịch vụ Công nghiệp,FAST BREAKOUT,FAST BREAKOUT,65.78181526837118,48.3,0.08,52.164,56.02799999999999,69.01640419947506,77.7952755905512,82.08661417322836,64.88188976377954,66.66666666666667,5.80410261217348,0.021789718637613698,0.038709677419354716,1.6731452242212967,0.12740077366198696,0.02412008281573502,NEUTRAL,fast-v1.2-quality-gated-2026-10-05
2026-09-22,REE,"Điện, nước & xăng dầu khí đốt",MOMENTUM IGNITION,MOMENTUM IGNITION,63.734388026249206,47.05,0.046758767268862855,49.249999999999986,51.44999999999999,65.87029746281715,79.4488188976378,74.29133858267716,67.1259842519685,53.888888888888886,19.132202224721908,0.028977583378895444,0.03863134657836653,1.5601161043772518,0.23416026945188698,0.014930924548352814,EMERGING,fast-v1.2-quality-gated-2026-10-05
2026-09-23,DGW,Bán lẻ,MOMENTUM IGNITION,MOMENTUM IGNITION,75.9935939665893,46.55,0.08,50.274,53.99799999999999,87.4569116360455,87.12598425196852,86.85039370078741,84.64566929133858,83.88888888888889,14.998578302712176,0.06655974338412185,0.04138702460850108,1.6085810232182205,0.10735660336096986,0.03662728249194416,LEADER,fast-v1.2-quality-gated-2026-10-05
2026-09-23,TCB,Ngân hàng,PULLBACK RECLAIM,PULLBACK RECLAIM,74.18852126618451,33.15,0.052790346907994,34.9,36.65,76.04418197725285,82.83464566929135,90.2755905511811,72.20472440944883,68.05555555555554,13.577912135982999,0.024571163653222206,0.0215716486902926,2.323160042249994,-4.027150334851015e-05,0.027526395173454003,EMERGING,fast-v1.2-quality-gated-2026-10-05
2026-09-23,HDB,Ngân hàng,PULLBACK RECLAIM,PULLBACK RECLAIM,68.73101449118919,28.0,0.0535714285714286,29.5,31.0,76.5579615048119,79.01574803149609,82.99212598425198,75.4724409448819,68.05555555555554,6.768278965129369,0.022177603358583653,0.03321033210332103,1.7950025275542534,0.030862042713197202,0.02017857142857143,NEUTRAL,fast-v1.2-quality-gated-2026-10-05
2026-09-23,HAH,Hàng & Dịch vụ Công nghiệp,FAST BREAKOUT,FAST BREAKOUT,62.274033502502434,48.95,0.08,52.86600000000001,56.782,69.5971128608924,78.30708661417323,82.48031496062993,66.85039370078741,61.66666666666667,1.186398575178103,0.03493842169247863,0.03161222339304537,1.8552078738221447,0.20303378936644473,0.023799795709908096,NEUTRAL,fast-v1.2-quality-gated-2026-10-05
2026-09-23,REE,"Điện, nước & xăng dầu khí đốt",MOMENTUM IGNITION,MOMENTUM IGNITION,61.02119607234316,47.3,0.05179704016913311,49.749999999999986,52.19999999999999,66.16447944007,79.40944881889764,71.45669291338582,68.34645669291339,54.44444444444445,14.329161979752541,0.03308943977285139,0.04415011037527594,1.283586406362979,0.26832705637114834,0.014429175475687102,EMERGING,fast-v1.2-quality-gated-2026-10-05
2026-09-24,DRI,Hóa chất,PULLBACK RECLAIM,PULLBACK RECLAIM,79.35405151847337,14.8,0.06756756756756754,15.8,16.8,83.09646267361111,80.52734375000001,90.625,81.953125,80.55555555555556,14.294379340277771,0.02422145328719738,0.0,1.797472564017293,-0.03249082540050868,0.030743243243243255,EMERGING,fast-v1.2-quality-gated-2026-10-05
2026-09-24,PVP,Hàng & Dịch vụ Công nghiệp,MOMENTUM IGNITION,MOMENTUM IGNITION,74.96877275711574,19.2,0.07343750000000004,20.61,22.02,85.6328125,90.42968750000001,89.6875,87.5,67.49999999999999,13.399739583333329,0.06297577854671266,0.05785123966942152,1.7542498083144764,0.10929964721695445,0.03531250000000003,LEADER,fast-v1.2-quality-gated-2026-10-05
2026-09-24,GVR,Hóa chất,PULLBACK RECLAIM,PULLBACK RECLAIM,74.21987257559005,32.8,0.08,35.424,38.047999999999995,75.57986111111111,82.03125000000001,85.0,69.140625,80.55555555555556,15.215277777777779,0.0283743533469194,0.01863354037267073,2.312902277674361,0.06053034029026916,0.030106707317073184,EMERGING,fast-v1.2-quality-gated-2026-10-05
2026-09-24,AAA,Hóa chất,MOMENTUM IGNITION,MOMENTUM IGNITION,71.0557901144252,7.53,0.050464807436918946,7.91,8.29,80.16579861111111,79.76562500000001,75.78125,80.625,80.55555555555556,9.858832465277771,0.03434065934065944,0.03150684931506853,1.1419416416689392,0.029685495357057556,0.026759628154050478,NEUTRAL,fast-v1.2-quality-gated-2026-10-05
2026-09-24,BVH,Bảo hiểm,MOMENTUM IGNITION,MOMENTUM IGNITION,69.33588449668814,69.2,0.08,74.736,80.27199999999999,79.67274305555556,75.93750000000001,76.171875,82.03125,90.27777777777779,0.5,0.04271830030889756,-0.0028818443804035088,1.1893334933109365,0.27633087106194143,0.029407514450867065,NEUTRAL,fast-v1.2-quality-gated-2026-10-05
2026-09-24,VEA,Hàng & Dịch vụ Công nghiệp,PULLBACK RECLAIM,PULLBACK RECLAIM,66.92993580564371,36.9,0.035230352303523005,38.2,39.49999999999999,74.0546875,69.57031250000001,70.9375,78.75,67.49999999999999,9.491047367330012,0.021311929144755215,-0.002702702702702786,1.1058587594900444,0.05807171336802208,0.01260162601626015,NEUTRAL,fast-v1.2-quality-gated-2026-10-05
2026-09-24,MSN,Thực phẩm và đồ uống,PULLBACK RECLAIM,PULLBACK RECLAIM,66.82758750941696,70.8,0.07768361581920902,76.29999999999998,81.8,70.50173611111111,81.60156250000001,84.84375,71.2109375,50.55555555555556,19.51041666666667,0.030042918454935563,0.04579025110782853,2.1634739100181513,0.2576028319168051,0.020550847457627128,EMERGING,fast-v1.2-quality-gated-2026-10-05
2026-09-24,DCM,Hóa chất,MOMENTUM IGNITION,MOMENTUM IGNITION,66.50835491704449,34.0,0.061764705882352944,36.1,38.2,76.39431423611111,78.08593750000001,67.0703125,74.0234375,80.55555555555556,11.818793402777771,0.041427368098629236,0.03658536585365857,0.9960495553943653,0.1685717085242613,0.026985294117647066,EMERGING,fast-v1.2-quality-gated-2026-10-05
2026-10-01,VEA,Hàng & Dịch vụ Công nghiệp,MOMENTUM IGNITION,MOMENTUM IGNITION,74.81633877298205,37.6,0.05319148936170215,39.60000000000001,41.6,83.12790697674419,82.67441860465118,91.62790697674419,80.58139534883722,79.16666666666667,20.204606810906704,0.03738446682301011,0.016216216216216273,2.3054500196515133,0.0883503707292218,0.013430851063829777,EMERGING,fast-v1.2-quality-gated-2026-10-05
2026-10-01,PVS,Dầu khí,PULLBACK RECLAIM,PULLBACK RECLAIM,72.40822483479468,34.0,0.08,36.72,39.44,78.54909560723513,81.6279069767442,83.83720930232558,73.29457364341086,68.88888888888889,4.406238464377978,0.03548043246535726,0.021021021021021102,1.4106391183235851,-0.045981337455154314,0.04710294117647058,NEUTRAL,fast-v1.2-quality-gated-2026-10-05
2026-10-01,GVR,Hóa chất,PULLBACK RECLAIM,PULLBACK RECLAIM,68.71954225113628,32.75,0.08,35.370000000000005,37.989999999999995,69.33527131782945,76.08527131782948,75.54263565891472,67.82945736434107,72.5,14.5813030638612,0.026404450364334142,0.026645768025078453,1.3236121026794458,0.0789744221649118,0.030763358778625977,EMERGING,fast-v1.2-quality-gated-2026-10-05
2026-10-01,TCB,Ngân hàng,PULLBACK RECLAIM,PULLBACK RECLAIM,65.00787925669972,33.0,0.048484848484848575,34.6,36.2,68.00064599483204,77.98449612403103,70.03875968992247,72.32558139534883,45.55555555555556,7.312153931339978,0.014916192526526206,0.044303797468354444,0.9927865596868998,0.03665968647605805,0.027500000000000004,NEUTRAL,fast-v1.2-quality-gated-2026-10-05
2026-10-01,HDB,Ngân hàng,PULLBACK RECLAIM,PULLBACK RECLAIM,60.98152804529285,28.0,0.0535714285714286,29.5,31.0,70.13049095607235,74.03100775193799,70.27131782945736,75.96899224806201,45.55555555555556,-2.5857788851974846,0.019850664724093914,0.018181818181818077,1.1216347091021044,0.03996943960203497,0.020000000000000007,NEUTRAL,fast-v1.2-quality-gated-2026-10-05
2026-10-02,DPR,Hóa chất,PULLBACK RECLAIM,PULLBACK RECLAIM,78.364236510289,38.15,0.035,39.48524999999999,40.8205,75.7390180878553,85.07751937984497,89.88372093023256,74.68992248062015,65.55555555555554,47.80251015134736,0.009860366620342731,0.0173333333333332,2.526432943795214,0.04996220352533537,0.0196592398427261,EMERGING,fast-v1.2-quality-gated-2026-10-05
2026-10-02,MSN,Thực phẩm và đồ uống,MOMENTUM IGNITION,MOMENTUM IGNITION,68.85758427927887,70.7,0.07637906647807646,76.10000000000002,81.50000000000001,73.3391472868217,81.82170542635662,85.1937984496124,72.55813953488372,62.5,13.97070284237725,0.027093774969128903,0.04431314623338256,1.907957144499269,0.318910926993048,0.021782178217821788,EMERGING,fast-v1.2-quality-gated-2026-10-05
2026-10-02,GVR,Hóa chất,PULLBACK RECLAIM,PULLBACK RECLAIM,61.17914940414514,32.75,0.08,35.370000000000005,37.989999999999995,65.45607235142118,71.78294573643412,65.31007751937985,68.3720930232558,65.55555555555554,0.9820723514211949,0.027450980392156765,0.017080745341614856,1.26640198293448,0.08371568540628704,0.029923664122137428,NEUTRAL,fast-v1.2-quality-gated-2026-10-05
2026-10-05,DGW,Bán lẻ,FAST BREAKOUT,FAST BREAKOUT,79.556595079956,47.4,0.06962025316455689,50.699999999999996,53.99999999999999,89.43700787401575,91.65354330708662,93.34645669291339,85.27559055118111,90.0,16.80271216097988,0.06943426025156518,0.0509977827050998,1.7060270516992677,0.037939403852632614,0.037974683544303826,LEADER,fast-v1.2-quality-gated-2026-10-05
2026-10-05,VEA,Hàng & Dịch vụ Công nghiệp,MOMENTUM IGNITION,MOMENTUM IGNITION,75.48698146249461,37.5,0.04799999999999993,39.300000000000004,41.099999999999994,83.32108486439196,84.4488188976378,90.78740157480317,81.5748031496063,83.88888888888889,9.4280188660628,0.028383381324557977,0.016260162601626105,1.6569660895189784,0.08583367546997811,0.015066666666666671,NEUTRAL,fast-v1.2-quality-gated-2026-10-05
2026-10-05,HAG,Thực phẩm và đồ uống,MOMENTUM IGNITION,MOMENTUM IGNITION,63.659577389474094,14.55,0.06872852233676974,15.55,16.55,70.43372703412075,77.12598425196853,76.57480314960631,65.55118110236221,59.16666666666667,27.609580052493456,0.03338068181818166,0.03928571428571437,1.1348385258545308,0.09595572520895392,0.018900343642611665,EMERGING,fast-v1.2-quality-gated-2026-10-05
2026-10-06,HAG,Thực phẩm và đồ uống,MOMENTUM IGNITION,MOMENTUM IGNITION,64.23418752697127,14.55,0.05154639175257736,15.3,16.05,70.08183760683761,78.26923076923079,78.73076923076921,65.3076923076923,56.111111111111114,20.863114947170068,0.032097889696754756,0.03928571428571437,1.831756141729838,0.08992534629769838,0.019759450171821288,EMERGING,fast-v1.2-quality-gated-2026-10-05
2026-10-06,PVS,Dầu khí,PULLBACK RECLAIM,PULLBACK RECLAIM,62.140634262759164,33.6,0.07178571428571426,36.012,38.424,67.90470085470085,68.61538461538463,64.23076923076923,69.92307692307692,53.88888888888889,-0.17644525203581907,0.020656136087484844,0.012048192771084265,1.2885375054865074,-0.07084025442214359,0.04785714285714284,NEUTRAL,fast-v1.2-quality-gated-2026-10-05
2026-10-07,VOS,Hàng & Dịch vụ Công nghiệp,PULLBACK RECLAIM,PULLBACK RECLAIM,78.0521737621249,12.3,0.08,13.284000000000002,14.268,80.37404580152672,86.9465648854962,97.21374045801527,70.87786259541984,82.50000000000001,39.91633435874065,0.05375883486828004,0.025000000000000133,3.0842748877060373,-0.022328154134100664,0.03963414634146341,EMERGING,fast-v1.2-quality-gated-2026-10-05
2026-10-07,TLG,Hàng cá nhân & Gia dụng,PULLBACK RECLAIM,PULLBACK RECLAIM,67.83799408828112,54.8,0.041970802919708006,57.1,59.39999999999999,77.52735368956743,76.18320610687024,79.38931297709925,78.74045801526718,73.33333333333334,8.452483897900763,0.037436698376638544,0.02814258911819878,1.3182353711218746,0.05032603496087906,0.025593065693430634,NEUTRAL,fast-v1.2-quality-gated-2026-10-05
2026-10-07,PVS,Dầu khí,PULLBACK RECLAIM,PULLBACK RECLAIM,65.01895605315548,33.8,0.06980769230769228,36.159499999999994,38.51899999999999,70.31594571670908,72.55725190839696,67.17557251908397,69.84732824427482,53.88888888888889,8.763428355597966,0.02470820069728652,0.04643962848297223,0.8473076622492157,-0.05460997212645624,0.04653846153846152,NEUTRAL,fast-v1.2-quality-gated-2026-10-05
2026-10-07,GVR,Hóa chất,FAST BREAKOUT,FAST BREAKOUT,59.94669169861493,33.85,0.06056129985228953,35.9,37.95,73.82654792196777,78.32061068702292,70.57251908396947,74.23664122137404,65.27777777777777,-1.7533131891433413,0.058060482925685664,0.032012195121951414,1.2727870591355077,0.12762931825870755,0.029689807976366365,NEUTRAL,fast-v1.2-quality-gated-2026-10-05
2026-10-08,VOS,Hàng & Dịch vụ Công nghiệp,MOMENTUM IGNITION,MOMENTUM IGNITION,75.67673760762996,12.6,0.08,13.608,14.615999999999998,83.56573367260391,91.10687022900764,94.00763358778627,73.70229007633588,83.61111111111111,37.3009188577891,0.0732538330494037,0.0862068965517242,2.0806663347064416,0.028574523413134267,0.039880952380952385,EMERGING,fast-v1.2-quality-gated-2026-10-05
2026-10-08,TLG,Hàng cá nhân & Gia dụng,MOMENTUM IGNITION,MOMENTUM IGNITION,72.25237188188277,54.8,0.041970802919708006,57.1,59.39999999999999,78.96098388464802,80.41984732824429,83.89312977099237,78.05343511450381,73.88888888888889,9.76460145570745,0.03420618070299608,0.011070110701106861,2.105346346860552,0.05075698639132353,0.027235401459853998,NEUTRAL,fast-v1.2-quality-gated-2026-10-05
2026-10-08,PVS,Dầu khí,PULLBACK RECLAIM,PULLBACK RECLAIM,67.47293929423893,34.2,0.06940789473684209,36.573750000000004,38.9475,75.0462256149279,77.09923664122138,79.42748091603053,72.02290076335878,63.05555555555556,-3.5028699923072253,0.033779188392655035,0.00588235294117645,1.380811004197059,-0.022304781323600364,0.04627192982456139,NEUTRAL,fast-v1.2-quality-gated-2026-10-05
2026-10-08,MWG,Bán lẻ,MOMENTUM IGNITION,MOMENTUM IGNITION,64.047646944891,76.1,0.06701708278580809,81.19999999999999,86.29999999999998,71.65966921119593,78.77862595419849,71.25954198473282,72.21374045801528,86.66666666666666,10.895457324891026,0.04375257166369484,0.04820936639118467,1.205593797649328,0.5081057320895528,0.023587385019710902,EMERGING,fast-v1.2-quality-gated-2026-10-05
2026-10-08,NTP,Xây dựng và Vật liệu,PULLBACK RECLAIM,PULLBACK RECLAIM,63.53948015376427,52.9,0.05160680529300566,55.629999999999995,58.36,66.15118744698897,67.48091603053437,58.473282442748086,73.77862595419847,45.55555555555556,9.291368325541953,0.0075230930387582,0.015355086372360827,0.909027438385813,-0.11966094426730978,0.03440453686200377,NEUTRAL,fast-v1.2-quality-gated-2026-10-05
2026-10-08,DCM,Hóa chất,PULLBACK RECLAIM,PULLBACK RECLAIM,62.39484308883486,34.4,0.06686046511627897,36.699999999999996,38.99999999999999,69.82675996607294,75.03816793893131,69.65648854961832,71.48854961832062,58.05555555555556,4.382961516460526,0.03474206647616196,0.020771513353115667,1.0860059885605515,0.024921571808138143,0.027906976744186063,NEUTRAL,fast-v1.2-quality-gated-2026-10-05
