date,ticker,open,high,low,close,volume,value,sector,exchange,benchmark_close,benchmark_ret_1,benchmark_ret_5,benchmark_ret_20,benchmark_ret_60,benchmark_ret_120,ret_1,ret_5,rs_5,ret_20,rs_20,ret_60,rs_60,ret_120,rs_120,ma20,ma20_distance,ma50,ma50_distance,ma100,ma100_distance,ma200,ma200_distance,ma20_slope_5,ma50_slope_10,ma50_slope_20,ma100_slope_20,medium_trend_confirm,volume_avg_20,volume_ratio_20,value_avg_20,value_ratio_20,turnover_proxy,turnover_proxy_avg_20,turnover_proxy_accel_20,volatility_20,true_range,atr20,atr_pct_20,atr_pct_median_120,atr_regime_ratio,positive_day_share_20,up_volume_share_20,high_252,high_252_proximity,drawdown_60,prior_high_10,prior_high_20,prior_low_10,prior_low_20,ema12,ema26,macd,macd_signal,macd_hist,macd_positive,ma_bull,ma_cross_up,ma_cross_recent_10,bb_std20,bb_upper,bb_lower,bb_bandwidth,bb_bandwidth_q20_120,bb_squeeze,bb_squeeze_recent_10,bb_breakout_after_squeeze,weekly_close,weekly_ema10,weekly_ema30,weekly_ema10_slope4,weekly_ret12,weekly_macd,weekly_macd_signal,weekly_macd_hist,weekly_trend_confirm,sector_ret_1,sector_excess_ret_1,beta_market_120,market_resid_ret_1,beta_sector_120,residual_ret_1,residual_mom_60,residual_mom_120,positive_day_share_60,return_abs_sum_60,top5_abs_return_60,return_concentration_60,path_quality_60,sector_ret_20,rs_sector_20,sector_ret_60,rs_sector_60,breadth_ma20,breadth_ma50,sector_value,sector_value_ratio_20,sector_rs_20,sector_rs_60,rs_persistence_count,near_52w_high,history_n,rs_score,flow_score,trend_score,short_momentum_score,long_momentum_score,real_strength_score,sector_score,leadership_score,acceleration,stage
2026-10-07,PVP,24.25,25.55,23.9,24.95,2229100,55855310000.0,Hàng & Dịch vụ Công nghiệp,HOSE,1752.43,-0.003780385201355152,-0.009154029695468635,-0.04087854109199163,-0.04151853593970478,-0.013076901416382736,0.043933054393305415,0.29947916666666674,0.3086331963621354,0.42898052691867106,0.4698590680106627,0.5372766481823783,0.5787951841220831,0.7770655270655271,0.7901424284819099,19.4935,0.2799138174263216,17.8,0.4016853932584268,17.347,0.4382890413327951,15.94655,0.5646017477134553,0.07922491349480976,0.056229379791602474,0.06767115728355666,0.044138271426593656,True,1317060.0,1.6924817396322112,26196658950.0,2.13215395545698,55855310000.0,26196658950.0,1.8964014891281948,0.03772281985401502,1.6500000000000021,0.9945000000000006,0.03985971943887778,0.03504270352082409,1.1374613096044712,0.55,0.6744263738933686,24.95,1.0,0.0,24.0,24.0,17.95,16.7,21.276722053665967,19.662471086345512,1.614250967320455,0.9981596755854951,0.6160912917349599,True,True,False,False,2.292583637916424,24.07866727583285,14.908332724167153,0.4704303768777129,0.0989200241869622,False,False,False,22.0,18.39083925611354,16.883652160770083,0.09213907497472196,0.38017565872020076,1.0473894707279214,0.6896192426959107,0.35777022803201075,True,0.030425963488843744,0.034206348690198896,0.3186723633718085,0.04513775867987707,0.922376875086748,0.01358661366688374,0.40371799709593686,0.6372492251500746,0.48333333333333334,1.0948472935523559,0.34829574080784,0.3181226668403728,0.1652106664929605,0.09206349206349196,0.3369170348551791,0.06902985074626855,0.46824679743610975,0.782608695652174,0.782608695652174,1085290936000.0,1.5681989843295352,0.13294203315548359,0.11054838668597333,3,1.0,354,99.42748091603053,91.10687022900763,93.75954198473283,95.57251908396948,98.43511450381679,93.11068702290076,81.94444444444444,92.71713316369804,5.4159178859202655,LEADER
2026-10-07,PET,51.0,52.5,50.3,50.8,647100,33132400000.0,Bán lẻ,HOSE,1752.43,-0.003780385201355152,-0.009154029695468635,-0.04087854109199163,-0.04151853593970478,-0.013076901416382736,-0.0039215686274510775,0.12888888888888883,0.13804291858435747,0.3403693931398417,0.38124793423183334,0.3948380010982975,0.43635653703800226,0.4862492685781157,0.4993261699944984,42.195,0.2039341154165184,39.832,0.275356497288612,37.6165,0.350471202796645,32.272999999999996,0.5740712050320702,0.07867322809484256,0.04937035671004808,0.05481701181081511,0.052710379761005344,True,673885.0,0.9602528621352308,29764388500.0,1.1131557431458738,33132400000.0,29764388500.0,0.730367784976762,0.04866615609243382,2.200000000000003,2.3650000000000007,0.046555118110236236,0.03976106952466149,1.1708718771098647,0.6,0.6846939759751293,53.0,0.9584905660377357,-0.04150943396226425,57.4,57.4,38.0,35.65,46.52796929985936,43.18765204424683,3.3403172556125256,2.0851247307071716,1.255192524905354,True,True,False,False,5.778178095668518,53.75135619133704,30.638643808662962,0.5477595066399829,0.08420313256747425,False,True,False,49.8,41.22576043304252,36.05203291339995,0.09132490889959821,0.3351206434316354,3.6256808850601487,3.045909489572175,0.5797713954879735,True,0.005276057791537558,0.00905644299289271,0.511641628747694,-0.001987366185736048,1.1459107205904262,-0.012365241301707849,0.27635612679036925,0.4857337545814352,0.4666666666666667,1.1522434273389779,0.43025386215398076,0.3734053516344377,0.09326131503222895,0.10163934426229504,0.23873004887754667,0.21153846153846145,0.18329953955983602,1.0,0.8333333333333334,594987645000.0,1.5643490124522683,0.14251788535428667,0.25305699747816623,3,0.9584905660377357,354,97.67175572519082,81.45038167938932,92.29007633587786,90.64885496183207,97.09923664122138,84.16597089694655,91.38888888888889,91.28350296861746,-0.5422348786047735,MATURE
2026-10-07,MSR,61.1,66.3,61.1,64.8,3554500,228957690000.0,Tài nguyên Cơ bản,UPCOM,1752.43,-0.003780385201355152,-0.009154029695468635,-0.04087854109199163,-0.04151853593970478,-0.013076901416382736,0.055374592833876246,0.1675675675675674,0.17672159726303605,0.39294926913155614,0.43382781022354777,0.7414673474872344,0.7829858834269392,0.4019904803115535,0.4150673817279362,51.9645,0.2470051669890021,44.1082,0.4691145864034352,41.1062,0.5764045326495759,39.095299999999995,0.6574882402744064,0.08590803180540618,0.10745042507143099,0.15854696364782517,0.0502404202372011,True,2242255.0,1.5852345072259846,119476136800.0,1.9163466122383026,228957690000.0,119476136800.0,0.7015724436318029,0.028532969724490855,5.199999999999996,2.6790000000000003,0.0413425925925926,0.03910462766339032,1.0572301812579963,0.65,0.7277361406262891,64.8,1.0,0.0,63.2,63.2,46.7,45.34,56.566174833801036,51.5115038185709,5.054671015230134,3.8717749556176657,1.1828960596124687,True,True,False,False,6.073261046327679,64.11102209265536,39.81797790734464,0.4674930805705957,0.09333043697328641,False,False,False,60.3,48.157515603563624,41.61839297088422,0.16650351936515517,0.6962025316455698,4.476557078053787,2.6141150689065356,1.8624420091472516,True,0.008298755186721962,0.012079140388077114,0.1328374249585574,0.055876769469375705,1.3405820568925597,0.03968369060243329,0.48773404080197447,0.47477450003020955,0.5666666666666667,1.2111665730488388,0.3221070488608504,0.2659477697192538,0.30071889694741283,0.06796116504854366,0.3249881040830125,0.0721247563352827,0.6693425911519517,0.6363636363636364,0.7272727272727273,572004022000.0,1.1933798779952989,0.10883970614053529,0.11364329227498748,3,1.0,354,98.96946564885496,88.20610687022901,95.28625954198473,94.77099236641223,98.77862595419849,97.17855438931295,77.22222222222221,91.19253604749788,0.28889021416455307,MATURE
2026-10-07,BVH,75.0,79.0,74.3,75.5,1857700,141871250000.0,Bảo hiểm,HOSE,1752.43,-0.003780385201355152,-0.009154029695468635,-0.04087854109199163,-0.04151853593970478,-0.013076901416382736,0.006666666666666599,0.09104046242774566,0.1001944921232143,0.17784711388455543,0.21872565497654706,0.2583333333333333,0.2998518692730381,-0.09580838323353291,-0.08273148181715018,69.27000000000001,0.0899379240652518,65.586,0.15116030860244556,65.541,0.15195068735600614,68.4725,0.10263244368177005,0.043773073156031295,0.041642843529635876,0.05041801467055307,-0.006758907057450858,False,782925.0,2.372768783727688,55263664500.0,2.5671705140002072,141871250000.0,55263664500.0,0.750347991620741,0.026279463127141477,4.700000000000003,2.475000000000002,0.03278145695364241,0.03389097744360904,0.9672620687375347,0.5,0.6152313439984672,86.0,0.877906976744186,-0.00395778364116095,77.4,77.4,68.2,62.8,72.2925524450098,69.496683030366,2.7958694146438035,2.1269863133749896,0.6688831012688139,True,True,False,False,4.43349689712812,78.13699379425626,60.40300620574377,0.25601252473671837,0.11451168946568516,False,False,False,75.8,67.61641468591293,66.28053848595253,0.05102058120710562,0.28474576271186436,0.7383959248086285,-0.30346567212392406,1.0418615969325526,True,0.022441613588110365,0.026221998789465517,0.3527589197375465,0.00800023126648845,1.2613857388864125,-0.025075824051640123,0.09611040993417451,0.009806313925002329,0.4666666666666667,1.1129076032838574,0.32810590087994096,0.29481863535822617,0.1718480313084405,0.09989534377613352,0.07795177010842191,0.11660685805422649,0.1417264752791068,1.0,1.0,146294035000.0,2.781942904569026,0.14077388486812514,0.15812539399393127,2,0.877906976744186,354,92.06106870229009,91.14503816793895,86.10687022900763,92.40458015267178,82.48091603053436,69.85895753816793,91.66666666666667,90.56234096692111,12.391768050254441,LEADER
2026-10-07,PVT,24.85,25.5,24.7,24.9,9898800,248064885000.0,Hàng & Dịch vụ Công nghiệp,HOSE,1752.43,-0.003780385201355152,-0.009154029695468635,-0.04087854109199163,-0.04151853593970478,-0.013076901416382736,0.01632653061224487,0.11659192825112097,0.1257459579465896,0.21760391198044005,0.2584824530724317,0.30708661417322825,0.348605150112933,0.24375624375624372,0.25683314517262645,22.69,0.09739973556632875,20.438,0.21831881788824736,20.2007,0.2326305524065997,19.9302,0.2493602673329922,0.04502014968336221,0.05025693730729697,0.07134245426429708,0.024329518429686336,True,7501950.0,1.3194969307979925,172086873000.0,1.4415096321728154,248064885000.0,172086873000.0,0.9718911711832678,0.029965958887275667,1.0,1.0375,0.04166666666666667,0.039299680391050945,1.0602291482287658,0.65,0.7031451822526144,27.94,0.8911954187544738,0.0,24.9,24.9,22.25,19.9,23.507731988986396,22.429811562335924,1.077920426650472,0.9645522488133251,0.11336817783714692,True,True,False,False,1.3509840468107255,25.39196809362145,19.988031906378552,0.2381637808392639,0.09414499855960282,False,False,False,23.5,21.34450197296633,20.16525183059143,0.08958599575012349,0.24338624338624348,0.7960375617442139,0.3848156402522232,0.4112219214919907,True,0.030425963488843744,0.034206348690198896,0.5266378797063604,0.01831742465915985,0.9858693498701461,-0.015405566085478058,0.23776196336151456,0.30027737900675927,0.5666666666666667,1.2108728040984351,0.31833284239037385,0.26289536053077933,0.3037713061358873,0.09206349206349196,0.1255404199169481,0.06902985074626855,0.2380567634269597,0.782608695652174,0.782608695652174,1085290936000.0,1.5681989843295352,0.13294203315548359,0.11054838668597333,3,0.8911954187544738,354,94.69465648854961,87.29007633587786,90.0763358778626,91.60305343511452,94.65648854961833,92.17915076335876,81.94444444444444,89.36980491942323,7.19944901664546,LEADER
2026-10-07,DRI,16.5,16.7,15.8,16.1,2368800,38364500000.0,Hóa chất,UPCOM,1752.43,-0.003780385201355152,-0.009154029695468635,-0.04087854109199163,-0.04151853593970478,-0.013076901416382736,-0.012269938650306678,0.08783783783783794,0.09699186753330657,0.12587412587412583,0.16675266696611746,0.22900763358778642,0.2705261695274912,0.2384615384615385,0.25153843987792124,14.965,0.07584363514868042,13.99,0.15082201572551823,13.98,0.15164520743919896,13.5025,0.19237178300314772,0.03564013840830449,0.03171091445427732,0.04794007490636698,0.02185512754915586,True,1226290.0,1.9316801082941228,18711113000.0,2.050359056673967,38364500000.0,18711113000.0,1.5115205291838842,0.027408046840288743,0.8999999999999986,0.6150000000000002,0.03819875776397517,0.030595642725803757,1.2485031972137357,0.5,0.6421605003710379,16.7,0.9640718562874253,-0.03592814371257469,16.8,16.8,13.8,13.8,15.477044633874474,14.891485493641106,0.585559140233368,0.4347322760649005,0.15082686416846747,True,True,False,False,0.7801990299377991,16.5253980598756,13.404601940124401,0.20853966720689593,0.0954118834695122,False,True,False,16.2,14.531315856656233,13.843198940225404,0.06075202998450835,0.2180451127819547,0.47202978971384546,0.26592629017936853,0.20610349953447693,True,0.005102040816326703,0.008882426017681855,0.3159580516378406,-0.011075495507645979,1.0305200659629288,-0.020229013753298317,0.18912135382685885,0.36364932769012165,0.45,0.9676301604253884,0.22645434577670986,0.234029854626644,0.21597014537335602,0.008021390374331583,0.11785273549979425,0.03242727706247028,0.19658035652531614,0.46153846153846156,0.6923076923076923,349687150000.0,0.8666195214270755,0.04889993146632321,0.07394581300217506,3,0.9640718562874253,354,91.5648854961832,90.64885496183206,85.91603053435114,89.84732824427483,90.19083969465649,90.36587547709924,64.72222222222221,84.8375742154368,0.7402434862701313,NEUTRAL
2026-10-07,BFC,56.8,59.8,56.8,59.1,240700,14165320000.0,Hóa chất,HOSE,1752.43,-0.003780385201355152,-0.009154029695468635,-0.04087854109199163,-0.04151853593970478,-0.013076901416382736,0.005102040816326703,0.2364016736401675,0.24555570333563614,0.2547770700636942,0.29565561115568584,0.1420289855072463,0.18354752144695108,0.14004629629629628,0.15312319771267902,49.8325,0.18597300958209995,48.75240000000001,0.21224801240554303,51.244499999999995,0.15329449989755006,51.3896,0.15003814001276528,0.047451392538097714,0.0006773482432049782,-0.020064079629190323,-0.03425966409359549,False,197500.0,1.2187341772151898,10104924750.0,1.4018234029897154,14165320000.0,10104924750.0,0.38447883540143546,0.033880726946770495,3.0,1.9224999999999994,0.0325296108291032,0.033344821300662485,0.9755521115495351,0.55,0.7355696202531645,71.08,0.8314575126617896,0.0,58.9,58.9,46.5,45.45,53.08613745194818,50.76033399742543,2.325803454522756,0.943056664452385,1.382746790070371,True,True,False,True,4.302944982952428,58.43838996590486,41.226610034095145,0.34539266406079794,0.05969348701679431,False,True,True,54.6,49.508714024621234,50.27310799788031,0.007468208476771654,0.04377748040527618,-0.6890731389468101,-0.6866306485283883,-0.0024424904184218166,False,0.005102040816326703,0.008882426017681855,0.1556376409188929,0.0056904110508303124,1.1643811661376717,-0.004652118513769681,0.14870526978947157,0.2674101173275746,0.4666666666666667,1.0787046442043047,0.3696743459698879,0.34270209918543026,0.12396456748123641,0.008021390374331583,0.24675567968936263,0.03242727706247028,0.10960170844477601,0.46153846153846156,0.6923076923076923,349687150000.0,0.8666195214270755,0.04889993146632321,0.07394581300217506,3,0.8314575126617896,353,94.8854961832061,83.66412213740458,82.48091603053436,91.793893129771,84.7328244274809,76.29323711832059,64.72222222222221,83.5665818490246,33.20288675858532,EMERGING
2026-10-07,HAH,51.0,52.8,50.5,52.7,1690600,87568330000.0,Hàng & Dịch vụ Công nghiệp,HOSE,1752.43,-0.003780385201355152,-0.009154029695468635,-0.04087854109199163,-0.04151853593970478,-0.013076901416382736,0.0435643564356436,0.0678824721377913,0.07703650183325994,0.10947368421052639,0.15035222530251802,0.06939935064935066,0.11091788658905544,-0.027316352897748142,-0.014239451481365406,48.2675,0.0918319780390533,47.026,0.1206566580189683,49.123599999999996,0.07280411044793156,52.25030000000001,0.008606649148425793,0.01943080416072651,0.007856937723159874,-0.006892998031778563,-0.01988028731045488,False,822895.0,2.0544540919558387,40009002250.0,2.188715665859925,87568330000.0,40009002250.0,0.14618328850306095,0.021334914915982182,2.299999999999997,1.4100000000000008,0.0267552182163188,0.024697463474487286,1.0833184648276613,0.6,0.6863876922329094,68.2,0.7727272727272727,0.0,52.2,52.2,46.6,42.9,49.911859239313465,48.69437147213222,1.2174877671812467,0.7241933728987509,0.4932943942824959,True,True,False,False,2.1802507702218468,52.62800154044369,43.906998459556306,0.18068064600170686,0.07377221113514354,False,False,False,51.2,48.495458410870796,50.09392618099219,0.01418518676228575,0.03497068930665059,-1.2176469004506103,-1.7146396509238748,0.4969927504732645,False,0.030425963488843744,0.034206348690198896,0.41366052142295645,0.0451281525492158,0.9353904933498419,0.013131859172193935,0.030226905755055405,0.051370566678939994,0.48333333333333334,0.789839626024396,0.1861613760659604,0.23569515877924613,0.2476381745540872,0.09206349206349196,0.01741019214703443,0.06902985074626855,0.00036949990308210445,0.782608695652174,0.782608695652174,1085290936000.0,1.5681989843295352,0.13294203315548359,0.11054838668597333,2,0.7727272727272727,354,81.37404580152672,86.412213740458,80.99236641221376,90.61068702290076,77.59541984732826,61.240458015267166,81.94444444444444,82.67133163698048,6.9482413592027115,NEUTRAL
2026-10-07,VGC,44.3,46.35,44.3,45.45,976900,44478440000.0,Xây dựng và Vật liệu,HOSE,1752.43,-0.003780385201355152,-0.009154029695468635,-0.04087854109199163,-0.04151853593970478,-0.013076901416382736,0.025959367945824097,0.07193396226415105,0.08108799195961969,0.13909774436090228,0.1799762854528939,0.1342650361866733,0.17578357212637807,0.0525706345530339,0.06564753596941664,41.4375,0.09683257918552046,39.9572,0.13746708978607125,40.0844,0.1338575605472454,41.6175,0.09208866462425669,0.02460283118007056,0.017634115034330877,0.014956157730565689,-0.0035399286048105605,False,411705.0,2.372815486817017,17321733250.0,2.567782297421074,44478440000.0,17321733250.0,0.08520272567252385,0.024611660599832302,2.0500000000000043,1.3800000000000008,0.030363036303630377,0.027065085526383148,1.1218525902692003,0.6,0.6545220485541832,54.47,0.8344042592252617,0.0,45.45,45.45,39.1,38.15,42.944373187907765,41.70428077994243,1.240092407965335,0.7655943561764561,0.47449805178887894,True,True,False,False,2.049317922472618,45.536135844945235,37.338864155054765,0.19782254455240955,0.07230000708754923,False,True,False,43.85,41.09620622887658,41.08693723587638,0.0344026452570636,0.1098456087066566,-0.02623796906024012,-0.6305613263109761,0.6043233572507359,False,-0.003732642515912543,4.7742685442608845e-05,0.57613842844282,0.028137393134641347,0.9508198700352849,0.02809199844067367,0.2341920170829036,0.31927866314248476,0.43333333333333335,0.9152292941913123,0.2818085028439149,0.30791027410559246,0.12542305922774089,-0.02449494949494946,0.16359269385585173,-0.04520511072031014,0.17947014690698343,0.4090909090909091,0.4090909090909091,271368458000.0,0.957190824427022,0.01638359159704217,-0.003686574780605356,3,0.8344042592252617,354,90.87786259541986,87.02290076335878,84.61832061068702,92.70992366412214,85.19083969465649,82.26353769083968,53.333333333333336,81.15330788804071,10.6203217769296,EMERGING
2026-10-07,FRT,145.6,151.0,144.0,150.0,1201600,178524210000.0,Bán lẻ,HOSE,1752.43,-0.003780385201355152,-0.009154029695468635,-0.04087854109199163,-0.04151853593970478,-0.013076901416382736,0.034482758620689724,0.05633802816901401,0.06549205786448264,0.049685094471658475,0.0905636355636501,0.2908777969018932,0.332396332841598,0.02866547798655872,0.041742379402941454,138.08499999999998,0.08628743165441599,134.792,0.11282568698439066,127.7325,0.1743291644647995,136.9659,0.09516310264087635,0.0032330717814585963,0.04170144363040573,0.06663543592210885,-0.005099418010518275,False,551830.0,2.1774821956037185,76828031500.0,2.3236858541663925,178524210000.0,76828031500.0,-0.07124531810360668,0.027071671832886265,7.0,5.574999999999998,0.03716666666666665,0.02869647222300012,1.2951650076652177,0.5,0.6238334269612018,167.15,0.8973975471133712,0.0,149.9,149.9,128.1,127.5,141.87754694797928,139.19620201299753,2.6813449349817517,1.2942686308828109,1.387076304098941,True,True,False,False,6.736411273230407,151.55782254646078,124.61217745353916,0.19513810401507498,0.11232123356305035,False,False,False,142.9,136.72333431266833,134.0962846687949,0.02043163725917707,0.2546093064091308,1.7722147338633079,-0.5124849312684578,2.2846996651317655,True,0.005276057791537558,0.00905644299289271,0.6785629645549618,0.03704798801008098,1.0103273865616609,0.027898015629527022,0.18963784553748736,0.07118158714366248,0.45,1.2030485729186875,0.34830907263516564,0.2895220363298726,0.1604779636701274,0.10163934426229504,-0.051954249790636564,0.21153846153846145,0.07933933536343174,1.0,0.8333333333333334,594987645000.0,1.5643490124522683,0.14251788535428667,0.25305699747816623,3,0.8973975471133712,354,74.58015267175571,81.37404580152672,81.22137404580154,83.51145038167941,87.48091603053436,77.25995944656486,91.38888888888889,80.96861747243426,9.328426500212032,NEUTRAL
2026-10-07,NVB,16.4,16.8,15.7,15.8,2578200,41426460000.0,Ngân hàng,HNX,1752.43,-0.003780385201355152,-0.009154029695468635,-0.04087854109199163,-0.04151853593970478,-0.013076901416382736,-0.042424242424242364,0.16176470588235303,0.17091873557782167,0.30578512396694224,0.34666366505893387,0.09722222222222232,0.1387407581619271,0.4363636363636365,0.44944053778001924,13.145000000000001,0.20197793837961187,12.201999999999998,0.2948696934928703,12.358000000000002,0.2785240330150507,12.22,0.292962356792144,0.06739748274462043,0.019893012370444385,-0.021334616618543634,0.03744123572867708,False,1412405.0,1.8253971063540557,20555852000.0,2.0153122332268203,41426460000.0,20555852000.0,2.06701473963646,0.04122377756711967,1.1000000000000014,0.7150000000000001,0.04525316455696203,0.03653508771929823,1.238622031090918,0.5,0.6184097337520046,16.5,0.9575757575757576,-0.042424242424242364,17.9,17.9,11.5,11.3,14.42912354646252,13.40013552938782,1.0289880170747008,0.6270957420944857,0.40189227498021507,True,True,False,True,1.6928565083594158,16.530713016718835,9.75928698328117,0.5151332090861669,0.08696286183366012,False,False,False,15.0,12.87216730011539,12.438339484482103,0.06846816539484757,0.08695652173913038,0.3033386510888114,0.026102327601753926,0.2772363234870575,True,0.0,0.003780385201355152,0.6791264131261339,-0.03985688298221092,1.0444823301405568,-0.04380542852615123,0.22429117648407315,0.5295987748387107,0.43333333333333335,1.3053107334154643,0.39654281175285,0.30379188771033827,0.12954144562299508,-0.044438812658645466,0.3502239366255877,-0.06302488929607569,0.160247111518298,0.2727272727272727,0.36363636363636365,2727514341000.0,0.7429405211409372,-0.0035602715666538387,-0.02150635335637091,3,0.9575757575757576,354,93.62595419847327,90.0,88.77862595419846,92.74809160305345,89.6564885496183,85.66525524809158,38.05555555555556,80.63592027141645,35.676501868638674,EMERGING
2026-10-07,PHP,49.2,51.9,49.2,50.8,390500,19852440000.0,Hàng & Dịch vụ Công nghiệp,UPCOM,1752.43,-0.003780385201355152,-0.009154029695468635,-0.04087854109199163,-0.04151853593970478,-0.013076901416382736,0.030425963488843744,0.16781609195402303,0.17697012164949166,0.08085106382978724,0.12172960492177887,0.33684210526315783,0.3783606412028626,0.5516188149053145,0.5646957163216972,45.485,0.11685170935473232,43.26,0.17429496070272776,40.1156,0.2663402766006242,36.98145,0.37366166010256485,0.009768009768009733,0.04160647211788504,0.07514588780308373,0.05723449619042853,True,239130.0,1.6330029690963075,10955158500.0,1.8121545206306235,19852440000.0,10955158500.0,-0.13923847789550425,0.028497557506276958,2.6999999999999957,1.8649999999999998,0.03671259842519685,0.032099848915748325,1.1437000380143687,0.5,0.489649981181784,50.8,1.0,0.0,50.8,50.8,42.5,42.1,46.84453907533951,45.50388150065214,1.34065757468737,0.7859539997965364,0.5547035748908336,True,True,False,False,2.3211328903654875,50.12726578073097,40.842734219269026,0.20412293198773104,0.06641792333342099,False,False,False,46.7,43.866484232781644,39.952362598159446,0.03230918607518718,0.2289473684210528,2.835908118825131,2.4078422634838645,0.4280658553412664,True,0.030425963488843744,0.034206348690198896,0.5834671627179985,0.032631694116259546,0.7283786747427474,0.0077165191895041604,0.2725126156932555,0.5225250346476313,0.4666666666666667,1.076876646160378,0.31527326746545714,0.2927663707719629,0.1739002958947038,0.09206349206349196,-0.011212428233704719,0.06902985074626855,0.2678122545168893,0.782608695652174,0.782608695652174,1085290936000.0,1.5681989843295352,0.13294203315548359,0.11054838668597333,3,1.0,354,82.51908396946564,71.79389312977099,86.85114503816793,86.83206106870232,94.8854961832061,92.60913645038165,81.94444444444444,80.5892705682782,12.607127711135348,EMERGING
2026-10-07,VOS,11.55,12.3,11.5,12.3,3117400,37760100000.0,Hàng & Dịch vụ Công nghiệp,HOSE,1752.43,-0.003780385201355152,-0.009154029695468635,-0.04087854109199163,-0.04151853593970478,-0.013076901416382736,0.06956521739130439,0.025000000000000133,0.03415402969546877,0.10313901345291487,0.1440175545449065,0.00819672131147553,0.04971525725118031,-0.046511627906976716,-0.03343472649059398,11.6725,0.05375883486828026,11.229000000000001,0.09537803900614472,11.7275,0.0488168833937328,12.561,-0.020778600429901983,0.00995024875621886,0.00330593280914937,-0.01005025125628134,-0.01738583996648524,False,1010740.0,3.0842748877060373,11986872750.0,3.1501210355303053,37760100000.0,11986872750.0,1.9576416412827693,0.029465534808649583,0.8000000000000007,0.4875,0.03963414634146341,0.026378038194444446,1.5025433676796658,0.55,0.6546738033519995,18.5,0.664864864864865,-0.008064516129032251,12.7,12.7,11.1,10.85,11.745758611215749,11.609431509778709,0.13632710143703974,0.15865525557089202,-0.02232815413385228,False,True,False,False,0.4910983929712632,12.654696785942527,10.690303214057472,0.16829244565303528,0.06248547124649861,False,False,False,11.1,11.47508705524835,11.975712276838598,0.012840723993932324,-0.06722689075630262,-0.3694336412463102,-0.4498697805043532,0.08043613925804305,False,0.030425963488843744,0.034206348690198896,0.7559880835438135,0.07242314355473427,0.9238168307122911,0.04082274291751519,-0.022362751261901202,0.0371266654924259,0.4,1.000025926881436,0.29069851027190097,0.2906909735614949,0.1093090264385051,0.09206349206349196,0.011075521389422915,0.06902985074626855,-0.06083312943479302,0.782608695652174,0.782608695652174,1085290936000.0,1.5681989843295352,0.13294203315548359,0.11054838668597333,2,0.664864864864865,354,72.70992366412213,97.21374045801527,70.87786259541984,86.9465648854962,67.97709923664122,40.64915314885496,81.94444444444444,80.31636980491942,41.8863363880439,EMERGING
2026-10-07,MSN,72.2,76.1,71.7,75.0,15095200,1117175260000.0,Thực phẩm và đồ uống,HOSE,1752.43,-0.003780385201355152,-0.009154029695468635,-0.04087854109199163,-0.04151853593970478,-0.013076901416382736,0.04166666666666674,0.05932203389830515,0.06847606359377378,0.08695652173913038,0.127835062831122,0.06382978723404253,0.10534832317374732,-0.03474903474903479,-0.021672133332652055,69.28,0.08256351039260967,68.056,0.10203361937228173,70.36,0.06594656054576475,73.7235,0.017314696128100326,0.007929002691496434,0.007848828599354096,-0.0035432955577030523,-0.02462016191638028,False,5239640.0,2.8809612874166928,367683591500.0,3.0384147833260053,1117175260000.0,367683591500.0,0.294401778433218,0.01579656132428719,4.3999999999999915,1.7200000000000002,0.022933333333333337,0.02227762541776529,1.0294334743165738,0.55,0.6668482949210252,88.2,0.8503401360544217,0.0,73.0,73.0,66.9,65.3,70.81980655791236,69.66892175476279,1.150884803149566,0.5811987734987768,0.5696860296507892,True,True,False,False,2.085438234899537,73.45087646979907,65.10912353020093,0.12040636460158974,0.06890976036102704,False,True,True,70.7,69.30330562396477,71.33445456260621,0.002824965666412771,0.027616279069767602,-1.5446681201788977,-1.9762692220175575,0.43160110183865985,False,-0.001897831050228338,0.001882554151126814,0.6528210928131778,0.044134581865070174,0.56806166817456,0.043065175013552136,0.08008867212656476,0.03107488371573451,0.5,0.6452109771798462,0.19092355198266708,0.29590871627320287,0.20409128372679713,-0.02882031596043111,0.11577683769956149,-0.010596003792855302,0.07442579102689784,0.2777777777777778,0.3888888888888889,1529560853000.0,2.1073144558437624,0.012058225131560518,0.03092253214684948,2,0.8503401360544217,354,84.46564885496184,91.98473282442748,80.87786259541986,89.69465648854963,77.17557251908396,68.08116650763357,53.611111111111114,79.45695504664971,8.843239768871939,NEUTRAL
2026-10-07,QNS,53.0,53.0,52.1,52.4,361300,18933140000.0,Thực phẩm và đồ uống,UPCOM,1752.43,-0.003780385201355152,-0.009154029695468635,-0.04087854109199163,-0.04151853593970478,-0.013076901416382736,-0.01132075471698113,0.05432595573440624,0.06347998542987487,0.08041237113402055,0.12129091222601218,0.09053069719042672,0.1320492331301315,0.1738351254480286,0.18691202686441133,50.255,0.04268232016714757,47.910199999999996,0.09371282106941736,47.712700000000005,0.09824009121261201,45.93935,0.14063433635869904,0.026450163398692883,0.014324548626401423,0.021195418174687397,0.023846923053814084,True,316555.0,1.1413498444188215,15983775500.0,1.1845223927225454,18933140000.0,15983775500.0,0.9229697706446167,0.014360817541092398,0.8999999999999986,0.9150000000000003,0.01746183206106871,0.012122672262743975,1.440427628711313,0.55,0.7642431804899622,53.1,0.9868173258003766,-0.013182674199623379,53.1,53.1,49.0,46.8,51.12729801167472,49.85945137923048,1.2678466324442397,1.0393792124920793,0.22846741995216036,True,True,False,False,1.3484786749673106,52.951957349934624,47.55804265006538,0.10733090637487298,0.029866063266394433,False,False,False,53.1,49.12634930123355,47.13597518210764,0.043960150091219896,0.11883691529709228,1.3890298072010694,0.9576762809273514,0.43135352627371804,True,-0.001897831050228338,0.001882554151126814,-0.019426888240636386,-0.011394195837794411,0.22806292312502702,-0.011823536640441546,0.08732918732377802,0.17544147429336582,0.4166666666666667,0.3692028073034146,0.14423044117914252,0.39065369581714066,0.02601297084952603,-0.02882031596043111,0.10923268709445166,-0.010596003792855302,0.10112670098328203,0.2777777777777778,0.3888888888888889,1529560853000.0,2.1073144558437624,0.012058225131560518,0.03092253214684948,3,0.9868173258003766,354,84.38931297709924,84.54198473282443,85.99236641221374,83.20610687022902,86.29770992366412,67.8587189885496,53.611111111111114,78.59245122985581,9.80490782707804,NEUTRAL
2026-10-07,DHC,39.5,39.85,39.3,39.3,410800,16250940000.0,Tài nguyên Cơ bản,HOSE,1752.43,-0.003780385201355152,-0.009154029695468635,-0.04087854109199163,-0.04151853593970478,-0.013076901416382736,-0.005063291139240533,0.012886597938144284,0.02204062763361292,0.08413793103448275,0.12501647212647438,0.17841079460269849,0.21992933054240327,0.25519003513254557,0.2682669365489283,37.2375,0.05538771399798592,35.293,0.11353526194996166,33.8478,0.16107989293247993,32.581649999999996,0.20620042263052984,0.019018950537045942,0.03717526742682509,0.053207997612652935,0.030732126217317468,True,454585.0,0.9036813797199643,16952682500.0,0.9586058135637237,16250940000.0,16952682500.0,0.2091935883650473,0.01778289552990306,0.5500000000000043,1.0850000000000009,0.0276081424936387,0.024854067517931618,1.1108098291645858,0.55,0.5747000010999043,39.5,0.9949367088607595,-0.005063291139240533,39.9,39.9,35.55,35.15,38.22451661607994,37.16771954357854,1.0567970725013964,0.8862320543088356,0.17056501819256087,True,True,False,False,1.3931103972575913,40.02372079451518,34.451279205484816,0.14964596412300402,0.06997137470828155,False,True,False,39.0,36.309073757687,33.830684909401675,0.05398912490276642,0.21684867394695795,1.7289260273576303,1.248590502617519,0.4803355247401113,True,0.008298755186721962,0.012079140388077114,0.505370759591524,-0.003152794998483124,0.7691045328752865,-0.01244291662419018,0.16743824203485355,0.23446759877740758,0.4666666666666667,0.8895189330894318,0.2802488239045383,0.3150566148504478,0.1516100518162189,0.06796116504854366,0.01617676598593909,0.0721247563352827,0.10628603826741578,0.6363636363636364,0.7272727272727273,572004022000.0,1.1933798779952989,0.10883970614053529,0.11364329227498748,3,0.9949367088607595,354,79.38931297709924,71.64122137404581,86.7175572519084,76.37404580152673,91.45038167938931,81.81685353053435,77.22222222222221,78.48452078032231,-6.639828178011015,NEUTRAL
2026-10-07,TLG,54.2,55.0,53.7,54.8,302100,16506240000.0,Hàng cá nhân & Gia dụng,HOSE,1752.43,-0.003780385201355152,-0.009154029695468635,-0.04087854109199163,-0.04151853593970478,-0.013076901416382736,0.014814814814814836,0.02814258911819878,0.037296618813667415,0.05791505791505802,0.09879359900704965,0.1416666666666666,0.1831852026063714,0.10998582134899726,0.12306272276538,52.822500000000005,0.037436698376638544,51.00899999999999,0.07432021800074495,49.5257,0.1064962231730191,49.11709999999999,0.11570104912545731,0.009749103942652493,0.025690006716078573,0.03829196503812482,0.013975361924202012,True,229170.0,1.3182353711218746,12265444500.0,1.3457514727656221,16506240000.0,12265444500.0,0.44269449337057964,0.018008519507656046,1.2999999999999972,1.4024999999999987,0.025593065693430634,0.020177074646652558,1.2684230068840334,0.4,0.506458087882358,57.6,0.9513888888888888,0.0,55.3,55.3,52.5,49.0,53.76249628593191,52.82230726724046,0.9401890186914486,0.8898629837304521,0.05032603496099641,True,True,False,False,1.657080104788026,56.13666020957606,49.50833979042395,0.12548289874867913,0.0436750396833042,False,False,False,54.5,51.91963803876597,49.79808013727921,0.03345303945818512,0.14231817229092436,1.4756216513041096,0.9621315799108283,0.5134900713932813,True,0.025687325256290805,0.029467710457645957,0.24299746367784272,0.01573343883046939,0.6943468458010191,-0.004727372978774787,0.17708899543237672,0.16627088733043033,0.43333333333333335,0.6446956484834799,0.19231910810359854,0.2983099212100958,0.13502341212323754,0.046183339142558344,0.011731718772499677,-0.034689750228645844,0.17635641689531245,0.6666666666666666,0.6666666666666666,1072068190000.0,3.2381056562733823,0.08706188023454997,0.006828785711058938,3,0.9513888888888888,354,78.20610687022901,79.38931297709925,78.74045801526718,76.18320610687024,83.89312977099237,81.29114980916029,71.11111111111111,77.18977947413063,8.171333293575074,NEUTRAL
2026-10-07,MSB,14.4,14.75,14.3,14.65,18412300,269179525000.0,Ngân hàng,HOSE,1752.43,-0.003780385201355152,-0.009154029695468635,-0.04087854109199163,-0.04151853593970478,-0.013076901416382736,0.01736111111111116,0.02807017543859658,0.037224205134065214,0.09737827715355807,0.1382568182455497,0.11153262518968132,0.1530511611293861,0.4390962671905698,0.45217316860695256,13.429999999999998,0.09084139985107997,13.3584,0.0966882261348665,13.0144,0.12567617408409149,11.588099999999999,0.26422795799138776,0.021176291677755144,0.006722334428601373,0.0024463822059461737,0.045476089104536266,True,8033220.0,2.292019887417499,111070444250.0,2.423502731240764,269179525000.0,111070444250.0,0.41113501707946787,0.017346206728230087,0.4499999999999993,0.3274999999999997,0.02235494880546073,0.022553784513544096,0.99118393154976,0.45,0.6800990138450086,14.65,1.0,0.0,14.5,14.5,12.8,12.65,13.892902621539122,13.577152648451815,0.315749973087307,0.16312802268213494,0.15262195040517207,True,True,False,True,0.6352372122202721,14.700474424440543,12.159525575559453,0.18919946752651456,0.05150684412344927,False,False,False,14.05,13.436506019738175,12.515716866067967,0.020129414560079884,0.06600910470409715,0.6613804087154467,0.6862255955089459,-0.02484518679349923,True,0.0,0.003780385201355152,0.2112284516746393,0.018159636023927127,0.6305431129500435,0.01577594017091437,0.17589082893939412,0.4912994628730952,0.45,0.5842806063194,0.1640024536553828,0.2806912498576583,0.1693087501423417,-0.044438812658645466,0.14181708981220353,-0.06302488929607569,0.17455751448575701,0.2727272727272727,0.36363636363636365,2727514341000.0,0.7429405211409372,-0.0035602715666538387,-0.02150635335637091,3,1.0,354,85.91603053435114,90.68702290076335,83.72137404580153,83.35877862595422,85.64885496183207,88.02361641221374,38.05555555555556,77.09775233248516,-2.5828032230703997,NEUTRAL
2026-10-07,DGW,48.2,48.2,47.0,47.25,828800,39378895000.0,Bán lẻ,HOSE,1752.43,-0.003780385201355152,-0.009154029695468635,-0.04087854109199163,-0.04151853593970478,-0.013076901416382736,-0.010471204188481686,0.03165938864628837,0.040813418341757,0.15525672371638155,0.19613526480837318,0.21153846153846145,0.25305699747816623,0.057756883814640725,0.07083378523102346,44.917500000000004,0.051928535648689156,41.585,0.1362270049296621,40.8135,0.15770517108309767,42.305550000000004,0.11687473629346501,0.02563077976938022,0.039521047895210604,0.060733598612386475,0.007019664931283698,True,2110775.0,0.3926519880138812,94689481000.0,0.4158740187835648,39378895000.0,94689481000.0,0.5167214753957383,0.025403492938147244,1.2000000000000028,1.8400000000000012,0.038941798941798965,0.03544622733326504,1.0986161820740075,0.6,0.6832395684049697,54.68,0.8641185076810534,-0.010471204188481686,48.9,48.9,44.1,39.55,46.0102363500242,44.56488491091712,1.4453514391070783,1.3579895171255238,0.08736192198155446,True,True,False,False,2.04271974273722,49.00293948547444,40.832060514525566,0.18190858732006182,0.08583474300488408,False,False,False,45.6,43.07193713388384,41.80525849250083,0.07181414308151424,0.18441558441558437,0.829128906022504,-0.03435817004412739,0.8634870760666313,True,0.005276057791537558,0.00905644299289271,0.5050515849791832,-0.008561914650705419,0.9818407197663874,-0.017453899157370452,0.13084078298667373,0.10594941565998234,0.55,1.1474381563563663,0.29441584545610333,0.2565853713554432,0.29341462864455686,0.10163934426229504,0.05361737945408651,0.21153846153846145,0.0,1.0,0.8333333333333334,594987645000.0,1.5643490124522683,0.14251788535428667,0.25305699747816623,3,0.8641185076810534,354,86.94656488549619,44.19847328244275,84.23664122137403,65.3053435114504,88.20610687022901,74.495169370229,91.38888888888889,76.60602205258692,1.8798935803646941,NEUTRAL
2026-10-07,NT2,22.0,22.65,22.0,22.5,1694300,37783660000.0,"Điện, nước & xăng dầu khí đốt",HOSE,1752.43,-0.003780385201355152,-0.009154029695468635,-0.04087854109199163,-0.04151853593970478,-0.013076901416382736,0.027397260273972712,0.07655502392344515,0.08570905361891379,0.09756097560975618,0.1384395167017478,0.02505694760820054,0.06657548354790532,-0.14122137404580148,-0.12814447262941875,21.0,0.0714285714285714,21.139,0.06438336723591465,21.854,0.02955980598517427,23.805999999999997,-0.054860119297655996,0.01424776624003865,-0.0011340547181402094,-0.021704924102184386,-0.036228528588123865,False,594675.0,2.849119266826418,12691954000.0,2.9769773826788217,37783660000.0,12691954000.0,0.1792344351082369,0.016068700434472387,0.75,0.4200000000000005,0.01866666666666669,0.02330460406905576,0.8009862176312448,0.5,0.6058771597931644,28.9,0.7785467128027682,0.0,22.55,22.55,20.45,20.2,21.55196785302624,21.272108408252627,0.2798594447736136,0.06282680584003544,0.21703263893357813,True,False,False,False,0.7089651464969269,22.417930292993855,19.582069707006145,0.13504098028512906,0.05889661580725442,False,True,True,22.3,21.341626570740832,22.305847525385882,-0.0042875816612572,0.022935779816513735,-0.7437029406362008,-0.8095840173647351,0.06588107672853427,False,-0.0033112582781456568,0.00046912692320949523,0.2503962982078153,0.02834385473419165,1.0182266740450427,0.02786617718746706,0.08824339190012319,-0.000527142774624411,0.4166666666666667,0.6577559081864128,0.1841445286730481,0.2799587603565245,0.13670790631014218,-0.023953464742938357,0.12151444035269454,-0.026214526214526246,0.05127147382272679,0.25,0.25,152721795000.0,0.7612487925825501,0.01692507634905327,0.015304009725178536,2,0.7785467128027682,354,82.55725190839695,88.32061068702289,75.11450381679388,90.22900763358781,64.46564885496184,60.03369513358778,48.05555555555556,75.60920271416455,20.840756533608996,EMERGING
2026-10-07,MWG,75.3,77.1,74.7,77.1,4261500,323968320000.0,Bán lẻ,HOSE,1752.43,-0.003780385201355152,-0.009154029695468635,-0.04087854109199163,-0.04151853593970478,-0.013076901416382736,0.014473684210526194,0.05761316872427957,0.06676719841974821,0.053278688524589946,0.09415722961658157,0.00390625,0.04542478593970478,-0.043898809523809645,-0.03082190810742691,72.76,0.05964815832875181,72.191,0.0680001662257066,74.6883,0.03229019806315048,79.26065,-0.027260059058309527,-0.00013741926618093814,-0.005726736338745209,-0.019871128211951472,-0.02595639461336019,False,2889050.0,1.4750523528495527,210905410000.0,1.5360834982848472,323968320000.0,210905410000.0,-0.0496596574495759,0.014264981556453062,2.3999999999999915,1.7449999999999997,0.022632944228274963,0.02513442106184817,0.9004760512518736,0.55,0.6177047818487046,92.26,0.8356817689139387,-0.00631524681015605,76.8,76.8,70.8,68.6,73.94138568430208,73.32164423045924,0.6197414538428347,0.1108996677607628,0.508841786082072,True,True,False,False,1.6375205904698198,76.03504118093964,69.48495881906037,0.09002312207090814,0.060941827600402586,False,False,False,73.2,73.17481622987285,75.49304260895231,-0.009219593309496621,-0.029435163086714344,-1.7899441173124728,-1.8901162315451556,0.1001721142326828,False,0.005276057791537558,0.00905644299289271,0.9998726360696005,0.018253587927163677,0.7301990201409151,0.011640582127791364,-0.03204120444945538,-0.026853105597012882,0.5166666666666667,0.9530310157056744,0.27467156880050925,0.2882084258266536,0.2284582408400131,0.10163934426229504,-0.048360655737705094,0.21153846153846145,-0.20763221153846145,1.0,0.8333333333333334,594987645000.0,1.5643490124522683,0.14251788535428667,0.25305699747816623,2,0.8356817689139387,354,65.41984732824427,77.06106870229007,73.3969465648855,82.21374045801528,68.1679389312977,43.68171517175571,91.38888888888889,75.1193808312129,22.895205483990672,EMERGING
2026-10-07,GVR,32.85,34.1,32.85,33.85,2999800,100778550000.0,Hóa chất,HOSE,1752.43,-0.003780385201355152,-0.009154029695468635,-0.04087854109199163,-0.04151853593970478,-0.013076901416382736,0.032012195121951414,0.032012195121951414,0.04116622481742005,0.06782334384858046,0.10870188494057209,0.09193548387096784,0.13345401981067262,0.01957831325301207,0.032655214669394805,31.9925,0.058060482925685664,30.745000000000005,0.10099203122458933,32.302,0.0479227292427713,33.018,0.025198376643043252,0.003056905471076954,0.015256084271703774,0.006152436430278074,-0.010719098370697067,False,2356875.0,1.2727870591355077,75787793500.0,1.3297464584451848,100778550000.0,75787793500.0,-0.12143098587451107,0.019035124564020976,1.3000000000000043,1.0050000000000014,0.029689807976366365,0.03568618276405092,0.8319692854982208,0.5,0.5431853619729514,45.75,0.7398907103825136,0.0,33.8,33.8,31.8,29.75,32.57779690746637,32.06667825142441,0.5111186560419583,0.38348933778284267,0.1276293182591156,True,True,False,False,0.9255545990319888,33.84360919806398,30.141390801936023,0.11572144709316112,0.1037871106160748,False,True,True,32.75,31.719237783613927,31.91755782392881,0.014197398256208915,0.0702614379084967,-0.21247173883770643,-0.3822551987279162,0.16978345989020976,False,0.005102040816326703,0.008882426017681855,0.819550674253301,0.03511041236265923,1.4473632881371683,0.022254315035072088,0.08563626675272129,0.18283163380093315,0.48333333333333334,1.019140530475556,0.2957744185448191,0.2902194640485974,0.19311386928473595,0.008021390374331583,0.05980195347424888,0.03242727706247028,0.059508206808497555,0.46153846153846156,0.6923076923076923,349687150000.0,0.8666195214270755,0.04889993146632321,0.07394581300217506,3,0.7398907103825136,354,81.10687022900763,70.57251908396947,74.23664122137404,78.32061068702292,78.3969465648855,72.25339933206105,64.72222222222221,73.82230703986428,-2.5396721268023867,NEUTRAL
2026-10-07,DCL,47.0,47.15,45.9,46.9,518400,24254135000.0,Y tế,HOSE,1752.43,-0.003780385201355152,-0.009154029695468635,-0.04087854109199163,-0.04151853593970478,-0.013076901416382736,-0.0021276595744681437,0.04222222222222216,0.051376251917690796,0.21818181818181825,0.2590603592738099,0.23421052631578942,0.2757290622554942,0.006437768240343367,0.019514669656726102,42.2675,0.10959957414088839,40.194,0.1668408220132358,39.080999999999996,0.20007164606842198,43.81799999999999,0.07033639143730896,0.05149573978481259,0.03694339817346881,0.0437831100031163,0.021258247860455937,True,1572625.0,0.3296399332326524,66823003250.0,0.3629608640793917,24254135000.0,66823003250.0,0.7961168822003013,0.03003094263524777,1.25,1.935,0.04125799573560768,0.023767907801418423,1.7358698998801014,0.55,0.7577235513870122,60.9,0.7701149425287356,-0.0021276595744681437,47.7,47.7,39.5,36.3,44.81839639858085,42.629619387050106,2.188777011530746,1.6541058188706055,0.5346711926601406,True,True,False,False,3.6373889926992153,49.54227798539843,34.99272201460157,0.3442256100028831,0.036038076005857955,False,False,False,46.5,41.19145633262802,40.475704805715644,0.06734179080054559,0.22691292875989455,0.336617276588413,-0.5771526830549214,0.9137699596433344,True,-0.0021276595744681437,0.0016527256268870083,0.12843727099328106,-0.0016421172159027026,0.8450556335684979,-0.003038762317646596,-0.0009886405307453871,0.022150167814949176,0.43333333333333335,0.912545744496316,0.33669736524899563,0.36896491740788007,0.06436841592545328,0.21818181818181825,0.0,0.23421052631578942,0.0,1.0,1.0,24254135000.0,0.3629608640793917,0.2590603592738099,0.2757290622554942,3,0.7701149425287356,354,83.70229007633587,42.137404580152676,84.50381679389314,65.11450381679391,84.80916030534353,48.359374999999986,84.44444444444444,73.61980491942325,-15.038181191687869,FADING
2026-10-07,VEA,37.4,37.8,37.4,37.5,310400,11655830000.0,Hàng & Dịch vụ Công nghiệp,UPCOM,1752.43,-0.003780385201355152,-0.009154029695468635,-0.04087854109199163,-0.04151853593970478,-0.013076901416382736,0.002673796791443861,0.016260162601626105,0.02541419229709474,0.04456824512534818,0.08544678621733981,0.06837606837606836,0.10989460431577314,0.1160714285714286,0.12914832998781134,36.655,0.02305278952393941,35.538000000000004,0.055208509201418066,35.19,0.06564364876385342,34.82149999999999,0.07692086785463026,0.014530860780514798,0.013922967189729185,0.01968323195225552,0.018700787401574548,True,350480.0,0.8856425473636156,12909557500.0,0.9028837742889328,11655830000.0,12909557500.0,0.810729818559635,0.008318990069287546,0.3999999999999986,0.5650000000000002,0.015066666666666671,0.011516529669897852,1.3082644771061758,0.4,0.48131134444190826,40.5,0.9259259259259259,-0.0026595744680851796,38.0,38.0,35.9,35.2,37.063721939285614,36.50141449718483,0.5623074421007814,0.5095616352092951,0.052745806891486335,True,True,False,False,0.6541165194767815,37.96323303895356,35.34676696104644,0.07138087785860373,0.02680732081620816,False,False,False,37.5,36.07824739739606,35.24728841275626,0.03028114820671024,0.07449856733524363,0.5879000482588879,0.2934182809006012,0.2944817673582867,True,0.030425963488843744,0.034206348690198896,0.1553012420219177,0.0032608953085355935,0.2936479158490812,-0.00678372769314826,0.05808868635005408,0.13211624269552824,0.4,0.2885043021799062,0.08975649096634564,0.31110971409492216,0.08889028590507786,0.09206349206349196,-0.047495246938143776,0.06902985074626855,-0.0006537823702001955,0.782608695652174,0.782608695652174,1085290936000.0,1.5681989843295352,0.13294203315548359,0.11054838668597333,3,0.9259259259259259,354,66.79389312977099,71.29770992366413,78.70229007633588,70.72519083969468,79.23664122137406,59.47310353053434,81.94444444444444,73.33163698049195,-2.118015797285821,NEUTRAL
2026-10-07,AAS,9.7,10.1,9.7,10.0,1630900,16286020000.0,Dịch vụ tài chính,UPCOM,1752.43,-0.003780385201355152,-0.009154029695468635,-0.04087854109199163,-0.04151853593970478,-0.013076901416382736,0.030927835051546504,0.11111111111111116,0.1202651408065798,0.23456790123456805,0.2754464423265597,0.11111111111111116,0.15262964705081594,0.098901098901099,0.11197800031748173,9.125,0.09589041095890405,8.08,0.2376237623762376,8.258,0.2109469605231291,8.744,0.14364135407136325,0.06228172293364387,0.02746693794506605,0.03298389158782933,0.015369482355834352,False,1747765.0,0.9331346033362609,15809392500.0,1.0301483754040517,16286020000.0,15809392500.0,2.837510619705318,0.03262098122144468,0.40000000000000036,0.4150000000000002,0.04150000000000002,0.033534136546184756,1.2375449101796407,0.5,0.549052647238044,11.8,0.847457627118644,0.0,10.3,10.3,9.0,7.6,9.431967997741179,8.93577029981316,0.49619769792801804,0.4389283693281568,0.057269328599861224,True,True,False,False,0.4865290600937256,10.098058120187451,8.151941879812549,0.2132730126438249,0.05977686513848309,False,False,False,9.7,8.630299564279206,8.594279915897497,0.09198126378830507,0.14117647058823524,0.014381596205218727,-0.2391239042175377,0.25350550042275644,True,-0.011235955056179803,-0.007455569854824651,0.5460007136639007,0.03299192806941086,0.8458385283538689,0.03929813630345522,0.43929155564588585,0.5109815770036259,0.36666666666666664,1.2811682598363459,0.3342342342342344,0.260882387358651,0.10578427930801565,-0.1348314606741573,0.36939936190872535,-0.2109548529180431,0.3220659640291543,0.043478260869565216,0.043478260869565216,812161741000.0,0.5735041086847047,-0.09395291958216567,-0.16943631697833833,3,0.847457627118644,354,93.2442748091603,78.81679389312978,85.19083969465649,87.21374045801527,85.61068702290075,85.01103291984731,16.38888888888889,72.65564037319761,15.116360859308728,EMERGING
2026-10-07,HHP,17.75,17.8,17.5,17.45,567300,9994185000.0,Tài nguyên Cơ bản,HOSE,1752.43,-0.003780385201355152,-0.009154029695468635,-0.04087854109199163,-0.04151853593970478,-0.013076901416382736,-0.016901408450704314,0.00867052023121384,0.017824549926682476,0.0738461538461539,0.11472469493814552,0.28782287822878216,0.32934141416848695,0.4889078498293513,0.501984751245734,17.21,0.01394538059267858,15.753,0.10772551260077434,14.6928,0.18765653925732328,13.32865,0.3092098599633122,0.024252343401279575,0.04797828603360865,0.09717366170304631,0.07456137143191488,True,979885.0,0.5789454885012016,16827419000.0,0.5939226330550157,9994185000.0,16827419000.0,-0.20297914968499453,0.011388569746992821,0.3000000000000007,0.3775000000000004,0.021633237822349594,0.03093499093499094,0.6993128870737757,0.55,0.5794863682983207,17.95,0.9721448467966574,-0.027855153203342642,18.1,18.1,16.8,16.0,17.407953187086985,16.85361595243425,0.5543372346527349,0.5928643465437831,-0.03852711189104818,False,True,False,False,0.39556754696303925,18.00113509392608,16.41886490607392,0.09193899987519813,0.08316276331958136,False,False,False,17.9,16.291559860883787,14.433790611642925,0.09502387144670243,0.3171449595290654,1.3090511715011495,1.0289900156328329,0.2800611558683166,True,0.008298755186721962,0.012079140388077114,0.05360480105384969,-0.016698761654078752,0.39174050141415856,-0.021430650166356095,0.2690501834928499,0.4374883940841639,0.5833333333333334,0.8177758075580837,0.25955074272146605,0.3173861837469814,0.26594714958635196,0.06796116504854366,0.0058849887976102355,0.0721247563352827,0.21569812189349946,0.6363636363636364,0.7272727272727273,572004022000.0,1.1933798779952989,0.10883970614053529,0.11364329227498748,3,0.9721448467966574,354,78.85496183206106,46.06870229007633,86.98473282442747,67.29007633587788,94.00763358778624,94.31327528625951,77.22222222222221,71.95780322307039,-2.113811360262943,NEUTRAL
2026-10-07,BSR,31.4,31.6,31.0,31.55,5903800,185016505000.0,Dầu khí,HOSE,1752.43,-0.003780385201355152,-0.009154029695468635,-0.04087854109199163,-0.04151853593970478,-0.013076901416382736,0.014469453376205754,0.05166666666666675,0.060820696362135385,0.17286245353159857,0.2137409946235902,0.35757314974182464,0.3990916856815294,0.2416371507280599,0.25471405214444265,29.577499999999997,0.06668920632237363,27.150200000000005,0.16205405485042457,27.070300000000003,0.16548394365780927,25.539500000000004,0.2353413340120205,0.03735203857957026,0.043099076393477986,0.0748553013927491,0.030519327257638507,True,12611020.0,0.4681461134785291,375419147500.0,0.49282650134407435,185016505000.0,375419147500.0,0.44227972577372565,0.026838967427596207,0.6000000000000014,1.2825000000000002,0.040649762282091925,0.043925840870668455,0.9254179652878509,0.55,0.6189538990501958,37.43,0.8429067592839968,0.0,32.1,32.1,29.8,26.2,30.50208787831258,29.322525596849808,1.179562281462772,1.1685472149626128,0.011015066500159154,True,True,False,False,1.866214505073727,33.30992901014745,25.845070989852545,0.25238299451592955,0.1526663699871767,False,False,False,30.45,28.086388115074293,26.09687121947301,0.07869891793212203,0.20737509912767638,1.3247449798609772,1.0053956694560993,0.3193493104048779,True,-0.005917977050573786,-0.002137591849218634,0.5379503410446249,0.01650311288455481,1.1643664321651708,0.01899205307945486,0.21755525791640654,0.3136338574926786,0.55,1.3286061594376526,0.28631130872069466,0.21549750216563734,0.3345024978343627,-0.026462067106859055,0.19932452063845763,0.047043526462705376,0.31052962327911926,0.3333333333333333,0.5,433703030000.0,0.5173166001693237,0.014416473985132572,0.08856206240241016,3,0.8429067592839968,354,93.93129770992365,49.38931297709924,84.46564885496183,70.72519083969466,91.98473282442747,90.65780057251906,49.166666666666664,71.94974554707379,-6.461278758481768,NEUTRAL
2026-10-07,IDC,33.9,35.8,33.7,35.0,3098500,106960560000.0,Bất động sản,HNX,1752.43,-0.003780385201355152,-0.009154029695468635,-0.04087854109199163,-0.04151853593970478,-0.013076901416382736,0.03244837758112107,0.04166666666666652,0.050820696362135154,0.09375,0.13462854109199163,0.0037281330656726563,0.04524666900537744,-0.17374881964117095,-0.1606719182247882,32.37500000000001,0.08108108108108092,32.687000000000005,0.07076207666656464,34.6066,0.011367773777256396,36.47855,-0.04053203869123079,0.012351469668542947,0.00015910996334378424,-0.02737524920403467,-0.04598521834777414,False,1375495.0,2.2526435937607916,44660122000.0,2.3949903226865343,106960560000.0,44660122000.0,0.22984804409739468,0.01535797603198718,2.0999999999999943,1.105,0.03157142857142857,0.030331968849840275,1.0408631476487495,0.5,0.6125322156750842,45.15,0.7751937984496124,-0.013528748590755257,34.1,34.1,29.1,29.1,33.41022108146375,32.9343323131462,0.475888768317553,0.1390485396305074,0.3368402286870456,True,False,False,False,1.4223312960733867,35.21966259214678,29.530337407853235,0.1757320520245111,0.08758447987885586,False,False,False,33.7,33.077597379021576,34.703781516293176,-0.01478304407738662,-0.016345592527728936,-1.2470369328413682,-1.180547385759001,-0.0664895470823672,False,-0.007601621338243381,-0.0038212361368882286,0.48406841720662974,0.034278342661972425,0.662766182257344,0.036810928747921634,0.15238202954275434,0.01719854973835242,0.4,0.8048751566001738,0.19998729675490123,0.2484699584959932,0.1515300415040068,-0.09853254079264318,0.19228254079264318,-0.17522954019664538,0.17895767326231804,0.038461538461538464,0.07692307692307693,1794718569000.0,0.6301366595471117,-0.05765399970065155,-0.1337110042569406,2,0.7751937984496124,354,80.19083969465649,86.56488549618321,76.25954198473282,85.64885496183207,63.05343511450381,70.66316793893128,22.22222222222222,69.40436810856657,11.210357691899908,EMERGING
2026-10-07,PVS,33.6,34.3,33.5,33.8,3035700,102732190000.0,Dầu khí,HNX,1752.43,-0.003780385201355152,-0.009154029695468635,-0.04087854109199163,-0.04151853593970478,-0.013076901416382736,0.005952380952380931,0.04643962848297223,0.05559365817844086,0.039999999999999813,0.08087854109199144,0.11440817672271675,0.15592671266242153,0.06189129751806477,0.0749681989344475,32.985,0.02470820069728652,30.9406,0.0924157902561682,31.541900000000002,0.0715904875736717,32.483850000000004,0.040517056937524165,0.008145238932102616,0.01413334906618946,0.02031354082164305,0.005101683141183644,False,3582760.0,0.8473076622492157,118811922950.0,0.8646622952414726,102732190000.0,118811922950.0,0.39057087130875745,0.024255481383810257,0.7999999999999972,1.5729999999999993,0.04653846153846152,0.04517869644501901,1.0300974840010557,0.4,0.47719635141622657,45.5,0.7428571428571428,-0.014577259475218707,34.9,35.3,32.1,28.9,33.27830455175261,32.64655089251108,0.6317536592415323,0.6863636313681573,-0.054609972126624995,False,True,False,False,0.8439662003705917,34.67293240074118,31.297067599258817,0.10234545403918038,0.09733134094253111,False,True,False,33.5,32.03034415423364,31.566413429191098,0.033022225296133634,0.11037454424925408,0.25119168588515706,-0.02412700221380451,0.27531868809896154,True,-0.005917977050573786,-0.002137591849218634,0.684819788837912,0.008541263547698933,0.8530683506267116,0.010364775500824977,0.03710745861037958,0.1434734951481553,0.45,1.1138044871792676,0.27523256478829683,0.24711030342975981,0.2028896965702402,-0.026462067106859055,0.06646206710685887,0.047043526462705376,0.06736465026001137,0.3333333333333333,0.5,433703030000.0,0.5173166001693237,0.014416473985132572,0.08856206240241016,3,0.7428571428571428,354,82.21374045801527,67.17557251908397,69.84732824427482,72.55725190839696,77.63358778625954,69.09947519083967,49.166666666666664,69.37150127226462,7.9839144667090665,NEUTRAL
2026-10-07,NAB,12.9,12.9,12.6,12.7,2086100,26509570000.0,Ngân hàng,HOSE,1752.43,-0.003780385201355152,-0.009154029695468635,-0.04087854109199163,-0.04151853593970478,-0.013076901416382736,-0.015503875968992276,0.05833333333333335,0.06748736302880198,0.10917030567685582,0.15004884676884744,-0.04511278195488733,-0.003594246015182545,0.1308993766696347,0.14397627808601743,11.87,0.06992417860151634,11.893999999999998,0.0677652597948546,12.228499999999999,0.03855746820951067,11.916300000000001,0.06576705856683684,0.02195436934997841,-0.012208288348143914,-0.038946347769877265,0.003742951185677912,False,1746105.0,1.1947162398595732,20956494500.0,1.2649811255408199,26509570000.0,20956494500.0,0.3766686544440718,0.018767157252572293,0.3000000000000007,0.3375000000000002,0.026574803149606314,0.020309708820766798,1.308477801633149,0.4,0.510759662219626,13.35,0.951310861423221,-0.048689138576779034,13.1,13.1,11.7,11.0,12.281457247828191,12.03893925861771,0.24251798921048184,0.11006078437782993,0.13245720483265191,True,False,False,False,0.562513157740828,12.995026315481656,10.744973684518342,0.18955793015697675,0.07465252682749798,False,False,False,12.5,11.984073071438068,12.000710766455796,0.0037440802480441793,-0.06015037593984962,-0.012608998147253914,0.002521100173001745,-0.015130098320255659,False,0.0,0.003780385201355152,0.40572220584311536,-0.013970089746161794,0.5014419440838407,-0.015865733450915104,0.008562219018179905,0.20151361601747603,0.3,0.6653985370538981,0.1853627875038365,0.2785740833223712,0.021425916677628776,-0.044438812658645466,0.15360911833550128,-0.06302488929607569,0.017912107341188366,0.2727272727272727,0.36363636363636365,2727514341000.0,0.7429405211409372,-0.0035602715666538387,-0.02150635335637091,2,0.951310861423221,354,78.20610687022901,77.06106870229007,74.58015267175573,82.36641221374047,66.7175572519084,54.875954198473266,38.05555555555556,69.16454622561493,13.98985004505937,EMERGING
2026-10-07,MCH,142.4,144.5,141.0,142.7,664700,94536910000.0,Thực phẩm và đồ uống,HOSE,1752.43,-0.003780385201355152,-0.009154029695468635,-0.04087854109199163,-0.04151853593970478,-0.013076901416382736,0.012056737588652444,0.007057163020465884,0.01621119271593452,0.004929577464788615,0.04580811855678024,0.04183397824341095,0.08335251418311573,0.025585740980307525,0.03866264239669026,142.115,0.00411638461809094,139.2522,0.024759393388398943,134.9497,0.05743102800524924,143.48035,-0.0054387238391877535,-0.003121492704825979,0.009643117641684906,0.02638713015636207,0.009865952063625727,True,644820.0,1.0308303092335847,92119645500.0,1.0262404885177288,94536910000.0,92119645500.0,1.0373408393221917,0.00863596463109617,3.5,2.3250000000000015,0.01629292221443589,0.020077609438326205,0.8114971189415751,0.5,0.4996588195155237,179.24,0.7961392546306627,-0.019917582417582458,145.9,145.9,137.7,137.7,141.48708585535084,141.06557487907318,0.4215109762776592,0.8238724515416422,-0.402361475263983,False,True,False,False,1.6258681891291042,145.36673637825822,138.8632636217418,0.045762043109569224,0.048278919278090894,True,True,False,139.2,139.71108265254495,137.88532042982143,0.01312808483194483,0.03872845310051498,1.1105831618675381,0.2600757731763318,0.8505073886912063,False,-0.001897831050228338,0.001882554151126814,0.4180221377457799,0.013637022292025435,0.3027937944178741,0.013066996577408627,0.0624527954355604,0.08340478027561424,0.5166666666666667,0.5230980898542889,0.14415086141566658,0.27557137793376457,0.24109528873290215,-0.02882031596043111,0.033749893425219724,-0.010596003792855302,0.052429982036266254,0.2777777777777778,0.3888888888888889,1529560853000.0,2.1073144558437624,0.012058225131560518,0.03092253214684948,3,0.7961392546306627,349,70.30534351145037,77.40458015267176,70.83969465648855,69.46564885496184,73.70229007633588,70.74129293893128,53.611111111111114,68.84817642069551,11.15828926791773,EMERGING
2026-10-07,DPR,37.7,38.3,37.6,37.7,659200,24950650000.0,Hóa chất,HOSE,1752.43,-0.003780385201355152,-0.009154029695468635,-0.04087854109199163,-0.04151853593970478,-0.013076901416382736,0.0026595744680850686,-0.025839793281653756,-0.01668576358618512,0.008021390374331583,0.04889993146632321,-0.007894736842105177,0.033623799097599605,-0.08827085852478833,-0.0751939571084056,37.847500000000004,-0.0038972191029791325,36.913999999999994,0.02129273446388935,38.569,-0.022531048251186125,39.47375,-0.04493492510845809,0.005045475668857602,0.00035229397577296595,-0.005227983184219243,-0.017012220763829466,False,330665.0,1.9935584352743714,12575236000.0,1.9841098807211253,24950650000.0,12575236000.0,0.6231252085942964,0.012887266362518572,0.6999999999999957,0.8125000000000003,0.021551724137931043,0.022301284609245527,0.9663893589787318,0.5,0.49258312793915293,47.5,0.7936842105263159,-0.025839793281653756,39.4,39.4,37.2,37.0,37.91073443234394,37.68307348598206,0.22766094636188683,0.28157588007451106,-0.053914933712624236,False,True,False,False,0.5053594343584106,38.858218868716826,36.83678113128318,0.05341007298853672,0.057071656129612826,True,True,False,38.15,37.778032186184674,38.506048090610584,0.011100161609670867,-0.007802340702210753,-0.5764854932145198,-0.681821776670247,0.10533628345572721,False,0.005102040816326703,0.008882426017681855,0.3679903217997544,0.0040507196348587805,0.8674268754664507,-0.003654135412220899,-0.01818320993403723,0.01723278098674198,0.4666666666666667,0.5524041011098095,0.1282795539772874,0.2322204953213904,0.23444617134527626,0.008021390374331583,0.0,0.03242727706247028,-0.04032201390457546,0.46153846153846156,0.6923076923076923,349687150000.0,0.8666195214270755,0.04889993146632321,0.07394581300217506,2,0.7936842105263159,354,60.26717557251908,83.93129770992367,68.6259541984733,70.83969465648856,64.46564885496183,52.2307371183206,64.72222222222221,68.7459711620017,33.09254234255725,EMERGING
2026-10-07,PHR,32.9,33.6,32.9,33.45,482500,16046845000.0,Hóa chất,HOSE,1752.43,-0.003780385201355152,-0.009154029695468635,-0.04087854109199163,-0.04151853593970478,-0.013076901416382736,0.0182648401826484,0.04531250000000009,0.054466529695468724,0.0048062481225594755,0.0456847892145511,-0.020784543325526705,0.020733992614178076,-0.022215726395790614,-0.009138824979407878,32.527,0.028376425738617206,32.232,0.03778853313477293,33.7125,-0.007786429365962078,33.485099999999996,-0.0010482274205539932,-0.0008140445727801149,-0.00802639353949175,-0.018161215052911683,-0.008126230188268524,False,507950.0,0.9498966433704105,16626177000.0,0.9651554292968251,16046845000.0,16626177000.0,0.40124111845106736,0.02003981384860355,0.75,0.943,0.028191330343796707,0.027596053872961483,1.021571072211106,0.45,0.42738458509695837,38.72,0.8638946280991736,-0.03602305475504319,34.6,34.6,31.45,30.8,32.69256620086264,32.5912977196502,0.10126848121244336,-0.04905412688794085,0.15032260810038423,True,True,False,False,0.90975473849308,34.346509476986164,30.707490523013842,0.11187687010705942,0.0778245228918054,False,False,False,33.2,32.68974380562186,32.94318155486826,-0.009303961844383535,-0.03263403263403253,-0.22428691692653047,-0.11806169370774586,-0.10622522321878461,False,0.005102040816326703,0.008882426017681855,0.3757281073237586,0.019685237159308318,0.98179846281588,0.010964484949072494,-0.018918544369229167,0.11223290621529125,0.4,0.835059673017692,0.24810221437161006,0.2971071677728517,0.10289283222714835,0.008021390374331583,-0.0032151422517721073,0.03242727706247028,-0.05321182038799699,0.46153846153846156,0.6923076923076923,349687150000.0,0.8666195214270755,0.04889993146632321,0.07394581300217506,2,0.8638946280991736,354,63.206106870229014,68.3969465648855,67.78625954198473,71.52671755725191,65.1526717557252,47.34136450381679,64.72222222222221,65.72307039864292,5.113044356976246,NEUTRAL
2026-10-07,SBT,22.9,23.0,22.65,22.75,1063600,24230155000.0,Thực phẩm và đồ uống,HOSE,1752.43,-0.003780385201355152,-0.009154029695468635,-0.04087854109199163,-0.04151853593970478,-0.013076901416382736,-0.0065502183406113135,0.006637168141592875,0.01579119783706151,-0.004376367614879695,0.03650217347711193,0.07058823529411762,0.1121067712338224,0.09903381642512077,0.1121107178415035,22.825,-0.003285870755750264,22.35,0.017897091722594904,21.686499999999995,0.04903972517464816,21.79115,0.04400180807346099,-0.0040362168648413466,0.0144335511982574,0.030238775698349984,0.021786553964596722,True,1202680.0,0.884358266538065,27464395750.0,0.8822387800030154,24230155000.0,27464395750.0,0.19352845421507925,0.008811520923776182,0.3500000000000014,0.37750000000000006,0.016593406593406596,0.017641625615763518,0.9405826285407455,0.4,0.44349286593275017,25.36,0.8970820189274448,-0.05797101449275355,23.25,23.45,22.2,22.2,22.723771302110574,22.707279471437097,0.016491830673476926,0.07583244361153342,-0.059340612938056495,False,True,False,False,0.2250730875444125,23.275146175088825,22.374853824911174,0.03944325740099237,0.0390779870651178,False,True,False,22.3,22.481589385242145,21.942368477917956,0.01141519872077823,0.04694835680751175,0.3848377405450236,0.26200328035770337,0.12283446018732025,False,-0.001897831050228338,0.001882554151126814,0.003815416358685733,-0.006535794597071929,0.3910972856623946,-0.007272056415690099,0.07297251700432703,0.12202777050796723,0.43333333333333335,0.4636753596407218,0.176762323739869,0.3812200067668746,0.05211332656645873,-0.02882031596043111,0.024443948345551414,-0.010596003792855302,0.08118423908697292,0.2777777777777778,0.3888888888888889,1529560853000.0,2.1073144558437624,0.012058225131560518,0.03092253214684948,3,0.8970820189274448,354,70.45801526717557,64.00763358778626,70.72519083969465,63.16793893129772,77.90076335877863,63.96886927480915,53.611111111111114,65.52947413061916,12.226305727841385,EMERGING
2026-10-07,VIB,13.5,14.0,13.4,13.9,9501000,130434555000.0,Ngân hàng,HOSE,1752.43,-0.003780385201355152,-0.009154029695468635,-0.04087854109199163,-0.04151853593970478,-0.013076901416382736,0.029629629629629672,0.03345724907063197,0.0426112787661006,0.034996276991809516,0.07587481808380114,-0.05442176870748294,-0.012903232767778161,-0.07456724367509981,-0.06149034225871708,13.528,0.027498521584861102,13.421000000000001,0.0356903360405334,14.032099999999998,-0.009414129032717655,14.515349999999998,-0.0423930528716151,0.00036974044220960955,-0.012537339788395552,-0.031548108700985567,-0.019365163670925,False,4861310.0,1.9544114652223372,65833966700.0,1.9812653184697133,130434555000.0,65833966700.0,0.019047185523687116,0.01394344010209938,0.5999999999999996,0.26749999999999996,0.01924460431654676,0.020875898914134362,0.9218575159662653,0.5,0.49886964624761637,17.8,0.7808988764044944,-0.06334231805929913,13.75,13.84,13.25,13.15,13.523410863835766,13.513018735769283,0.010392128066483153,-0.01808830764739357,0.028480435713876723,True,True,False,True,0.17605621111920292,13.880112422238406,13.175887577761594,0.052056833565701656,0.05224990019434259,True,True,True,13.35,13.568052693646269,14.137557167487532,-0.013785792883533321,-0.08373369938229247,-0.4134226684296909,-0.4124491676192769,-0.0009735008104139742,False,0.0,0.003780385201355152,0.7379798917648976,0.03241947789135537,0.8225089228525707,0.029310077331420943,0.036625177867178754,0.04357360458985293,0.4,0.6426394796928072,0.1562734487369516,0.24317436708316303,0.156825632916837,-0.044438812658645466,0.07943508965045498,-0.06302488929607569,0.00860312058859275,0.2727272727272727,0.36363636363636365,2727514341000.0,0.7429405211409372,-0.0035602715666538387,-0.02150635335637091,1,0.7808988764044944,354,69.16030534351145,78.12977099236642,66.94656488549619,79.00763358778629,58.05343511450382,55.54270038167938,38.05555555555556,64.73897370653096,18.0506056509754,NEUTRAL
2026-10-07,NTP,51.3,52.4,51.3,52.6,119700,6205520000.0,Xây dựng và Vật liệu,HNX,1752.43,-0.003780385201355152,-0.009154029695468635,-0.04087854109199163,-0.04151853593970478,-0.013076901416382736,0.021359223300970953,-0.005671077504725841,0.003482952190742794,0.04990019960079839,0.09077874069279002,0.05622489959839361,0.09774343553809839,0.1390212213079256,0.15209812272430834,52.364999999999995,0.004487730354244324,50.65599999999999,0.038376500315856266,50.2537,0.04668909950909095,50.0898,0.05011399526450511,0.007891444519295465,0.01433720464557453,0.021702299314239504,0.015681780515706123,True,208515.0,0.5740594201855982,11057831000.0,0.5611878134147646,6205520000.0,11057831000.0,0.15462169246549795,0.021510904930333398,1.1000000000000014,1.78,0.0338403041825095,0.02450092176138725,1.3811849412066142,0.4,0.6048485720451766,60.08,0.8754993342210386,-0.04537205081669693,55.1,55.5,51.0,46.4,52.24609649474831,51.86659105309559,0.37950544165271793,0.5531333503744227,-0.17362790872170475,False,True,False,False,1.1027596961116428,54.57051939222328,50.15948060777671,0.0842363942413172,0.038447540978873006,False,False,False,51.3,51.35140355189773,50.442328755626754,0.02744180576003874,0.04693877551020398,0.6488323571879846,0.3519309788138403,0.2969013783741443,False,-0.003732642515912543,4.7742685442608845e-05,0.3590660885108598,0.022716631428285887,0.4535768713270212,0.02269497645039408,0.11373146704128746,0.24371956433749478,0.4166666666666667,0.7301150481177758,0.21631394757712563,0.29627378333699506,0.12039288332967163,-0.02449494949494946,0.07439514909574785,-0.04520511072031014,0.10143001031870374,0.4090909090909091,0.4090909090909091,271368458000.0,0.957190824427022,0.01638359159704217,-0.003686574780605356,3,0.8754993342210386,354,75.87786259541986,51.412213740458014,72.63358778625954,58.74045801526718,77.90076335877862,74.91114026717557,53.333333333333336,64.60368956743002,7.34804720631891,NEUTRAL
2026-10-07,DCM,33.5,34.1,33.3,34.0,1714900,57777485000.0,Hóa chất,HOSE,1752.43,-0.003780385201355152,-0.009154029695468635,-0.04087854109199163,-0.04151853593970478,-0.013076901416382736,0.008902077151335286,0.0,0.009154029695468635,0.042944785276073594,0.08382332636806522,0.04102878138395605,0.08254731732366083,-0.2052360916316036,-0.19215919021522088,33.152499999999996,0.025563682980167535,31.743,0.07110229026872061,33.745,0.007556675062972307,35.91015,-0.053192481791359825,0.015468259437935616,0.0050469230866652115,0.0014070110794235369,-0.04590782245318603,False,3227780.0,0.5312939543587233,106858939250.0,0.5406892994214333,57777485000.0,106858939250.0,0.3289493023349537,0.019048780209421943,0.8000000000000043,0.9525000000000009,0.02801470588235297,0.031329254213807445,0.89420276943606,0.4,0.4540442657182336,47.46,0.7163927517909818,-0.018759018759018753,34.9,34.9,32.1,31.2,33.36660598421144,32.89444416652102,0.4721618176904201,0.48847089333509874,-0.01630907564467865,False,True,False,False,0.7233829516492918,34.59926590329858,31.705734096701413,0.08727944518806025,0.10495786700324379,True,True,False,32.75,32.69667687928592,34.15796655177864,0.01573607732089255,-0.0015243902439023849,-1.1415702514018449,-1.332547034749593,0.19097678334774804,False,0.005102040816326703,0.008882426017681855,0.5495587557026159,0.010979620938668607,0.7196158308966863,0.004587686559576134,0.018990852336187247,-0.05452765938828898,0.43333333333333335,0.9962811580139372,0.23320126793090679,0.23407174375934997,0.19926158957398338,0.008021390374331583,0.03492339490174201,0.03242727706247028,0.008601504321485764,0.46153846153846156,0.6923076923076923,349687150000.0,0.8666195214270755,0.04889993146632321,0.07394581300217506,2,0.7163927517909818,354,72.91984732824427,46.335877862595424,69.58015267175573,58.60687022900765,61.7557251908397,54.05534351145037,64.72222222222221,63.96639100932993,-13.48347878233674,FADING
2026-10-07,HDB,28.1,28.15,27.6,28.05,8365400,233141080000.0,Ngân hàng,HOSE,1752.43,-0.003780385201355152,-0.009154029695468635,-0.04087854109199163,-0.04151853593970478,-0.013076901416382736,0.0,0.014466546112115841,0.023620575807584476,0.03125,0.07212854109199163,0.03125,0.07276853593970478,0.06451612903225801,0.07759303044864074,27.557499999999997,0.017871722761498843,26.973000000000003,0.03992881770659551,26.579,0.055344444862485354,26.6781,0.05142420187344676,0.005564677978471266,0.006154879140555014,0.014403911244829093,0.007658187056905685,True,11427020.0,0.7320718787575413,315372691750.0,0.7392557634153497,233141080000.0,315372691750.0,0.14782160753750118,0.010534107016585054,0.5499999999999972,0.5599999999999999,0.01996434937611408,0.02178149757041616,0.9165737714577464,0.4,0.44853907667965925,29.7,0.9444444444444445,-0.014059753954305698,28.65,28.65,26.9,26.5,27.83729618834104,27.538793196544013,0.2985029917970259,0.25796683314141095,0.04053615865561494,True,True,False,False,0.4428600230322193,28.443220046064436,26.67177995393556,0.06428159637590047,0.06244554573586476,False,True,False,28.45,27.29756479070454,26.543417999854544,0.019761448762277256,0.05370370370370359,0.4991199823668282,0.35793735364501916,0.14118262872180903,True,0.0,0.003780385201355152,0.6777397071841786,0.002562117159409843,0.6960156029383707,-6.908992585065703e-05,0.11345708398594823,0.1786731260858261,0.45,0.639578132935656,0.1594790318563697,0.2493503508701319,0.2006496491298681,-0.044438812658645466,0.07568881265864547,-0.06302488929607569,0.09427488929607569,0.2727272727272727,0.36363636363636365,2727514341000.0,0.7429405211409372,-0.0035602715666538387,-0.02150635335637091,3,0.9444444444444445,354,74.19847328244275,58.396946564885496,74.12213740458014,65.53435114503819,74.27480916030535,80.11331106870227,38.05555555555556,63.004240882103474,0.7943884515479169,NEUTRAL
2026-10-07,ANV,17.05,17.75,16.8,17.45,1168700,20308590000.0,Thực phẩm và đồ uống,HOSE,1752.43,-0.003780385201355152,-0.009154029695468635,-0.04087854109199163,-0.04151853593970478,-0.013076901416382736,0.014534883720930258,0.07716049382716039,0.08631452352262903,0.017492711370262537,0.058371252462254164,-0.14460784313725483,-0.10308930719755005,-0.2920892494929006,-0.27901234807651787,16.33,0.0685854255970606,16.861,0.03493268489413426,18.971,-0.0801750039534026,22.260249999999996,-0.21609146348311437,-0.005178190679256844,-0.027343524661090246,-0.08344205262013482,-0.07782422710480263,False,633885.0,1.8437098211820757,10533510500.0,1.927998268003815,20308590000.0,10533510500.0,0.1592740663518244,0.02380954563610304,0.9499999999999993,0.5349999999999999,0.030659025787965612,0.02835193377087731,1.0813733566018031,0.35,0.5599280626612083,32.28,0.5405824039653035,-0.13827160493827162,17.75,17.75,15.55,15.25,16.690938249238776,16.690468122373936,0.00047012686484038113,-0.22694697232795302,0.2274170991927934,True,False,False,False,0.5914745178470485,17.512949035694096,15.147050964305901,0.14488046977270022,0.10666628452558444,False,False,False,17.0,17.094283333092186,19.72315131136924,-0.052820740890887175,-0.13265306122448983,-1.937626144649606,-1.9379711139395712,0.0003449692899653023,False,-0.001897831050228338,0.001882554151126814,0.762578166767369,0.01741772293745416,0.6647753552675109,0.016166247332828506,-0.13747162400650695,-0.2864276835105979,0.36666666666666664,0.9835568468768863,0.25187458938875606,0.25608544151620727,0.11058122515045937,-0.02882031596043111,0.046313027330693646,-0.010596003792855302,-0.13401183934439953,0.2777777777777778,0.3888888888888889,1529560853000.0,2.1073144558437624,0.012058225131560518,0.03092253214684948,1,0.5405824039653035,354,61.94656488549618,80.83969465648855,51.412213740458014,76.7175572519084,33.74045801526718,22.799677958015263,53.611111111111114,62.895886344359624,26.345245318718597,NEUTRAL
2026-10-07,ACV,39.3,41.7,39.1,40.9,935400,37659700000.0,Hàng & Dịch vụ Công nghiệp,UPCOM,1752.43,-0.003780385201355152,-0.009154029695468635,-0.04087854109199163,-0.04151853593970478,-0.013076901416382736,0.040712468193384366,0.038071065989847774,0.04722509568531641,-0.009685230024213065,0.031193311067778562,-0.05324074074074081,-0.011722204801036029,-0.1279317697228145,-0.11485486830643177,39.705,0.0300969651177434,40.146,0.01878144771583723,41.928999999999995,-0.02454148679911272,46.172,-0.11418175517629725,-0.014886490509862349,-0.013029796440161334,-0.0321600771456122,-0.025835830951883243,False,319490.0,2.9277911671726815,12708512000.0,2.9633445677983388,37659700000.0,12708512000.0,-0.4229942422975128,0.011871022085684482,2.6000000000000014,0.68,0.01662591687041565,0.02066511236154591,0.8045403566908989,0.35,0.4407806191117093,62.1,0.6586151368760064,-0.0488372093023256,40.0,42.4,38.7,38.7,39.70349483211631,39.9887608696393,-0.2852660375229874,-0.38980187335716493,0.10453583583417753,False,False,False,False,0.598660786124947,40.90232157224989,38.50767842775011,0.060310871288245346,0.049255726406105954,False,False,False,39.2,40.383122882177084,43.51711175895574,-0.030021979607883886,-0.07764705882352929,-2.2157236231680457,-2.3742769295318435,0.15855330636379783,False,0.030425963488843744,0.034206348690198896,0.4466505061329449,0.04240097915694714,0.7704091652030256,0.016048094617887403,-0.06559867421529794,-0.13728265144341922,0.4,0.6207910166581003,0.18861235046234603,0.30382583736101965,0.09617416263898038,0.09206349206349196,-0.10174872208770502,0.06902985074626855,-0.12227059148700936,0.782608695652174,0.782608695652174,1085290936000.0,1.5681989843295352,0.13294203315548359,0.11054838668597333,1,0.6586151368760064,354,51.5648854961832,70.11450381679388,54.045801526717554,72.70992366412214,48.47328244274809,28.063573473282435,81.94444444444444,62.77438507209499,20.836451044317208,NEUTRAL
2026-10-07,REE,46.3,46.3,45.25,46.0,290400,13246560000.0,"Điện, nước & xăng dầu khí đốt",HOSE,1752.43,-0.003780385201355152,-0.009154029695468635,-0.04087854109199163,-0.04151853593970478,-0.013076901416382736,0.0,-0.014989293361884481,-0.005835263666415846,0.016574585635359185,0.05745312672735081,-0.02645502645502651,0.015063509484678272,-0.2063492063492064,-0.19327230493282366,46.11,-0.002385599653003667,46.025999999999996,-0.0005648981010731857,48.1392,-0.04443779705520656,51.28045,-0.10297199030039716,0.006493860845838917,0.0015667841754798406,-0.016096966587571315,-0.03534456846281775,False,374990.0,0.7744206512173658,17333533500.0,0.7642157901618848,13246560000.0,17333533500.0,0.20775197803537937,0.013298066409904207,1.0499999999999972,0.8499999999999996,0.01847826086956521,0.01895997761137256,0.9745929688483174,0.45,0.4806128163417691,62.31,0.7382442625581769,-0.04958677685950408,48.5,48.5,44.85,44.85,46.446312916626084,46.294856716567,0.1514562000590871,0.12892032681780008,0.02253587324128703,True,True,False,True,0.8865367270562434,47.883073454112484,44.336926545887515,0.07690624394328713,0.059324862739843214,False,True,False,47.4,46.737863586215916,49.14578209773049,-0.0012062433703312614,0.008510638297872353,-1.7782334221797882,-2.010373396548386,0.2321399743685979,False,-0.0033112582781456568,0.00046912692320949523,0.36383722114474426,0.001375444846517773,0.6841271918947954,0.0010545023619002157,0.02819851622881541,-0.07272897192106467,0.4,0.5555455434831802,0.17005475231726774,0.3061040706960803,0.09389592930391971,-0.023953464742938357,0.04052805037829754,-0.026214526214526246,-0.0002405002405002632,0.25,0.25,152721795000.0,0.7612487925825501,0.01692507634905327,0.015304009725178536,2,0.7382442625581769,354,65.07633587786259,62.786259541984734,65.26717557251908,62.86259541984734,55.91603053435114,45.105260019083964,48.05555555555556,61.137828668363014,1.6779762378074565,NEUTRAL
2026-10-07,CTD,59.0,62.4,59.0,61.9,648100,39363650000.0,Xây dựng và Vật liệu,HOSE,1752.43,-0.003780385201355152,-0.009154029695468635,-0.04087854109199163,-0.04151853593970478,-0.013076901416382736,0.05272108843537415,0.058119658119658135,0.06727368781512677,0.004870129870129913,0.04574867096212154,-0.11948790896159311,-0.07796937302188833,-0.21216749395443546,-0.19909059253805272,59.144999999999996,0.04658043790683908,60.228,0.02776117420468882,65.89,-0.060555471239945424,71.4293,-0.13340883922983982,-0.014250000000000096,-0.026476578411405383,-0.06359028576759218,-0.06425921823253067,False,238865.0,2.7132480689929457,14136007500.0,2.7846370341838034,39363650000.0,14136007500.0,-0.1630631163218207,0.017216378051623543,3.6000000000000014,1.3899999999999995,0.02245557350565427,0.02983837713865603,0.7525735532232671,0.4,0.42337722144307455,92.75,0.6673854447439352,-0.1366806136680614,59.9,62.5,56.8,56.8,59.22932396890314,59.81147343758475,-0.5821494686816138,-0.9138955082054804,0.3317460395238666,False,False,False,False,1.3461348176789856,61.83726963535797,56.45273036464202,0.09103963599147769,0.0669934948575517,False,False,False,57.8,60.84361897840083,66.79735475360157,-0.04915728378963846,-0.15988372093023262,-4.3541294753744495,-3.870657864918221,-0.48347161045622844,False,-0.003732642515912543,4.7742685442608845e-05,0.7967282646272992,0.05573302817647256,0.67029832294911,0.05570102633448729,-0.02082918631377994,-0.02286387612790463,0.4,0.850378053069462,0.25064478705963633,0.29474512677617604,0.10525487322382399,-0.02449494949494946,0.029365079365079372,-0.04520511072031014,-0.07428279824128298,0.4090909090909091,0.4090909090909091,271368458000.0,0.957190824427022,0.01638359159704217,-0.003686574780605356,1,0.6673854447439352,354,60.64885496183206,73.85496183206105,53.74045801526717,77.32824427480918,41.94656488549618,35.404639790076324,53.333333333333336,61.105597964376585,30.015971228265474,NEUTRAL
2026-10-07,VTZ,20.5,20.5,20.2,20.3,859400,17476470000.0,Hóa chất,HNX,1752.43,-0.003780385201355152,-0.009154029695468635,-0.04087854109199163,-0.04151853593970478,-0.013076901416382736,-0.004901960784313597,0.0,0.009154029695468635,0.0,0.04087854109199163,0.0,0.04151853593970478,0.0,0.013076901416382736,20.345000000000002,-0.0022118456623250182,20.332,-0.0015738736966358635,20.381999999999998,-0.004023157688156087,20.134,0.008244760107281257,-0.0024515812699189565,0.00019677292404574054,-9.8357430903806e-05,0.0019171213685296173,False,1109970.0,0.7742551600493707,22598394000.0,0.7733500885062894,17476470000.0,22598394000.0,0.062027519840530454,0.005990946027500956,0.3000000000000007,0.23999999999999985,0.01182266009852216,0.011165311653116534,1.0588741690181251,0.3,0.3238871320846509,20.9,0.9712918660287082,-0.019323671497584516,20.5,20.6,20.0,20.0,20.334903861272284,20.34199192160103,-0.007088060328744206,-0.005995433530935481,-0.0010926267978087247,False,True,False,False,0.10500626547739089,20.555012530954784,20.13498746904522,0.02064512469449804,0.018822578018675585,False,False,False,20.3,20.322338809758737,20.157741680489163,-0.0011094867843938205,-0.004901960784313597,0.1069901991392328,0.15867866946436732,-0.05168847032513452,False,0.005102040816326703,0.008882426017681855,0.23652975056736505,-0.004007787215588505,0.027992902457292714,-0.004256432100685592,0.010462297401793028,0.0011467909388775495,0.35,0.24602847905960512,0.05438397695671138,0.22104748671610416,0.12895251328389581,0.008021390374331583,-0.008021390374331583,0.03242727706247028,-0.03242727706247028,0.46153846153846156,0.6923076923076923,349687150000.0,0.8666195214270755,0.04889993146632321,0.07394581300217506,3,0.9712918660287082,354,60.68702290076336,53.396946564885496,66.29770992366412,59.026717557251914,64.35114503816793,53.68410066793892,64.72222222222221,60.79368108566581,-0.33685276850086154,NEUTRAL
2026-10-07,BAF,31.0,31.5,30.75,31.5,1960100,61047090000.0,Thực phẩm và đồ uống,HOSE,1752.43,-0.003780385201355152,-0.009154029695468635,-0.04087854109199163,-0.04151853593970478,-0.013076901416382736,0.011235955056179803,-0.004739336492890933,0.004414693202577702,-0.03076923076923077,0.010109310322760856,0.055276381909547645,0.09679491784925243,0.06526885356780521,0.07834575498418794,31.794999999999998,-0.009278188394401532,31.319000000000003,0.005779239439317907,30.3496,0.03790494767641084,30.35,0.03789126853377267,-0.010272373540856083,0.010616327847692952,0.025944246077243216,0.011754508784211692,True,1605115.0,1.2211586085732176,50782341500.0,1.2021322411846647,61047090000.0,50782341500.0,-0.3237092438078235,0.007052179909452913,0.75,0.48250000000000026,0.015317460317460325,0.014889893529444061,1.0287152347443433,0.35,0.43545789554019493,32.7,0.9633027522935779,-0.03669724770642213,32.2,33.0,30.15,30.15,31.48870759621314,31.60123373546897,-0.11252613925583077,0.016555390564169457,-0.12908152982000023,False,True,False,False,0.45937600698098013,32.71375201396196,30.876247986038038,0.05779223236118636,0.038060989633635474,False,True,False,30.8,31.39732731673701,30.605020183297256,0.005245362609807014,0.024958402662229595,0.5726925507719862,0.501057933511383,0.07163461726060327,False,-0.001897831050228338,0.001882554151126814,0.2708861978374599,0.0122600092297359,0.26061469059357634,0.011769387962114332,0.06679752460434846,0.0890430454047331,0.45,0.3736730753997006,0.1020586521627147,0.273122841546845,0.176877158453155,-0.02882031596043111,-0.0019489148087996622,-0.010596003792855302,0.06587238570240295,0.2777777777777778,0.3888888888888889,1529560853000.0,2.1073144558437624,0.012058225131560518,0.03092253214684948,3,0.9633027522935779,354,62.213740458015266,59.923664122137396,66.5648854961832,61.946564885496194,73.54961832061069,72.54055343511449,53.611111111111114,60.79092451229855,6.364709234520774,NEUTRAL
2026-10-07,SSB,16.85,17.95,16.75,17.95,2719100,47998965000.0,Ngân hàng,HOSE,1752.43,-0.003780385201355152,-0.009154029695468635,-0.04087854109199163,-0.04151853593970478,-0.013076901416382736,0.06845238095238093,-0.10250000000000004,-0.0933459703045314,-0.016438356164383605,0.024440184927608022,0.09451219512195119,0.13603073106165597,0.2730496453900708,0.28612654680645355,19.425,-0.07593307593307597,17.116,0.048726337929422714,16.0458,0.11867279911254025,15.10705,0.18818697230763126,0.009877826878086804,0.04251431355828972,0.08714430894308922,0.07308950103324441,True,3612095.0,0.7527764358357131,74127915250.0,0.6475153771439701,47998965000.0,74127915250.0,1.003518046085495,0.05233710244706503,1.1999999999999993,1.2475,0.06949860724233983,0.02035759228187919,2.5,0.55,0.6804998207411488,24.1,0.7448132780082987,-0.25518672199170134,24.8,24.8,16.5,16.5,18.752044302092536,18.524513872466333,0.22753042962620285,0.8104009625547436,-0.5828705329285407,False,True,False,False,2.2677661162242426,23.960532232448486,14.889467767551515,0.46697886563176166,0.03828406100267964,False,False,False,17.05,17.973775906468795,16.295650254312545,0.1276216603652509,0.04923076923076919,1.2101397514330117,0.8177085842897021,0.3924311671433096,False,0.0,0.003780385201355152,0.3087016602352881,0.06961939214036818,0.5476937428795976,0.06754889881991133,0.171512737696565,0.37405849633489174,0.45,1.3589451027955646,0.3887240151288719,0.28604835789849437,0.16395164210150565,-0.044438812658645466,0.02800045649426186,-0.06302488929607569,0.15753708441802688,0.2727272727272727,0.36363636363636365,2727514341000.0,0.7429405211409372,-0.0035602715666538387,-0.02150635335637091,3,0.7448132780082987,354,62.06106870229008,69.31297709923665,62.595419847328245,49.23664122137406,84.08396946564885,81.17276956106869,38.05555555555556,59.17981340118745,-11.508554654368105,FADING
2026-10-07,GEE,70.6,71.0,68.2,68.8,823700,57083940000.0,Hàng & Dịch vụ Công nghiệp,HOSE,1752.43,-0.003780385201355152,-0.009154029695468635,-0.04087854109199163,-0.04151853593970478,-0.013076901416382736,-0.02133712660028453,-0.02961918194640345,-0.020465152250934815,0.09206349206349196,0.13294203315548359,-0.16444012630556237,-0.12292159036585759,-0.392226148409894,-0.37914924699351127,65.0295,0.0579813776824365,66.20739999999999,0.0391587647302265,81.477,-0.15558992108202319,93.345,-0.2629492741978682,0.023353345240811896,-0.03563948017746921,-0.10735125981534221,-0.0962153456038709,False,1552175.0,0.5306746984070739,101331032700.0,0.5633411451455581,57083940000.0,101331032700.0,0.01104322080560749,0.03903995384702879,2.799999999999997,3.250499999999998,0.04724563953488369,0.054190472959009806,0.8718440152869813,0.45,0.5367854784415417,136.38,0.5044727965977416,-0.19362400375058597,75.2,75.2,61.8,56.55,67.99976209530008,66.99048483113424,1.0092772641658456,0.043878144785240214,0.9653991193806054,True,False,False,False,4.433017832725119,73.89553566545024,56.16346433454976,0.2726773438347286,0.18694822624375346,False,True,False,68.5,69.0196176038611,80.09611681668557,-0.036920496218979415,-0.13793103448275856,-8.374811515706625,-7.896788675570674,-0.4780228401359512,False,0.030425963488843744,0.034206348690198896,1.6839738052761988,-0.014971056947348665,0.6687929851100536,-0.03784802299758215,-0.12390066945323766,-0.3988890042892819,0.4,1.736519261553899,0.345961773793382,0.19922714446818354,0.20077285553181648,0.09206349206349196,0.0,0.06902985074626855,-0.23346997705183092,0.782608695652174,0.782608695652174,1085290936000.0,1.5681989843295352,0.13294203315548359,0.11054838668597333,1,0.5044727965977416,354,52.90076335877862,47.213740458015266,56.984732824427475,59.35114503816795,31.6412213740458,27.336295324427468,81.94444444444444,58.10453774385071,-6.786521283927058,FADING
2026-10-07,AAA,7.05,7.26,6.98,7.15,1028500,7303927000.0,Hóa chất,HOSE,1752.43,-0.003780385201355152,-0.009154029695468635,-0.04087854109199163,-0.04151853593970478,-0.013076901416382736,0.017069701280227667,-0.050464807436918946,-0.04131077774145031,0.008462623413258097,0.049341164505249724,0.021428571428571574,0.06294710736827636,0.05301914580265099,0.06609604721903373,7.285000000000001,-0.01853122855181888,7.141,0.001260327685198126,7.0174,0.018895887365691033,7.1316999999999995,0.0025660081046596783,0.0006868131868134064,0.009614025166124751,0.01544280757636085,0.012699512223280696,True,2192145.0,0.4691751686133901,16145775650.0,0.45237386907454025,7303927000.0,16145775650.0,0.8804726893389687,0.022912347367261093,0.27999999999999936,0.23100000000000004,0.03230769230769231,0.020776368298079113,1.555021158855724,0.4,0.5057375310483567,8.48,0.8431603773584906,-0.07263294422827493,7.9,7.9,6.92,6.92,7.22894746534692,7.226727656628391,0.002219808718528782,0.05061996747650537,-0.04840015875797659,False,True,False,False,0.20296486602886873,7.6909297320577386,6.8790702679422635,0.11144261689985929,0.057348727363296007,False,False,False,7.05,7.157485171350004,7.108716888104516,0.015705712778962155,0.014388489208633004,0.03568038240471694,-0.007420283784920521,0.043100666189637454,False,0.005102040816326703,0.008882426017681855,0.3684332814807581,0.018462521005224244,0.6013792706313852,0.013120814125273491,0.03701158318280852,0.08574443994087877,0.45,0.7483742394556067,0.21023742590465322,0.2809255247182041,0.16907447528179592,0.008021390374331583,0.000441233038926514,0.03242727706247028,-0.010998705633898709,0.46153846153846156,0.6923076923076923,349687150000.0,0.8666195214270755,0.04889993146632321,0.07394581300217506,3,0.8431603773584906,354,59.58015267175573,45.80152671755725,63.282442748091604,43.5496183206107,69.46564885496184,61.24015982824426,64.72222222222221,57.90436810856658,-23.152923558100092,FADING
2026-10-07,TCB,32.35,32.4,31.85,32.0,12697000,407147410000.0,Ngân hàng,HOSE,1752.43,-0.003780385201355152,-0.009154029695468635,-0.04087854109199163,-0.04151853593970478,-0.013076901416382736,-0.013867488443759735,-0.028831562974203417,-0.019677533278734782,-0.0031152647975077885,0.03776327629448384,-0.051851851851851816,-0.010333315912147034,0.06418357166611233,0.07726047308249506,32.322500000000005,-0.009977569804316078,31.285999999999998,0.022821709390781875,31.825599999999998,0.005479865265698214,32.2626,-0.008139455592543698,-0.003314831945729124,0.00124811981950268,-0.006478247062559617,0.00017284672266915102,False,14051300.0,0.903617458882808,454973401250.0,0.8948817862349706,407147410000.0,454973401250.0,-0.2307823331066693,0.01582472455608265,0.6000000000000014,0.6950000000000003,0.02171875000000001,0.024724299605844498,0.8784374217365487,0.6,0.6174062186416915,40.45,0.7911001236093943,-0.06158357771261003,33.45,33.45,31.6,31.4,32.39628349212246,32.19695491900218,0.19932857312027608,0.27231053982687375,-0.07298196670659768,False,True,False,False,0.42995562806508913,33.18241125613018,31.462588743869826,0.053208214471663816,0.08915084281381713,True,True,False,32.25,31.99227098649853,32.0658082695991,0.007202728905673084,-0.004629629629629539,-0.06979167957141641,-0.2601966089916834,0.190404929420267,False,0.0,0.003780385201355152,0.8221467319361486,-0.010759457105005817,0.8930174699082376,-0.014135407132798539,0.06146146041368273,0.19248575261275172,0.45,0.9200533591705258,0.24540487500299069,0.2667289593119202,0.1832710406880798,-0.044438812658645466,0.04132354786113768,-0.06302488929607569,0.011173037444223877,0.2727272727272727,0.36363636363636365,2727514341000.0,0.7429405211409372,-0.0035602715666538387,-0.02150635335637091,2,0.7911001236093943,354,60.038167938931295,62.74809160305343,67.17557251908397,63.77862595419848,68.89312977099237,66.24463263358777,38.05555555555556,57.746607294317215,-8.121448261238342,FADING
2026-10-07,ABB,17.6,17.7,17.5,17.5,381000,6702470000.0,Ngân hàng,UPCOM,1752.43,-0.003780385201355152,-0.009154029695468635,-0.04087854109199163,-0.04151853593970478,-0.013076901416382736,-0.011299435028248594,-0.005681818181818232,0.003472211513650403,0.01744186046511631,0.05832040155710794,0.08359133126934992,0.1251098672090547,0.3523956723338486,0.36547257375023134,17.494999999999997,0.0002857959416977529,17.23,0.015670342426001183,16.0728,0.08879597829874064,14.239299999999998,0.22899299825131858,0.0069064748201437265,0.007437378674836959,0.024351382844641112,0.06056087099967011,True,658465.0,0.5786184535244849,11516522000.0,0.581987339580474,6702470000.0,11516522000.0,-0.35069555756294324,0.008945692139685836,0.1999999999999993,0.22999999999999937,0.013142857142857107,0.020548864508476927,0.6395904327188174,0.35,0.47841570926321064,17.9,0.9776536312849162,-0.022346368715083775,18.2,18.2,17.3,17.1,17.6155897151733,17.44827511865033,0.16731459652297076,0.18404458493123535,-0.01672998840826459,False,True,False,False,0.2684752267309116,18.03195045346182,16.958049546538174,0.061383304196836096,0.050099295679786784,False,True,False,17.7,17.212628939608454,15.49142367978358,0.03054773401943245,0.005681818181818121,1.2283206291319893,1.2818999120675998,-0.05357928293561054,True,0.0,0.003780385201355152,0.2558958035450161,-0.010332050319438131,0.4262728764704894,-0.011943525993386262,0.13519959226165162,0.39734444169913197,0.38333333333333336,0.5576867441990297,0.17009589334054942,0.30500257556748533,0.07833075776584802,-0.044438812658645466,0.061880673123761776,-0.06302488929607569,0.14661622056542561,0.2727272727272727,0.36363636363636365,2727514341000.0,0.7429405211409372,-0.0035602715666538387,-0.02150635335637091,3,0.9776536312849162,354,74.58015267175573,38.3206106870229,71.94656488549619,55.114503816793906,77.67175572519083,77.43499522900763,38.05555555555556,57.68363019508058,-2.3465347354749753,FADING
2026-10-07,VC3,23.3,23.5,23.2,23.4,1410800,32910500000.0,Bất động sản,HNX,1752.43,-0.003780385201355152,-0.009154029695468635,-0.04087854109199163,-0.04151853593970478,-0.013076901416382736,0.0042918454935620964,0.008620689655172376,0.01777471935064101,-0.012658227848101333,0.028220313243890294,-0.044897959183673564,-0.003379423243968782,-0.059107358262967535,-0.0460304568465848,23.6,-0.008474576271186529,23.64,-0.010152284263959421,24.073199999999996,-0.027964707641692788,24.4777,-0.04402782941207717,-0.0001906416149463075,-0.008588874723210016,-0.01753802676419236,-0.007851234560269149,False,1384810.0,1.0187679176204678,32697985500.0,1.0064993147666543,32910500000.0,32697985500.0,0.17698876728440016,0.009228634467220507,0.3000000000000007,0.38499999999999945,0.01645299145299143,0.01802827649023735,0.9126214290035453,0.5,0.461788981881991,27.2,0.8602941176470588,-0.059107358262967535,24.2,24.2,23.2,23.2,23.478593774938044,23.565914052382393,-0.08732027744434845,-0.057129632769444064,-0.030190644674904385,False,False,False,False,0.2427907914667964,24.085581582933596,23.114418417066407,0.041150981604541906,0.027071713881940823,False,False,False,23.4,23.61400650993256,24.101740235332876,-0.010207500535067027,-0.05186385737439225,-0.3532761367916599,-0.3185395140467264,-0.0347366227449335,False,-0.007601621338243381,-0.0038212361368882286,0.18958016366860694,0.005008531538765386,0.3824778703282154,0.006470069798423612,0.04140845642572666,0.0900542633040462,0.5166666666666667,0.458019903537046,0.10809214454495952,0.23599879330618806,0.28066787336047866,-0.09853254079264318,0.08587431294454184,-0.17522954019664538,0.13033158101297182,0.038461538461538464,0.07692307692307693,1794718569000.0,0.6301366595471117,-0.05765399970065155,-0.1337110042569406,1,0.8602941176470588,354,64.8473282442748,69.46564885496183,65.53435114503817,68.01526717557253,60.26717557251908,68.63102337786258,22.22222222222222,57.61429177268871,3.951531356022045,FADING
2026-10-07,VPL,81.0,81.0,79.0,79.4,586900,46838690000.0,Du lịch và Giải trí,HOSE,1752.43,-0.003780385201355152,-0.009154029695468635,-0.04087854109199163,-0.04151853593970478,-0.013076901416382736,-0.018541409147095123,0.017948717948718107,0.027102747644186742,0.03655352480417773,0.07743206589616936,-0.04337349397590351,-0.0018549580361987283,-0.06588235294117639,-0.052805451524793656,81.475,-0.02546793494937083,78.83,0.007230749714575824,83.711,-0.051498608307151916,85.123,-0.0672321229279983,0.007356577645895035,-0.005349887702828737,-0.017008753772102758,-0.00802246764942871,False,1149875.0,0.5104033047070333,94390845000.0,0.4962206875041748,46838690000.0,94390845000.0,1.1327012981208875,0.025631529777870636,2.0,3.0900000000000025,0.038916876574307334,0.0349527244050504,1.1134146833110423,0.55,0.5564083052505707,106.3,0.7469426152398871,-0.07566938300349246,87.6,88.2,76.2,76.2,80.02635957008954,80.15367246539107,-0.12731289530152878,0.28122892813454503,-0.4085418234360738,False,True,False,False,2.7636503320594814,87.00230066411896,75.94769933588103,0.13568090000905722,0.09006086304977508,False,False,False,78.9,79.58095907424318,82.29387603660788,0.003623385956754488,-0.04131227217496947,-1.9670418227928792,-1.8986115374937302,-0.06843028529914896,False,-0.0031055900621118626,0.0006747951392432894,1.0330237660803454,-0.01463618138915682,0.5562696637452873,-0.015011549454360638,0.08007721147144078,0.046075673621902034,0.43333333333333335,0.9037008823542747,0.23331695651843376,0.25817940545837303,0.1751539278749603,0.022292993630573354,0.014260531173604374,-0.08677098150782359,0.043397487531920076,0.3333333333333333,0.6666666666666666,152401825000.0,0.6145172281284372,0.06317153472256498,-0.045252445568118804,1,0.7469426152398871,348,65.07633587786259,51.79389312977099,60.916030534351144,61.60305343511451,60.49618320610686,60.62440362595419,47.22222222222222,57.35284139100933,7.9096990298982135,FADING
2026-10-07,NAF,47.9,48.0,47.8,47.9,289300,13846040000.0,Thực phẩm và đồ uống,HOSE,1752.43,-0.003780385201355152,-0.009154029695468635,-0.04087854109199163,-0.04151853593970478,-0.013076901416382736,-0.002083333333333326,-0.0010427528675704956,0.00811127682789814,-0.012371134020618624,0.028507407071373003,-0.011351909184726616,0.030166626754978165,-0.009307135470527417,0.003769765945855319,48.08,-0.0037437603993344393,48.074,-0.0036194200607396754,49.2275,-0.026966634503072462,46.26625,0.035311917434414974,-0.0021273283868625814,-0.0032138340002902943,-0.007740097834836646,-0.007920113662699957,False,341265.0,0.8477283049829312,16417608500.0,0.8433652197273434,13846040000.0,16417608500.0,-0.017971496328789915,0.0017574108860331345,0.20000000000000284,0.3074999999999989,0.006419624217118975,0.018481082667389053,0.5,0.15,0.18931035998417653,53.6,0.8936567164179104,-0.022448979591836782,48.05,48.7,47.7,47.7,48.000549090458826,48.08690076415059,-0.086351673691766,-0.08604754154570132,-0.00030413214606467287,False,True,False,True,0.20545200489961585,48.49090400979923,47.669095990200766,0.017092512886823296,0.019245142528592392,True,True,False,48.0,48.22168261556709,46.90634485618573,-0.005969838757704848,-0.01538461538461533,0.8262152594567809,1.3894064224626201,-0.5631911630058393,False,-0.001897831050228338,0.001882554151126814,-0.12704016341704533,-0.0025635940870928644,0.1170207682137858,-0.0027838920200617756,-0.011592147720224322,0.03306495010077508,0.4,0.20985606574935678,0.140573884819871,0.6698585733888983,-0.2698585733888983,-0.02882031596043111,0.016449181939812485,-0.010596003792855302,-0.0007559053918713143,0.2777777777777778,0.3888888888888889,1529560853000.0,2.1073144558437624,0.012058225131560518,0.03092253214684948,3,0.8936567164179104,354,61.79389312977099,50.07633587786259,61.22137404580153,56.22137404580153,58.969465648854964,47.26592318702289,53.611111111111114,57.11344359626803,1.3923064434902486,FADING
2026-10-07,GEL,28.65,28.65,27.95,28.0,1065100,29950325000.0,Xây dựng và Vật liệu,HOSE,1752.43,-0.003780385201355152,-0.009154029695468635,-0.04087854109199163,-0.04151853593970478,-0.013076901416382736,-0.020979020979021046,-0.05084745762711862,-0.041693427931649985,0.018181818181818077,0.059060359273809704,-0.037800687285223455,0.003717848654481326,-0.2056737588652482,-0.19259685744886545,28.377499999999998,-0.013302792705488398,28.429000000000002,-0.015090224770480942,29.409000000000002,-0.04791050358733728,,,0.000793510844648182,0.018960573476702658,0.0011621355120439159,-0.0312602938269978,False,1775390.0,0.5999245236257948,50092765750.0,0.5978972123334995,29950325000.0,50092765750.0,-0.26541696903242107,0.031495927988693835,0.6999999999999993,1.1025000000000003,0.03937500000000001,0.0394180343331447,0.9989082577588476,0.5,0.5277403838029954,40.6,0.689655172413793,-0.11111111111111116,30.6,30.6,27.65,25.6,28.50609146738605,28.5272099713167,-0.0211185039306514,0.03589868493732111,-0.05701718886797251,False,False,False,False,0.9419290117403156,30.26135802348063,26.493641976519367,0.1327712464791212,0.11328458571802673,False,False,False,27.9,28.817471614403942,30.47174852060081,-0.015552408094274606,-0.04123711340206193,-1.20802510428382,-1.3393260573461852,0.13130095306236522,False,-0.003732642515912543,4.7742685442608845e-05,1.3788409210311208,-0.015766471166132088,0.6528774389930606,-0.01579764128833451,0.09747108055203355,,0.4666666666666667,1.4465467002989083,0.34637028704788053,0.23944632204152694,0.22722034462513974,-0.02449494949494946,0.042676767676767535,-0.04520511072031014,0.007404423435086682,0.4090909090909091,0.4090909090909091,271368458000.0,0.957190824427022,0.01638359159704217,-0.003686574780605356,2,0.689655172413793,163,61.5648854961832,45.038167938931295,61.6793893129771,53.01526717557253,57.70992366412214,,53.333333333333336,55.80979643765903,9.460404076547917,FADING
2026-10-07,HAG,14.5,14.55,14.35,14.4,776200,11195260000.0,Thực phẩm và đồ uống,HOSE,1752.43,-0.003780385201355152,-0.009154029695468635,-0.04087854109199163,-0.04151853593970478,-0.013076901416382736,-0.010309278350515538,0.028571428571428692,0.03772545826689733,0.0176678445229681,0.05854638561495973,-0.03678929765886285,0.00472923828084193,-0.11384615384615382,-0.10076925242977108,14.11,0.020552799433026347,14.1,0.021276595744680993,14.651000000000002,-0.017131936386594826,15.634500000000001,-0.07895999232466666,0.006958073148974231,-0.004588775150017654,-0.019812304483837306,-0.030313058441988283,False,2074785.0,0.3741110524704969,29456610250.0,0.3800593450836727,11195260000.0,29456610250.0,0.22214502608201392,0.015625120376674413,0.20000000000000107,0.2849999999999998,0.019791666666666652,0.018870967741935495,1.0487891737891724,0.3,0.4416987784276443,18.85,0.7639257294429708,-0.027027027027027084,14.9,14.9,13.8,13.25,14.319200190840874,14.212688517668756,0.10651167317211829,0.03480663148871799,0.0717050416834003,True,True,True,True,0.32183683345533876,14.753673666910677,13.466326333089322,0.0912365225954185,0.03780097363265596,False,False,False,14.8,14.262314243069328,14.862295473154983,-0.005145694336489259,0.010238907849829282,-0.45272466038109904,-0.5086791558830025,0.055954495501903456,False,-0.001897831050228338,0.001882554151126814,0.21690264536928797,-0.009489302799826698,0.6700021014868506,-0.010750618037244457,-0.02982635546721202,-0.06200567020975731,0.31666666666666665,0.4201000979111401,0.14274866162848565,0.33979678257223345,-0.023130115905566795,-0.02882031596043111,0.04648816048339921,-0.010596003792855302,-0.02619329386600755,0.2777777777777778,0.3888888888888889,1529560853000.0,2.1073144558437624,0.012058225131560518,0.03092253214684948,2,0.7639257294429708,354,68.66412213740458,31.068702290076335,62.709923664122144,49.54198473282443,54.12213740458016,35.30683444656488,53.611111111111114,55.06382527565734,4.509680310379558,FADING
2026-10-07,PLX,36.3,36.55,35.8,36.05,1858700,67166210000.0,Dầu khí,HOSE,1752.43,-0.003780385201355152,-0.009154029695468635,-0.04087854109199163,-0.04151853593970478,-0.013076901416382736,-0.004143646408839907,0.030000000000000027,0.03915402969546866,-0.004143646408839907,0.03673489468315172,0.06373561522573024,0.10525415116543502,-0.07800511508951413,-0.0649282136731314,36.2175,-0.004624836059915927,35.4798,0.016071116522641038,36.4449,-0.01083553528751624,40.3688,-0.10698361110560639,-0.004877043549938009,0.010659268037008118,0.013395866418362434,-0.007883597163429457,False,5078690.0,0.3659802035564289,185733006500.0,0.36162775408473236,67166210000.0,185733006500.0,0.2689309903260215,0.023332170984116753,0.75,1.2349999999999999,0.034257975034674065,0.037251079093727685,0.9196505408199679,0.35,0.46746109725145657,67.1,0.53725782414307,-0.05628272251308919,38.5,39.5,34.9,34.85,36.18941727710623,36.19441708308181,-0.004999805975579363,0.11629359788174058,-0.12129340385731995,False,True,False,False,0.919993564050669,38.057487128101336,34.377512871898666,0.10160762769939033,0.11337686570429316,True,True,False,35.8,35.88495483732538,37.20006278458104,-0.0019179623355313202,0.029919447640966546,-1.0221155754363238,-1.211414950607166,0.18929937517084228,False,-0.005917977050573786,-0.002137591849218634,0.5792743071942368,-0.0019537663903975563,0.9959665084277182,0.0001752035001122759,-0.0020338471270539794,0.0007713779232437551,0.4166666666666667,1.0687943219153955,0.290518734066185,0.2718191218919875,0.1448475447746792,-0.026462067106859055,0.022318420698019148,0.047043526462705376,0.01669208876302486,0.3333333333333333,0.5,433703030000.0,0.5173166001693237,0.014416473985132572,0.08856206240241016,2,0.53725782414307,354,70.80152671755725,31.793893129770993,54.19847328244275,46.832061068702295,61.679389312977094,48.0516459923664,49.166666666666664,53.40203562340967,7.88554256785411,FADING
2026-10-07,VJC,128.6,129.0,126.9,128.4,767100,98028820000.0,Du lịch và Giải trí,HOSE,1752.43,-0.003780385201355152,-0.009154029695468635,-0.04087854109199163,-0.04151853593970478,-0.013076901416382736,-0.0031055900621118626,-0.027272727272727226,-0.01811869757725859,0.022292993630573354,0.06317153472256498,-0.08677098150782359,-0.045252445568118804,-0.015186378278877033,-0.0021094768624942972,128.19,0.001638193306810365,126.604,0.014185965688287894,131.24360000000001,-0.02166658031324964,133.56695000000002,-0.03868434519168118,0.006358926048044999,-0.0053267547650101,-0.02717073920393409,-0.010415087966135883,False,1078625.0,0.7111832193765211,137794102500.0,0.7114152073380644,98028820000.0,137794102500.0,-0.21545348968241884,0.01951655470787806,2.0999999999999943,2.995,0.023325545171339564,0.02679920643124658,0.8703819357928116,0.35,0.4268536330976938,168.53,0.7618821574793806,-0.08088761632068708,138.0,138.0,123.9,122.5,129.42569557002207,128.47997250959506,0.9457230604270137,1.0349759845611062,-0.08925292413409247,False,True,False,True,4.2302046734114205,136.65040934682284,119.72959065317715,0.1319979615699016,0.04954942272335732,False,True,False,129.4,128.4944904925821,129.6035454559414,0.006463309933939954,-0.062318840579710155,-1.0917959045110877,-0.8772740526630323,-0.2145218518480554,False,-0.0031055900621118626,0.0006747951392432894,0.4716121762852809,-0.0013227143701040895,0.9164783869233796,-0.0019411495308215166,0.06297646737027872,0.14407172797657164,0.36666666666666664,0.6138730026198846,0.1817806199987706,0.29612089018896093,0.07054577647770571,0.022292993630573354,0.0,-0.08677098150782359,0.0,0.3333333333333333,0.6666666666666666,152401825000.0,0.6145172281284372,0.06317153472256498,-0.045252445568118804,1,0.7618821574793806,354,54.427480916030525,47.70992366412214,60.80152671755725,57.82442748091603,53.89312977099237,51.90750238549618,47.22222222222222,52.58184902459711,-7.849574586514002,FADING
2026-10-07,VNM,58.3,58.5,58.0,58.3,1698700,98937880000.0,Thực phẩm và đồ uống,HOSE,1752.43,-0.003780385201355152,-0.009154029695468635,-0.04087854109199163,-0.04151853593970478,-0.013076901416382736,-0.00171232876712335,-0.037953795379538025,-0.02879976568406939,-0.04738562091503273,-0.0065070798230411064,0.054249547920433905,0.09576808386013869,-0.03906378770397234,-0.025986886287589606,59.94000000000001,-0.027360694027360966,60.618,-0.03823946682503554,58.7165,-0.007093406453041462,60.40905,-0.03491281521560108,-0.017699115044247482,0.009727820901489048,0.025963035678017832,0.0011560358541622406,False,2538920.0,0.6690640114694437,151834325500.0,0.6516173445905024,98937880000.0,151834325500.0,-0.41089938557369077,0.015147786735035636,0.5,1.0950000000000002,0.018782161234991428,0.01840634685277264,1.0204176518689354,0.5,0.4429107652072535,71.13,0.819626036833966,-0.08906250000000004,61.3,62.3,57.1,57.1,59.15413166772035,59.89785030239205,-0.7437186346717013,-0.43681136209960003,-0.30690727257210126,False,False,False,False,1.380083902865037,62.70016780573009,57.179832194269935,0.09209769121555145,0.04564615705304974,False,False,False,57.3,60.11551808631798,59.73278307702078,-0.012076431688475942,0.012367491166077604,0.270246578903965,0.3346985671844229,-0.06445198828045795,False,-0.001897831050228338,0.001882554151126814,0.20152704251380613,-0.0009504789179312868,0.46462355069315336,-0.0018251579119999625,0.06203424848861022,0.06441896391679032,0.45,0.6960464752446769,0.19063119179629506,0.27387710242952334,0.17612289757047667,-0.02882031596043111,-0.018565304954601625,-0.010596003792855302,0.0648455517132892,0.2777777777777778,0.3888888888888889,1529560853000.0,2.1073144558437624,0.012058225131560518,0.03092253214684948,1,0.819626036833966,354,55.26717557251908,42.29007633587786,56.94656488549618,49.04580152671757,67.82442748091603,62.848878816793885,53.611111111111114,52.0275657336726,2.597444205894824,FADING
2026-10-07,VTP,50.0,50.5,49.1,49.5,470400,23329795000.0,Hàng & Dịch vụ Công nghiệp,HOSE,1752.43,-0.003780385201355152,-0.009154029695468635,-0.04087854109199163,-0.04151853593970478,-0.013076901416382736,-0.0119760479041916,-0.05893536121673004,-0.04978133152126141,-0.051724137931034586,-0.010845596839042959,-0.08043841723945755,-0.03891988129975277,-0.22304190864856377,-0.20996500723218103,50.3825,-0.01751600258026098,51.007,-0.029544964416648667,53.0179,-0.06635306189041812,58.113949999999996,-0.1482251679674157,-0.010118375165774185,-0.007089575481982191,-0.02216880034660318,-0.030999378586833548,False,666015.0,0.7062903988648904,33987771500.0,0.6864173192408334,23329795000.0,33987771500.0,-0.19539934500170741,0.022600819069994872,1.3999999999999986,1.489999999999999,0.030101010101010083,0.03526895844422827,0.8534703441444011,0.45,0.5383437309970496,80.77,0.6128513061780364,-0.12852112676056338,55.0,55.0,48.25,48.1,50.67930278711794,50.9962871620955,-0.31698437497755805,-0.41838366606654387,0.10139929108898582,False,False,False,False,1.430980065330341,53.244460130660684,47.520539869339316,0.1136092941263607,0.10257660503318726,False,False,False,51.9,51.74676615481242,54.85077327449163,-0.016585931145785993,-0.03585361322682523,-2.2248939360918953,-2.592739515615787,0.3678455795238915,False,0.030425963488843744,0.034206348690198896,0.3161585686173508,-0.01078084673010894,0.882242421342892,-0.04095913862384928,-0.10241053463372232,-0.23425809241615284,0.4166666666666667,1.0371878657158295,0.24533355370992793,0.2365372386424976,0.1801294280241691,0.09206349206349196,-0.14378762999452654,0.06902985074626855,-0.1494682679857261,0.782608695652174,0.782608695652174,1085290936000.0,1.5681989843295352,0.13294203315548359,0.11054838668597333,0,0.6128513061780364,354,34.732824427480914,52.74809160305343,50.725190839694655,45.76335877862596,44.618320610687014,27.739444179389306,81.94444444444444,51.87743850720949,-12.179636145568281,FADING
2026-10-07,PVD,18.6,18.65,18.3,18.35,3229600,59659785000.0,Dầu khí,HOSE,1752.43,-0.003780385201355152,-0.009154029695468635,-0.04087854109199163,-0.04151853593970478,-0.013076901416382736,-0.013440860215053752,0.0,0.009154029695468635,-0.05167958656330751,-0.010801045471315884,-0.02910052910052896,0.012418006839175821,-0.07041540020263415,-0.05733849878625141,18.79,-0.023416711016498004,18.611,-0.014023964322175009,18.7934,-0.023593389168537704,19.1121,-0.039875262268405876,-0.0140364685819232,-0.00973715015430432,-0.01310835604670646,-0.005766463517860254,False,5687475.0,0.5678442542604583,107748370000.0,0.5536954758573146,59659785000.0,107748370000.0,0.6962325656139443,0.019933092438182125,0.34999999999999787,0.6174999999999995,0.03365122615803812,0.03930493519397049,0.8561577825270229,0.35,0.49158282014426435,26.96,0.6806379821958457,-0.08020050125313272,19.8,20.4,17.45,17.45,18.574563585509818,18.70753192135079,-0.132968335840971,-0.027632465087579286,-0.10533587075339172,False,True,False,False,0.5139117270092719,19.817823454018544,17.762176545981454,0.10940111272150561,0.0974777216603145,False,True,False,18.0,18.617566040961172,18.548046344131286,-0.010429058449155204,-0.07550077041602465,0.008739032819441661,0.14049462197097828,-0.13175558915153662,False,-0.005917977050573786,-0.002137591849218634,0.9307395541792788,-0.009922306178118515,0.8035564485590059,-0.008204630463291712,-0.0877889030205667,0.025684818027590473,0.4166666666666667,1.1091132714704308,0.26779032046777185,0.24144542073033087,0.1752212459363358,-0.026462067106859055,-0.025217519456448456,0.047043526462705376,-0.07614405556323434,0.3333333333333333,0.5,433703030000.0,0.5173166001693237,0.014416473985132572,0.08856206240241016,1,0.6806379821958457,354,52.19465648854962,51.48854961832061,47.862595419847324,47.080152671755734,53.282442748091604,40.327707538167935,49.166666666666664,50.54611959287532,-0.42545158768023583,FADING
2026-10-07,VPI,57.8,59.4,57.5,57.5,1798900,104549580000.0,Bất động sản,HOSE,1752.43,-0.003780385201355152,-0.009154029695468635,-0.04087854109199163,-0.04151853593970478,-0.013076901416382736,-0.0017361111111111605,-0.06957928802588997,-0.06042525833042134,-0.08014717645176772,-0.039268635359776094,0.02568676418123439,0.06720530012093917,0.09108159392789372,0.10415849534427646,60.129999999999995,-0.04373856643938123,58.717200000000005,-0.020729871315389836,57.222300000000004,0.004853003112422982,54.8908,0.04753437734556609,-0.014149164658239677,0.011601583631671186,0.028167386348115775,0.020487396007026648,False,2019185.0,0.8909040033478854,121282020500.0,0.8620369249207882,104549580000.0,121282020500.0,-0.06441814468510443,0.025793123090984447,1.8999999999999986,2.049999999999999,0.03565217391304346,0.026269878452100714,1.3571503186834302,0.55,0.5666692254548246,63.1,0.9112519809825673,-0.08874801901743268,63.4,63.4,56.4,56.4,59.150228535909875,59.39668033266456,-0.24645179675468398,0.3394377895018737,-0.5858895862565576,False,True,False,False,1.8612672536403039,63.8525345072806,56.40746549271939,0.12381621510994867,0.06609602321224946,False,False,False,58.8,59.688579423198405,56.9233995991677,0.02039365402077209,0.03721996824836826,1.9761298366718592,1.7884303149431844,0.18769952172867477,False,-0.007601621338243381,-0.0038212361368882286,0.4916348697276396,0.0001224580748773762,0.21747348260624683,0.0009534756054273002,0.09524549122112488,0.25407672696015465,0.5333333333333333,0.9362141882295499,0.22092004830447987,0.2359716943857217,0.29736163894761164,-0.09853254079264318,0.018385364340875454,-0.17522954019664538,0.20091630437787977,0.038461538461538464,0.07692307692307693,1794718569000.0,0.6301366595471117,-0.05765399970065155,-0.1337110042569406,2,0.9112519809825673,354,51.14503816793893,64.46564885496183,59.61832061068702,47.13740458015268,75.19083969465649,82.14664837786258,22.22222222222222,50.385284139100925,-9.46692940256574,FADING
2026-10-07,VSC,13.0,13.7,12.95,13.5,11683100,156086870000.0,Hàng & Dịch vụ Công nghiệp,HOSE,1752.43,-0.003780385201355152,-0.009154029695468635,-0.04087854109199163,-0.04151853593970478,-0.013076901416382736,0.04247104247104261,0.03053435114503822,0.039688380840506854,-0.0625,-0.021621458908008373,-0.23076923076923084,-0.18925069482952606,-0.46850393700787396,-0.4554270355914912,13.247499999999999,0.019060200037743114,13.911000000000001,-0.029544964416648778,16.4055,-0.17710523909664444,19.549,-0.3094275922042048,-0.031438493876804974,-0.036701059483415066,-0.10228446050593687,-0.10640557764584135,False,7633235.0,1.530556834684115,101387818000.0,1.5395031975143207,156086870000.0,101387818000.0,-0.38982730954351974,0.023436263038347793,0.75,0.505,0.03740740740740741,0.03850992451775229,0.97137057202393,0.45,0.4392528200690795,30.9,0.4368932038834952,-0.23076923076923084,13.7,14.75,12.65,12.25,13.208679389288712,13.54844969516748,-0.3397703058787691,-0.40204716121958567,0.06227685534081656,False,False,False,False,0.322194367621046,13.891888735242091,12.603111264757906,0.09728457976857405,0.12573117208244125,True,True,False,12.7,14.080208962755101,17.129796555915387,-0.08593628512958118,-0.22085889570552153,-2.2238606021581795,-2.107008693159552,-0.11685190899862752,False,0.030425963488843744,0.034206348690198896,1.0275953249507999,0.04635574863046835,1.1500907906557967,0.00701534201990963,-0.28243488406897405,-0.5380425989758644,0.4166666666666667,1.355546056897854,0.3137062947323047,0.23142429807971018,0.1852423685869565,0.09206349206349196,-0.15456349206349196,0.06902985074626855,-0.2997990815154994,0.782608695652174,0.782608695652174,1085290936000.0,1.5681989843295352,0.13294203315548359,0.11054838668597333,0,0.4368932038834952,354,30.610687022900763,62.13740458015267,37.55725190839695,63.96946564885497,22.137404580152673,17.33361164122137,81.94444444444444,50.148430873621706,23.030809345843927,FADING
2026-10-07,HPG,20.5,20.55,20.3,20.3,11284500,230041915000.0,Tài nguyên Cơ bản,HOSE,1752.43,-0.003780385201355152,-0.009154029695468635,-0.04087854109199163,-0.04151853593970478,-0.013076901416382736,-0.009756097560975618,-0.024038461538461564,-0.014884431842992929,-0.06018518518518523,-0.019306644093193603,-0.12121212121212122,-0.07969358527241643,-0.1876750700280111,-0.17459816861162836,21.080000000000002,-0.03700189753320693,21.384,-0.05069210624766174,22.454900000000002,-0.09596569122997656,23.3277,-0.12978990642026433,-0.01942086289103384,-0.015967972021536325,-0.03314192702446073,-0.03314990871826662,False,17960045.0,0.6283113433179037,377955014750.0,0.608648929164658,230041915000.0,377955014750.0,-0.14372044391494243,0.015391830557655539,0.25,0.4099999999999994,0.02019704433497534,0.019992254648655824,1.0102434512724299,0.4,0.4188369238495783,26.42,0.7683573050719152,-0.12499999999999989,21.6,22.2,19.6,19.6,20.705998722148596,21.074356258031283,-0.36835753588268716,-0.29086807136061776,-0.0774894645220694,False,False,False,False,0.5879043960944582,22.25580879218892,19.904191207811085,0.11155681140312305,0.05575425253004126,False,False,False,20.05,21.37788198518512,22.443394730542035,-0.03175665010629247,-0.1263616557734204,-0.7819181803092015,-0.6184317703278517,-0.16348640998134978,False,0.008298755186721962,0.012079140388077114,0.6516896038902978,-0.007292459826551736,0.5535162330713919,-0.01397846011290069,-0.1329050311038107,-0.12633650121687448,0.4,0.7615329966666864,0.1953298500998174,0.25649558319179555,0.14350441680820447,0.06796116504854366,-0.1281463502337289,0.0721247563352827,-0.19333687754740392,0.6363636363636364,0.7272727272727273,572004022000.0,1.1933798779952989,0.10883970614053529,0.11364329227498748,0,0.7683573050719152,354,36.7557251908397,44.19847328244275,44.19847328244275,47.25190839694657,40.83969465648855,26.196028148854957,77.22222222222221,48.19826123833758,3.114927905004251,FADING
2026-10-07,VCB,57.5,57.5,56.9,57.3,1750600,100095820000.0,Ngân hàng,HOSE,1752.43,-0.003780385201355152,-0.009154029695468635,-0.04087854109199163,-0.04151853593970478,-0.013076901416382736,0.0,-0.013769363166953652,-0.004615333471485017,-0.02385008517887577,0.01702845591311586,-0.05679012345679013,-0.01527158751708535,-0.04116465863453822,-0.028087757218155485,58.44500000000001,-0.019591068525964705,58.2156,-0.015727743079174683,59.684799999999996,-0.03995657185749135,60.6962,-0.05595407949756326,-0.010413139180494357,-0.003911423203671216,-0.012075917403168601,-0.0038869983327129987,False,4469530.0,0.3916742923752609,262729557500.0,0.3809842369943473,100095820000.0,262729557500.0,0.005345861867702473,0.010158562035747849,0.6000000000000014,0.8949999999999999,0.015619546247818498,0.020432820899259088,0.7644341583978195,0.45,0.5614460580866445,75.44,0.7595440084835631,-0.06295993458708093,61.0,61.0,56.0,56.0,57.955349348769666,58.366364471125024,-0.41101512235535864,-0.19137899809656678,-0.21963612425879186,False,True,False,False,0.8982292521804699,60.24145850436095,56.648541495639066,0.061475181944082184,0.05390506249466292,False,True,False,57.1,58.66492461797206,59.5456242697133,-0.00996258312275744,-0.04928404928404928,-0.6459494331092515,-0.5266132390480878,-0.11933619406116369,False,0.0,0.003780385201355152,0.6621452293714768,0.0025031640262638435,0.5261928060208314,0.0005139525293231502,0.01168407884393432,0.04040487184192817,0.43333333333333335,0.6039761046392546,0.18038934688018937,0.2986696749996974,0.13466365833363597,-0.044438812658645466,0.020588727479769697,-0.06302488929607569,0.006234765839285561,0.2727272727272727,0.36363636363636365,2727514341000.0,0.7429405211409372,-0.0035602715666538387,-0.02150635335637091,1,0.7595440084835631,354,56.25954198473282,33.20610687022901,57.900763358778626,43.702290076335885,56.7175572519084,50.49916507633587,38.05555555555556,47.18363019508058,-4.746925360474975,FADING
2026-10-07,SAB,42.65,42.85,42.2,42.8,248200,10552390000.0,Thực phẩm và đồ uống,HOSE,1752.43,-0.003780385201355152,-0.009154029695468635,-0.04087854109199163,-0.04151853593970478,-0.013076901416382736,0.005875440658049458,-0.0305775764439411,-0.021423546748472466,-0.04888888888888898,-0.008010347796897355,-0.029918404351767958,0.011600131587936824,0.007532956685499137,0.020609858101881873,44.0525,-0.028431984563872748,44.6346,-0.04110264234472816,44.6193,-0.04077383553753655,44.39634999999999,-0.03595678473568198,-0.016630392321000054,-0.0014854253819824859,-0.003362718040781254,0.002773289224400566,False,420340.0,0.5904743778845696,18547562000.0,0.5689367691559678,10552390000.0,18547562000.0,-0.5022364463845432,0.011555016499533152,0.6499999999999986,0.7675000000000001,0.01793224299065421,0.020022228417794843,0.895616742376031,0.4,0.37177047152305276,50.24,0.8519108280254776,-0.0854700854700855,45.5,45.8,42.15,42.15,43.46537931194256,44.08308535360505,-0.6177060416624869,-0.4288074096087728,-0.1888986320537141,False,False,False,False,0.8741123316950151,45.800724663390035,42.30427533660997,0.0793700545208573,0.05291274391017856,False,False,False,42.45,44.24029093751927,44.19745283797516,-0.01834736213801802,-0.037851314596554775,0.03987860749430183,0.28074520440225986,-0.24086659690795803,False,-0.001897831050228338,0.001882554151126814,0.4071266095303163,0.007414536067795763,0.3429648874373837,0.006768886095259776,-0.008133859116771818,0.056476075204209705,0.43333333333333335,0.5889236344801984,0.13543832025595703,0.22997603140091152,0.20335730193242182,-0.02882031596043111,-0.020068572928457873,-0.010596003792855302,-0.019322400558912656,0.2777777777777778,0.3888888888888889,1529560853000.0,2.1073144558437624,0.012058225131560518,0.03092253214684948,2,0.8519108280254776,354,50.458015267175576,31.106870229007633,54.35114503816794,45.30534351145039,60.91603053435115,56.20497375954197,53.611111111111114,47.02947413061917,4.0075557278413925,FADING
2026-10-07,VHC,49.7,50.8,49.5,50.7,140000,7043085000.0,Thực phẩm và đồ uống,HOSE,1752.43,-0.003780385201355152,-0.009154029695468635,-0.04087854109199163,-0.04151853593970478,-0.013076901416382736,0.014000000000000012,0.02012072434607637,0.029274754041545004,-0.026871401151631447,0.01400713994036018,-0.11979166666666663,-0.07827313072696185,-0.14358108108108103,-0.1305041796646983,50.722500000000004,-0.0004435901227266559,52.143,-0.027673896783844354,55.2905,-0.08302511281323188,57.39475,-0.11664394391473087,-0.009857986433068122,-0.026492662708636705,-0.055277747581258696,-0.037388140255579905,False,314735.0,0.4448186569653836,15963231500.0,0.4412067193287274,7043085000.0,15963231500.0,-0.2596745722610768,0.011368810073110025,1.2999999999999972,0.9174999999999998,0.018096646942800783,0.021560694293968938,0.8393350740965176,0.45,0.45883044465979317,69.2,0.7326589595375723,-0.1392190152801358,51.9,53.0,48.5,48.5,50.443223846987365,51.107224517546456,-0.6640006705590906,-0.7996328287493146,0.135632158190224,False,False,False,False,0.9142835849362748,52.55106716987255,48.893932830127454,0.07210082980423084,0.06136300451908751,False,False,False,50.7,51.973638814332226,54.9325504904583,-0.04015918141741481,-0.11826086956521731,-2.17121973503113,-1.637968404485923,-0.5332513305452069,False,-0.001897831050228338,0.001882554151126814,0.42968531333985416,0.015624375999789648,0.41719133594635416,0.014838990718489698,-0.13750135996972934,-0.08813404359929729,0.38333333333333336,0.6035450970081941,0.13308025680578695,0.22049761892768743,0.16283571440564593,-0.02882031596043111,0.0019489148087996622,-0.010596003792855302,-0.10919566287381133,0.2777777777777778,0.3888888888888889,1529560853000.0,2.1073144558437624,0.012058225131560518,0.03092253214684948,1,0.7326589595375723,354,52.290076335877856,28.12977099236641,54.351145038167935,50.190839694656496,43.20610687022901,33.72316316793893,53.611111111111114,46.92642069550466,17.02950229272688,FADING
2026-10-07,ACB,20.6,20.85,20.3,20.75,8724500,179352290000.0,Ngân hàng,HOSE,1752.43,-0.003780385201355152,-0.009154029695468635,-0.04087854109199163,-0.04151853593970478,-0.013076901416382736,0.007281553398058138,-0.030373831775700855,-0.02121980208023222,-0.06531531531531531,-0.024436774223323687,-0.06531531531531531,-0.023796779375610533,-0.0014436958614052475,0.011633205554977488,21.8625,-0.05088622069754145,22.153000000000002,-0.06333228005236324,22.031800000000004,-0.05817954048239382,21.2817,-0.024983906360864117,-0.01653171390013497,-0.013493053081581663,-0.015553481757987764,0.015079822156695677,False,7409455.0,1.1774820145341325,161874812750.0,1.107969096322553,179352290000.0,161874812750.0,-0.18587087875071573,0.014758961756982953,0.5500000000000007,0.4000000000000002,0.01927710843373495,0.019878707312666173,0.9697365191071603,0.4,0.37943951343249943,23.75,0.8736842105263158,-0.12631578947368416,22.85,22.85,20.4,20.4,21.39100417931936,21.779206278328477,-0.38820209900911706,-0.22846926989598654,-0.15973282911313053,False,False,False,False,0.6449959200196652,23.152491840039332,20.57250815996067,0.11800954511509032,0.051727379669624096,False,True,False,21.1,21.89384213211084,21.692528121531133,-0.020124366413629913,-0.06430155210643007,0.15617098887626568,0.3418437159514619,-0.18567272707519622,False,0.0,0.003780385201355152,0.473593511953017,0.009071919302103139,0.8778981552221362,0.005753126107804387,0.025601385957027996,0.12604171169233996,0.45,0.6641846912809289,0.16346303840158083,0.24611081909510796,0.20388918090489205,-0.044438812658645466,-0.02087650265666985,-0.06302488929607569,-0.002290426019239622,0.2727272727272727,0.36363636363636365,2727514341000.0,0.7429405211409372,-0.0035602715666538387,-0.02150635335637091,1,0.8736842105263158,354,42.86259541984733,59.31297709923664,46.7557251908397,54.27480916030535,52.21374045801527,59.25781249999999,38.05555555555556,46.79240882103478,-0.24947485952077386,FADING
2026-10-07,ORS,13.3,13.4,13.2,13.2,1570300,20842635000.0,Dịch vụ tài chính,HOSE,1752.43,-0.003780385201355152,-0.009154029695468635,-0.04087854109199163,-0.04151853593970478,-0.013076901416382736,-0.011235955056179803,-0.014925373134328401,-0.005771343438859766,-0.03649635036496346,0.004382190727028168,-0.05035971223021585,-0.008841176290511066,-0.0434782608695653,-0.030401359453182564,13.35,-0.011235955056179803,13.658,-0.033533460243081015,13.5255,-0.024065653765110384,13.49075,-0.021551804013861364,-0.01074472026676554,-0.009069143147355407,-0.013791609502491031,-0.0014765051123989403,False,2121065.0,0.7403356332785652,28329440000.0,0.7357235088303898,20842635000.0,28329440000.0,-0.47270555877556997,0.011432122257565583,0.20000000000000107,0.3500000000000001,0.026515151515151523,0.0313278159760015,0.8463772749260053,0.3,0.3902662106064642,16.05,0.8224299065420559,-0.09589041095890416,13.9,13.9,12.9,12.75,13.339175802753113,13.456682919223654,-0.11750711647054146,-0.13029982592706837,0.012792709456526913,False,False,False,False,0.21398475105527753,13.777969502110555,12.922030497889445,0.06411528121506442,0.06913697503011305,True,True,False,13.35,13.533303265725019,13.481445568110573,-0.019797787760456265,-0.025547445255474477,0.030059488100212306,0.09451978714509196,-0.06446029904487965,False,-0.011235955056179803,-0.007455569854824651,0.7621316161897509,-0.008354803972851184,0.810338325644738,-0.0023132699799651947,0.22890714633152412,0.34157205164658605,0.38333333333333336,0.9014977242032084,0.24445628135484965,0.2711668313648968,0.11216650196843658,-0.1348314606741573,0.09833511030919384,-0.2109548529180431,0.16059514068782726,0.043478260869565216,0.043478260869565216,812161741000.0,0.5735041086847047,-0.09395291958216567,-0.16943631697833833,1,0.8224299065420559,354,61.412213740458014,43.09160305343511,53.66412213740458,52.40458015267177,52.63358778625954,74.50172948473282,16.38888888888889,46.27777777777778,14.75412326388889,FADING
2026-10-07,VIC,232.0,232.1,226.9,228.6,2843300,651309000000.0,Bất động sản,HOSE,1752.43,-0.003780385201355152,-0.009154029695468635,-0.04087854109199163,-0.04151853593970478,-0.013076901416382736,-0.014655172413793105,-0.006086956521739184,0.003067073173729451,-0.06503067484662584,-0.02415213375463421,0.037675896504766104,0.07919443244447089,0.4902216427640156,0.5032985441803983,238.85499999999996,-0.04293399761361483,224.33,0.019034458164311374,219.268,0.04255978984621556,189.769,0.20462246204596113,-0.006323452938117646,0.010550119826296944,0.03162996891267955,0.038579406317644116,True,4525535.0,0.6282793084132594,1090330356000.0,0.597350148435196,651309000000.0,1090330356000.0,-0.18390021125483091,0.02531343408391971,5.199999999999989,8.655000000000001,0.03786089238845145,0.039575780610742795,0.9566682401249759,0.25,0.22951098599392117,256.1,0.8926200702850448,-0.10737992971495525,246.4,265.0,215.0,215.0,232.352469611183,231.75673307715255,0.5957365340304648,2.8529581402212725,-2.2572216061908077,False,True,False,False,9.052448055057264,256.95989611011447,220.75010388988542,0.15159738008511045,0.10523208247220825,False,False,False,224.0,228.0766883698493,204.95359995007092,0.0267021235234306,0.004484304932735439,16.158301641594505,18.00244900764446,-1.844147366049956,False,-0.007601621338243381,-0.0038212361368882286,2.0386380219823668,-0.006948335404571027,-1.109117695482028,-0.011186536022609148,-0.02370959354866034,0.04605432088530556,0.4166666666666667,1.0831695919132263,0.26609460751647973,0.24566292250364136,0.17100374416302533,-0.09853254079264318,0.03350186594601734,-0.17522954019664538,0.2129054367014115,0.038461538461538464,0.07692307692307693,1794718569000.0,0.6301366595471117,-0.05765399970065155,-0.1337110042569406,2,0.8926200702850448,354,61.14503816793893,34.847328244274806,56.33587786259542,45.458015267175576,73.47328244274809,63.560651240458,22.22222222222222,45.82421543681085,-4.512373104855811,FADING
2026-10-07,PVC,11.8,11.9,11.6,11.7,542000,6382220000.0,Dầu khí,HNX,1752.43,-0.003780385201355152,-0.009154029695468635,-0.04087854109199163,-0.04151853593970478,-0.013076901416382736,-0.008474576271186529,-0.03305785123966942,-0.023903821544200787,-0.0487804878048782,-0.007901946712886576,-0.07142857142857151,-0.029910035488866726,-0.29940119760479045,-0.2863242961884077,12.335,-0.051479529793271306,12.16,-0.03782894736842113,13.097000000000001,-0.10666564862182193,14.063500000000001,-0.16805916023749434,-0.007243460764587484,-0.011221336802732296,-0.019196644620100067,-0.05224690643317165,False,809925.0,0.6691977652251752,10125337500.0,0.6303217053258718,6382220000.0,10125337500.0,0.6571159958080046,0.026747102716468105,0.3000000000000007,0.5000000000000002,0.04273504273504276,0.04886941056910568,0.8744742823245559,0.3,0.29936722536037286,21.8,0.536697247706422,-0.13333333333333341,13.3,13.9,11.4,11.4,12.168111136722457,12.273663963433314,-0.10555282671085742,0.0028034914763005736,-0.10835631818715799,False,True,False,False,0.4475371198953224,13.230074239790646,11.439925760209356,0.1451275621873766,0.11521160464954636,False,False,False,12.1,12.346537036166097,13.069930321585298,-0.011263721776026192,-0.047244094488189003,-0.5633410698813393,-0.5119752726201114,-0.05136579726122781,False,-0.005917977050573786,-0.002137591849218634,0.5142945276938776,-0.006530344849554657,1.0223434125898552,-0.00434499190370022,-0.17445963789110655,-0.24341403875032205,0.38333333333333336,1.1755451336244422,0.2758967293314315,0.2346968410143355,0.14863649231899786,-0.026462067106859055,-0.022318420698019148,0.047043526462705376,-0.11847209789127688,0.3333333333333333,0.5,433703030000.0,0.5173166001693237,0.014416473985132572,0.08856206240241016,0,0.536697247706422,354,44.847328244274806,51.14503816793893,36.79389312977099,46.14503816793894,34.38931297709924,20.705808683206108,49.166666666666664,45.67493638676845,21.238304442324008,FADING
2026-10-07,HSG,10.0,10.0,9.96,9.96,1269200,12669761000.0,Tài nguyên Cơ bản,HOSE,1752.43,-0.003780385201355152,-0.009154029695468635,-0.04087854109199163,-0.04151853593970478,-0.013076901416382736,-0.0030030030030029353,-0.0039999999999998925,0.005154029695468743,-0.06478873239436611,-0.023910191302374484,-0.13013100436681213,-0.08861246842710735,-0.14137931034482754,-0.1283024089284448,10.193999999999999,-0.02295467922307226,10.5026,-0.051663397634871266,11.2038,-0.11101590531783845,11.6072,-0.14191191674133297,-0.02074927953890504,-0.025371195248701017,-0.04850516397898175,-0.03575117047645293,False,2071430.0,0.612716818815987,21144133000.0,0.5992092936607994,12669761000.0,21144133000.0,-0.04931828222641932,0.007659947220588965,0.03999999999999915,0.1889999999999999,0.01897590361445782,0.024116528354080208,0.7868422575526854,0.2,0.24622845087693043,14.86,0.6702557200538359,-0.14871794871794863,10.35,10.9,9.78,9.78,10.076986694299482,10.270284300882075,-0.19329760658259332,-0.1939665886728696,0.0006689820902762711,False,False,False,False,0.2380711967812825,10.670142393562564,9.717857606437434,0.09341620434815874,0.06436359863661856,False,False,False,9.98,10.461090225304721,11.197542375212207,-0.04481165905616036,-0.12070484581497787,-0.5259121588172935,-0.4434443995026362,-0.08246775931465727,False,0.008298755186721962,0.012079140388077114,0.6444736251088189,-0.0005666444479778482,0.7194478213963885,-0.009256955684521055,-0.14887791375503753,-0.0799464427065451,0.31666666666666665,0.669477452489906,0.197505392785165,0.29501425634367107,0.021652410322995586,0.06796116504854366,-0.13274989744290977,0.0721247563352827,-0.20225576070209483,0.6363636363636364,0.7272727272727273,572004022000.0,1.1933798779952989,0.10883970614053529,0.11364329227498748,0,0.6702557200538359,354,35.916030534351144,39.42748091603053,38.20610687022901,43.35877862595421,33.51145038167939,16.28578244274809,77.22222222222221,45.513146734520774,2.9845009011874453,FADING
2026-10-07,DPM,21.65,21.75,21.55,21.65,1474700,31907365000.0,Hóa chất,HOSE,1752.43,-0.003780385201355152,-0.009154029695468635,-0.04087854109199163,-0.04151853593970478,-0.013076901416382736,0.0,-0.04625550660792954,-0.03710147691246091,-0.07081545064377692,-0.029936909551785296,0.03242727706247028,0.07394581300217506,-0.19992609016999263,-0.1868491887536099,22.5125,-0.03831204886174355,22.100200000000005,-0.020370856372340818,22.531600000000005,-0.039127270145041027,23.605549999999997,-0.08284280603502137,-0.005631625441696153,0.002585831458227661,0.014226578920799593,-0.027636803038149416,False,3449350.0,0.4275298244596808,77955083750.0,0.40930447977358503,31907365000.0,77955083750.0,0.23909458261611527,0.016387458128622044,0.1999999999999993,0.575,0.026558891454965358,0.028926878615365352,0.9181388634464637,0.25,0.2592589908243582,31.83,0.6801759346528432,-0.07081545064377692,23.25,23.75,21.0,21.0,22.20476526623448,22.3093942043513,-0.10462893811681795,0.06437788980589268,-0.16900682792271063,False,True,False,False,0.49917695417445057,23.5108539083489,21.5141460916511,0.08869329557791449,0.08496376781908278,False,True,False,21.85,22.335011919455578,22.853201495321386,0.003535752464594477,-0.00273847558192597,-0.41539729378324,-0.47775699398162935,0.06235970019838938,False,0.005102040816326703,0.008882426017681855,0.5946943664543531,0.0022481737822733143,0.678140027959717,-0.0037753548457075763,0.020393376367851074,-0.06070562834603952,0.4,0.8739629023044369,0.2485319034973188,0.2843735161320898,0.11562648386791025,0.008021390374331583,-0.0788368410181085,0.03242727706247028,0.0,0.46153846153846156,0.6923076923076923,349687150000.0,0.8666195214270755,0.04889993146632321,0.07394581300217506,1,0.6801759346528432,354,45.19083969465648,26.793893129770993,49.08396946564885,29.38931297709924,52.70992366412213,43.24844942748091,64.72222222222221,45.27650551314673,-20.56398927851994,FADING
2026-10-07,MBB,19.15,19.25,19.05,19.15,9045900,173287715000.0,Ngân hàng,HOSE,1752.43,-0.003780385201355152,-0.009154029695468635,-0.04087854109199163,-0.04151853593970478,-0.013076901416382736,-0.0026041666666667407,-0.035264483627204135,-0.0261104539317355,-0.07038834951456319,-0.02950980842257156,-0.0547877591312933,-0.01326922319158852,-0.10093896713615036,-0.08786206571976762,19.884999999999998,-0.03696253457379928,19.840799999999998,-0.034817144469981076,19.9832,-0.04169502382000889,20.566799999999997,-0.06888772195966308,-0.020322699839881775,-0.005932101487033603,-0.0059520230866352275,-0.011447171846091342,False,11929740.0,0.7582646394640621,237502046500.0,0.7296261971367898,173287715000.0,237502046500.0,-0.04661859212695518,0.012791364859477666,0.1999999999999993,0.33499999999999963,0.017493472584856378,0.01774427966919187,0.985865468251667,0.35,0.3944495018332336,23.23,0.8243650452001721,-0.09026128266033262,20.6,21.0,18.85,18.85,19.59643094107439,19.846342306948817,-0.24991136587442497,-0.12665850454607297,-0.123252861328352,False,True,False,False,0.4516344586173598,20.788268917234717,18.98173108276528,0.09084927505503838,0.047307532343541105,False,False,False,19.1,19.887180036174666,20.08110040591758,-0.01771854549184826,-0.06965416463711638,-0.1590717993875117,-0.10502960563763844,-0.05404219374987326,False,0.0,0.003780385201355152,0.6234655361946368,-0.0002472267800815806,0.8477556768178208,-0.0034520697950884915,0.04477178557238009,0.04269847696694932,0.4,0.6986455019016306,0.18981521798058254,0.2716903171407072,0.12830968285929284,-0.044438812658645466,-0.02594953685591772,-0.06302488929607569,0.008237130164782391,0.2727272727272727,0.36363636363636365,2727514341000.0,0.7429405211409372,-0.0035602715666538387,-0.02150635335637091,0,0.8243650452001721,354,41.98473282442748,52.86259541984733,48.396946564885496,43.93129770992367,50.68702290076335,49.66215410305342,38.05555555555556,45.20080576759966,1.813218962044104,FADING
2026-10-07,DSE,21.65,21.8,21.6,21.65,328600,7128935000.0,Dịch vụ tài chính,HOSE,1752.43,-0.003780385201355152,-0.009154029695468635,-0.04087854109199163,-0.04151853593970478,-0.013076901416382736,0.0,-0.015909090909090984,-0.006755061213622349,-0.03991130820399125,0.00096723288800038,-0.052516411378555894,-0.010997875438851112,-0.10721649484536089,-0.09413959342897815,22.07,-0.019030357951971055,22.245,-0.02674758372668029,22.312,-0.029670132664037396,22.9644,-0.05723641810802815,-0.014842093516348576,-0.007539930400642492,-0.010629781177726394,-0.011518695729221928,False,463460.0,0.7090148017088853,10247586750.0,0.6956696414402151,7128935000.0,10247586750.0,-0.2006191434122555,0.008389677334264477,0.1999999999999993,0.2850000000000007,0.013163972286374167,0.020534641829063734,0.6410616944748713,0.25,0.272083890734907,27.66,0.7827187274041937,-0.07280513918629561,22.65,23.0,21.35,21.35,21.914298143612836,22.112468219845148,-0.1981700762323122,-0.1379046821503937,-0.0602653940819185,False,False,False,False,0.30148754011092016,22.67297508022184,21.46702491977816,0.05464205529876201,0.06389972001825904,True,True,False,21.75,22.2390563166921,22.605984513142854,-0.0135061887823269,-0.05639913232104121,-0.2675401847786283,-0.24538957367313186,-0.02215061110549643,False,-0.011235955056179803,-0.007455569854824651,0.4974000057815805,0.001880363621010654,0.48397193412566536,0.005488650183659146,0.11889441788766149,0.14775871512696426,0.48333333333333334,0.5132756307887947,0.1300168978195625,0.25330814482611297,0.23002518850722037,-0.1348314606741573,0.09492015247016605,-0.2109548529180431,0.15843844153948722,0.043478260869565216,0.043478260869565216,812161741000.0,0.5735041086847047,-0.09395291958216567,-0.16943631697833833,1,0.7827187274041937,354,60.038167938931295,41.90839694656488,51.18320610687022,48.77862595419848,49.08396946564885,74.65827767175571,16.38888888888889,45.004877014418994,-1.1613556244698913,FADING
2026-10-07,DGC,34.3,34.3,32.9,33.3,739800,24583645000.0,Hóa chất,HOSE,1752.43,-0.003780385201355152,-0.009154029695468635,-0.04087854109199163,-0.04151853593970478,-0.013076901416382736,-0.030567685589519722,-0.056657223796033995,-0.04750319410056536,-0.10531972058033323,-0.0644411794883416,-0.13145539906103298,-0.0899368631213282,-0.27875243664717353,-0.2656755352307908,36.3715,-0.08444798812256848,35.201,-0.054004147609443054,37.2239,-0.10541345748296127,45.452200000000005,-0.267362195889308,-0.012328413735047783,-0.01363498806308061,-0.027467730527804823,-0.04158942511689212,False,823545.0,0.8983115676738976,30378101000.0,0.8092554896700094,24583645000.0,30378101000.0,0.5063475306793757,0.02183484791948085,1.4500000000000028,0.9755000000000006,0.029294294294294313,0.030722982954689136,0.9534977231051464,0.4,0.41327432016465404,79.42,0.4192898514228154,-0.14702868852459017,36.35,39.74,34.25,34.25,35.20431345760899,35.71811762192116,-0.5138041643121696,-0.1901178942405103,-0.3236862700716593,False,True,False,False,1.7473597376145016,39.866219475229,32.87678052477099,0.1921680148043938,0.14656881978627634,False,False,False,35.5,36.48655497119071,41.80282214811765,-0.011832845251376622,-0.07286497780099244,-3.731706446259878,-4.64739753558382,0.9156910893239418,False,0.005102040816326703,0.008882426017681855,0.7157126536851655,-0.0278620160651057,0.507728191856917,-0.032371874166366145,-0.11355645584132382,-0.1870487386934269,0.4666666666666667,1.1494972832669477,0.2852158300566491,0.24812223065551467,0.218544436011152,0.008021390374331583,-0.11334111095466481,0.03242727706247028,-0.16388267612350327,0.46153846153846156,0.6923076923076923,349687150000.0,0.8666195214270755,0.04889993146632321,0.07394581300217506,0,0.4192898514228154,354,27.32824427480916,63.85496183206107,32.51908396946565,43.625954198473295,31.793893129770993,26.836832061068694,64.72222222222221,44.97688719253605,-2.0208341616306242,FADING
2026-10-07,OIL,13.0,13.2,12.9,12.9,981900,12746120000.0,Dầu khí,UPCOM,1752.43,-0.003780385201355152,-0.009154029695468635,-0.04087854109199163,-0.04151853593970478,-0.013076901416382736,-0.007692307692307665,-0.03731343283582089,-0.028159403140352257,-0.058394160583941535,-0.017515619491949908,0.030351437699680517,0.0718699736393853,-0.09090909090909083,-0.07783218949270809,13.85,-0.06859205776173283,13.428400000000002,-0.03934943850347039,13.7644,-0.06279968614687159,14.2823,-0.09678413140740627,-0.006812477590534383,-0.0011900865787983772,0.01479678974653531,-0.008014067860128482,False,2868080.0,0.34235446709994144,40532818500.0,0.31446419152914323,12746120000.0,40532818500.0,1.237189044515727,0.022051418087851337,0.29999999999999893,0.6200000000000002,0.04806201550387598,0.049440487775191874,0.9721185543802912,0.25,0.38469289559565983,24.44,0.527823240589198,-0.14,15.2,15.5,12.7,12.7,13.52752779078507,13.636007509768787,-0.10847971898371611,0.0695967453170938,-0.17807646430080992,False,True,False,False,0.5826437026268322,15.015287405253664,12.684712594746335,0.16827254949511403,0.09062317038420886,False,False,False,13.3,13.576156227293769,13.720198491177324,0.007643402336729999,-0.014814814814814725,-0.13680777700121638,-0.12807904320743316,-0.008728733793783222,False,-0.005917977050573786,-0.002137591849218634,0.5639189825132392,-0.0055604767160513605,0.9273734799718538,-0.0035781307240820054,-0.06062262351320057,0.009611892215785758,0.38333333333333336,1.0144524137912416,0.2591885073243859,0.25549597378918837,0.127837359544145,-0.026462067106859055,-0.03193209347708248,0.047043526462705376,-0.01669208876302486,0.3333333333333333,0.5,433703030000.0,0.5173166001693237,0.014416473985132572,0.08856206240241016,1,0.527823240589198,354,50.916030534351144,30.763358778625957,37.44274809160305,30.381679389312982,50.305343511450374,36.80283874045801,49.166666666666664,42.833333333333336,-18.65972222222222,FADING
2026-10-07,GAS,79.8,79.8,78.3,78.5,599100,47243190000.0,"Điện, nước & xăng dầu khí đốt",HOSE,1752.43,-0.003780385201355152,-0.009154029695468635,-0.04087854109199163,-0.04151853593970478,-0.013076901416382736,-0.010088272383354302,-0.04268292682926833,-0.033528897133799695,-0.06547619047619047,-0.02459764938419884,0.060810810810810745,0.10232934675051553,-0.017521902377972576,-0.00444500096158984,84.325,-0.06907797213163358,79.152,-0.008237315544774582,80.043,-0.01927713853803592,84.75,-0.07374631268436582,-0.01316559391456995,0.0174825174825175,0.040788954635108565,0.01671599324247075,False,1507175.0,0.3974986315457727,129335406500.0,0.36527654165605455,47243190000.0,129335406500.0,-0.06691881603101368,0.02427686820558787,1.5,2.9949999999999988,0.0381528662420382,0.03775569766515258,1.0105194341899872,0.35,0.3838538988504985,128.7,0.60994560994561,-0.1411378555798688,90.7,93.0,77.5,77.5,82.07485796430628,82.54152037431679,-0.4666624100105139,0.8561536220210999,-1.3228160320316138,False,True,False,False,3.742343060029918,91.80968612005984,76.84031387994017,0.1775199791297915,0.10710660682324442,False,False,False,78.8,81.0537067415168,80.32182485812541,0.021380204014188164,0.0478723404255319,0.3387573957882921,-0.19487876205237697,0.5336361578406691,False,-0.0033112582781456568,0.00046912692320949523,0.8758795212254752,-0.00677711040314348,0.8426838097110242,-0.007172436066031669,0.10910525904741414,0.16134012081487237,0.45,1.2148539887487386,0.3303773193236288,0.27194817021912815,0.17805182978087186,-0.023953464742938357,-0.04152272573325211,-0.026214526214526246,0.08702533702533699,0.25,0.25,152721795000.0,0.7612487925825501,0.01692507634905327,0.015304009725178536,1,0.60994560994561,354,50.03816793893129,23.206106870229007,45.76335877862596,30.53435114503817,65.1526717557252,66.9945729961832,48.05555555555556,42.07866836301951,-13.709309067536047,FADING
2026-10-07,VGI,78.2,79.0,77.0,77.5,189000,14683810000.0,Viễn thông,UPCOM,1752.43,-0.003780385201355152,-0.009154029695468635,-0.04087854109199163,-0.04151853593970478,-0.013076901416382736,-0.011479591836734748,-0.07185628742514971,-0.06270225772968108,-0.06884536825663823,-0.0279668271646466,-0.06446161274746498,-0.0229430768077602,-0.14393018888766151,-0.13085328747127878,80.889,-0.04189692047126303,80.4328,-0.03646273659502097,83.38990000000001,-0.07063085577509998,87.30045,-0.11226116245677997,-0.014143900937848453,-0.00036787369007140747,-0.00719367627963019,-0.016026317994149553,False,240715.0,0.7851608748935464,19555253600.0,0.7508882421243568,14683810000.0,19555253600.0,-0.37876252201589977,0.014502277960251036,2.0,2.5044999999999993,0.032316129032258056,0.037186956094722196,0.8690178607236037,0.4,0.4161560351452963,133.39,0.5810030736936802,-0.09080244016893468,85.7,85.7,69.6,69.6,80.01674903744242,80.786607910991,-0.7698588735485714,-0.37942600250200553,-0.3904328710465659,False,True,False,False,1.5826057792857553,84.05421155857151,77.72378844142848,0.07826061784844698,0.08042935150116341,True,True,False,80.4,81.89398531053999,83.16716473310481,-0.008924664455384868,-0.019272993413027573,-1.0621941749573693,-0.9457299476506766,-0.1164642273066927,False,-0.009188071780436347,-0.0054076865790811945,0.5199513788423021,-0.009513975338735103,1.1407761848130469,-0.003345015274386141,0.0941781638322197,0.149098646985108,0.4,0.8604461192550118,0.20258835973311318,0.2354457242581528,0.16455427574184722,-0.09202637076426379,0.02318100250762556,-0.1456536251656788,0.08119201241821383,0.0,0.0,17882520000.0,0.7770302898864845,-0.05114782967227216,-0.10413508922597403,0,0.5810030736936802,354,44.65648854961832,46.7557251908397,46.6412213740458,42.786259541984734,46.90839694656488,59.24111402671754,25.555555555555557,41.75805767599661,-26.91967669900339,FADING
2026-10-07,STB,67.7,68.9,66.2,66.5,3758800,252587680000.0,Ngân hàng,HOSE,1752.43,-0.003780385201355152,-0.009154029695468635,-0.04087854109199163,-0.04151853593970478,-0.013076901416382736,-0.017725258493353047,-0.13524057217165153,-0.1260865424761829,-0.10738255033557043,-0.0665040092435788,-0.06073446327683607,-0.01921592733713129,0.007575757575757569,0.020652658992140305,74.635,-0.1089971193139948,73.918,-0.1003544468194486,72.546,-0.08334022551208897,66.88600000000001,-0.005771013366025923,-0.020602322682238605,0.0044844268087189665,0.015608254788271658,0.020911905432029254,False,3365970.0,1.1167063283392307,251254121000.0,1.005307610457064,252587680000.0,251254121000.0,0.034828885932079556,0.024186387346718203,2.700000000000003,2.0200000000000022,0.030375939849624094,0.029751821493624785,1.0209774838872654,0.3,0.329423613401189,78.2,0.8503836317135549,-0.1496163682864451,78.2,79.0,67.6,67.6,71.68201255143067,73.34621083638025,-1.6641982849495776,-0.38802417831524055,-1.276174106634337,False,True,False,False,3.9205631979947615,82.47612639598952,66.79387360401049,0.21011928441051836,0.06928531280009223,False,True,False,68.4,74.17798630577154,70.30536284750175,0.004679190762324925,-0.024251069900142475,2.747294902394131,3.394078781226111,-0.6467838788319797,False,0.0,0.003780385201355152,0.508310324143803,-0.015803649666263773,0.25772675421767294,-0.01677795607390156,0.005690519908095569,0.135455403093752,0.38333333333333336,0.7835053824638961,0.22166756906426,0.28291773614519417,0.1004155971881392,-0.044438812658645466,-0.06294373767692496,-0.06302488929607569,0.002290426019239622,0.2727272727272727,0.36363636363636365,2727514341000.0,0.7429405211409372,-0.0035602715666538387,-0.02150635335637091,1,0.8503836317135549,354,31.335877862595417,61.37404580152671,36.45038167938932,36.48854961832062,52.44274809160306,51.0979246183206,38.05555555555556,41.21225614927905,-18.485877531276508,FADING
2026-10-07,KBC,24.9,25.4,24.9,25.25,1163500,29306810000.0,Bất động sản,HOSE,1752.43,-0.003780385201355152,-0.009154029695468635,-0.04087854109199163,-0.04151853593970478,-0.013076901416382736,0.010000000000000009,-0.028846153846153855,-0.01969212415068522,-0.06654343807763408,-0.02566489698564245,-0.11713286713286719,-0.07561433119316241,-0.2451420029895367,-0.23206510157315396,26.107499999999998,-0.03284496792109537,27.008000000000003,-0.06509182464454988,28.5315,-0.11501323099030902,31.153,-0.18948415882900516,-0.021366319932527578,-0.020242327504897295,-0.04012510217862586,-0.05341472720335749,False,1240880.0,0.9376410289471988,32133145000.0,0.9120430010819047,29306810000.0,32133145000.0,-0.1501773269204052,0.008040580730656256,0.5,0.48750000000000016,0.019306930693069314,0.026963655272448598,0.7160353630836206,0.25,0.22832586551479594,38.0,0.6644736842105263,-0.12478336221837094,26.35,27.3,24.15,24.15,25.632897760395373,26.21946205929813,-0.5865642989027577,-0.5180854393796347,-0.06847885952312305,False,False,False,False,0.7069718597841214,27.52144371956824,24.693556280431757,0.10831705215499311,0.07072086114931324,False,False,False,25.2,26.805733852157246,29.07716248069175,-0.043044865349853856,-0.11888111888111896,-1.662186437208728,-1.4986000674243372,-0.1635863697843909,False,-0.007601621338243381,-0.0038212361368882286,0.42198259116255926,0.011595256742860448,0.7132171168548692,0.01432062776323351,0.028174295608709814,-0.02572575030280813,0.4166666666666667,0.4359525367968985,0.13625494226169987,0.3125453593246971,0.10412130734196956,-0.09853254079264318,0.0319891027150091,-0.17522954019664538,0.05809667306377819,0.038461538461538464,0.07692307692307693,1794718569000.0,0.6301366595471117,-0.05765399970065155,-0.1337110042569406,0,0.6644736842105263,354,47.328244274809165,50.76335877862596,36.48854961832061,47.21374045801528,32.02290076335878,42.61569656488549,22.22222222222222,40.99787955894826,10.113439454781595,FADING
2026-10-07,GMD,53.0,55.5,52.4,54.0,3368500,182687500000.0,Hàng & Dịch vụ Công nghiệp,HOSE,1752.43,-0.003780385201355152,-0.009154029695468635,-0.04087854109199163,-0.04151853593970478,-0.013076901416382736,-0.3076923076923077,-0.29226736566186107,-0.28311333596639243,-0.3041237113402061,-0.2632451702482145,-0.300518134715026,-0.2589995987753212,-0.2541436464088398,-0.24106674499245706,75.53,-0.28505229710048985,76.28,-0.29208180388044047,76.1146,-0.2905434699781645,72.39484999999999,-0.2540905879354677,-0.018836061314627006,-0.0040215177312373784,-0.0011261556189927635,0.005896781219108416,False,953490.0,3.532811041542124,69532421000.0,2.627371481858801,182687500000.0,69532421000.0,-0.3315621580990509,0.0699863805243079,25.6,2.6700000000000035,0.049444444444444506,0.02526724608925697,1.9568592584162587,0.45,0.43949595695812227,82.02,0.6583760058522312,-0.32330827067669166,79.2,79.5,76.1,73.5,73.7662668863808,75.42554665353822,-1.6592797671574147,-0.2874944558231418,-1.3717853113342728,False,False,False,False,5.195656080348711,85.92131216069743,65.13868783930258,0.27515721331119886,0.08167263992252315,False,True,False,77.6,76.84153241485315,74.52721869941702,-0.003186399931300432,0.030544488711819362,1.5964653156629538,1.9643850432989827,-0.36791972763602887,False,0.030425963488843744,0.034206348690198896,0.5803550860873136,-0.305498341913332,-0.43918357180438367,-0.2904754755171843,-0.25503967416007045,-0.12177224712319312,0.5,0.9608477333651769,0.45360425817601036,0.472087556045277,0.027912443954722976,0.09206349206349196,-0.39618720340369806,0.06902985074626855,-0.3695479854612945,0.782608695652174,0.782608695652174,1085290936000.0,1.5681989843295352,0.13294203315548359,0.11054838668597333,0,0.6583760058522312,354,2.595419847328244,71.33587786259542,28.702290076335878,40.34351145038168,25.229007633587784,12.267414122137403,81.94444444444444,40.87171331636981,-21.034970711407972,FADING
2026-10-07,CTG,29.85,29.85,29.4,29.55,4305800,127484080000.0,Ngân hàng,HOSE,1752.43,-0.003780385201355152,-0.009154029695468635,-0.04087854109199163,-0.04151853593970478,-0.013076901416382736,-0.008389261744966459,-0.01990049751243772,-0.010746467816969085,-0.06190476190476191,-0.02102622081277028,-0.12132024977698486,-0.07980171383728007,-0.15474828375286043,-0.1416713823364777,30.432499999999997,-0.028998603466688477,30.861600000000003,-0.04249941675091384,32.2117,-0.0826314662063784,33.9441,-0.12945106807957785,-0.01600517338937857,-0.014132379248658289,-0.03136750258937249,-0.02534985400686829,False,7157210.0,0.6016031386531903,218035801500.0,0.5846933353282351,127484080000.0,218035801500.0,-0.05366494523237564,0.01475719449755659,0.45000000000000284,0.5850000000000003,0.01979695431472082,0.01999170812603649,0.9902582705745874,0.25,0.2854918327113498,40.87,0.7230242231465623,-0.1303708063566803,31.7,31.8,28.9,28.9,30.156468171925496,30.574878134924194,-0.41840996299869815,-0.32969156667892247,-0.08871839631977568,False,False,False,False,0.5680703718454619,31.56864074369092,29.296359256309074,0.0746662774133524,0.051286030152258716,False,False,False,29.75,30.881758064903657,32.29318012201874,-0.033813073989143905,-0.10364567640855671,-1.048755107797696,-0.8648718003586536,-0.18388330743904235,False,0.0,0.003780385201355152,0.7879220877794875,-0.005410612744504029,0.6789868266862017,-0.007977444496023643,-0.0363367242314449,-0.056836604022983225,0.4,0.7279207919543501,0.18731685402138654,0.2573313691431604,0.14266863085683962,-0.044438812658645466,-0.01746594924611644,-0.06302488929607569,-0.058295360480909164,0.2727272727272727,0.36363636363636365,2727514341000.0,0.7429405211409372,-0.0035602715666538387,-0.02150635335637091,0,0.7230242231465623,354,42.17557251908397,39.38931297709924,42.02290076335878,42.824427480916036,37.213740458015266,33.556476622137396,38.05555555555556,40.62446988973707,-1.190851290818486,FADING
2026-10-07,BID,34.65,34.85,34.25,34.6,1665900,57454640000.0,Ngân hàng,HOSE,1752.43,-0.003780385201355152,-0.009154029695468635,-0.04087854109199163,-0.04151853593970478,-0.013076901416382736,0.0,-0.0362116991643453,-0.027057669468876666,-0.050754458161865634,-0.009875917069874007,-0.09566126502875061,-0.05414272908904583,-0.09778357235984358,-0.08470667094346085,35.855000000000004,-0.03500209175847169,35.6788,-0.030236442929694962,37.2623,-0.07144754886306004,38.71475,-0.1062837807295669,-0.013481909478607612,-0.009395511033617021,-0.024625747684501653,-0.009531935705950567,False,3624800.0,0.4595839770470095,130589017750.0,0.4399653277888293,57454640000.0,130589017750.0,-0.04040368637218772,0.012976327274122285,0.6000000000000014,0.7575000000000006,0.021893063583815046,0.022550551031762216,0.9708438411539875,0.4,0.36104888545574926,50.89,0.6798978188249165,-0.10524954745280579,37.85,37.85,33.95,33.95,35.381680431864055,35.7712120463335,-0.3895316144694476,-0.19290749566634924,-0.19662411880309838,False,True,False,False,0.7080179896614851,37.271035979322974,34.438964020677034,0.0789868068232029,0.05442626139030032,False,True,False,34.8,36.02641620499023,37.076955588802754,-0.019310730502307027,-0.0825204323754285,-0.7886216237746311,-0.6449239869711907,-0.1436976368034404,False,0.0,0.003780385201355152,0.8720385475244417,0.0032966416200726407,0.6809219441590054,0.0007224943790959575,-0.014738187917083638,0.004631724568433093,0.43333333333333335,0.6638901450615451,0.19289834589656052,0.29055762814294844,0.1427757051903849,-0.044438812658645466,-0.006315645503220169,-0.06302488929607569,-0.032636375732674916,0.2727272727272727,0.36363636363636365,2727514341000.0,0.7429405211409372,-0.0035602715666538387,-0.02150635335637091,0,0.6798978188249165,354,44.8854961832061,28.358778625954198,48.89312977099237,38.09160305343512,47.09923664122137,37.82800572519083,38.05555555555556,40.18935538592027,-7.301747044635285,FADING
2026-10-07,POW,12.7,12.7,12.5,12.5,2513900,31585050000.0,"Điện, nước & xăng dầu khí đốt",HOSE,1752.43,-0.003780385201355152,-0.009154029695468635,-0.04087854109199163,-0.04151853593970478,-0.013076901416382736,-0.011857707509881465,0.0,0.009154029695468635,-0.03474903474903468,0.006129506342956947,-0.15540540540540548,-0.1138868694657007,-0.038461538461538436,-0.0253846370451557,12.675,-0.013806706114398493,13.149000000000001,-0.04935736557913151,13.600999999999999,-0.08094993015219465,13.510250000000001,-0.0747765585388872,-0.009378663540445253,-0.021506176514362152,-0.049103268730112726,-0.008817956566098406,False,5428020.0,0.4631338867579707,68784842500.0,0.4591861935280291,31585050000.0,68784842500.0,-0.23238142832644115,0.013318251686500396,0.1999999999999993,0.28999999999999976,0.02319999999999998,0.026029570444969685,0.8912940015298436,0.25,0.24210761935291322,16.55,0.755287009063444,-0.14965986394557818,13.1,13.25,12.3,12.05,12.669362410754902,12.831523234727586,-0.16216082397268394,-0.1893555636268301,0.02719473965414615,False,False,False,False,0.15260889123581234,12.980217782471625,12.369782217528376,0.04816059683970402,0.07154414329269548,True,True,False,12.7,12.977940187478007,13.228654117989464,-0.034092265716667014,-0.099290780141844,-0.18606903333193436,-0.01980941007589989,-0.16625962325603447,False,-0.0033112582781456568,0.00046912692320949523,0.6463244632115253,-0.009414352073882803,0.6476669713860248,-0.009718190087433541,-0.12602071620973615,0.15423946187017656,0.2833333333333333,0.7007849723017038,0.1477314926681249,0.21080859109022554,0.07252474224310779,-0.023953464742938357,-0.010795570006096322,-0.026214526214526246,-0.12919087919087924,0.25,0.25,152721795000.0,0.7612487925825501,0.01692507634905327,0.015304009725178536,1,0.755287009063444,354,45.8587786259542,20.267175572519083,46.7175572519084,43.45419847328245,39.38931297709923,34.89265267175572,48.05555555555556,40.07198897370654,8.953933418150982,FADING
2026-10-07,HHV,8.99,9.02,8.72,8.91,2248200,19981137000.0,Xây dựng và Vật liệu,HOSE,1752.43,-0.003780385201355152,-0.009154029695468635,-0.04087854109199163,-0.04151853593970478,-0.013076901416382736,-0.007795100222717233,-0.02622950819672132,-0.017075478501252683,-0.10899999999999999,-0.06812145890800836,-0.15625,-0.11473146406029522,-0.23519313304721035,-0.2221162316308276,9.374,-0.04949861318540649,9.781799999999999,-0.08912470097528047,10.3611,-0.14005269710745005,11.1455,-0.20057422278049442,-0.03171160004131812,-0.027750720604313828,-0.048574096408979806,-0.04921357388000802,False,2144800.0,1.0482096232748974,20118660050.0,0.9931644031134171,19981137000.0,20118660050.0,-0.2914850094928403,0.010950554451260622,0.29999999999999893,0.17249999999999988,0.019360269360269345,0.021902836150667453,0.8839160931987053,0.3,0.2793617120477434,15.57,0.5722543352601156,-0.16728971962616812,9.53,10.15,8.8,8.8,9.137130569622078,9.425495976168849,-0.28836540654677023,-0.2538586081622369,-0.034506798384533355,False,False,False,False,0.37157417620313504,10.117148352406272,8.63085164759373,0.1585552277376298,0.06038102429348258,False,False,False,8.83,9.65203030473125,10.538861256860086,-0.05768029641916317,-0.1747663551401869,-0.6361910443008938,-0.5474042770724242,-0.08878676722846957,False,-0.003732642515912543,4.7742685442608845e-05,0.379597336161771,-0.0063600760706174365,0.9839731346369893,-0.006407053590468388,-0.0506520132137173,0.036527826556568055,0.35,0.5623497783479675,0.12472839022981541,0.22179859409962585,0.12820140590037413,-0.02449494949494946,-0.08450505050505053,-0.04520511072031014,-0.11104488927968986,0.4090909090909091,0.4090909090909091,271368458000.0,0.957190824427022,0.01638359159704217,-0.003686574780605356,0,0.5722543352601156,354,29.122137404580148,51.75572519083969,28.015267175572518,45.305343511450396,26.25954198473282,31.333492366412205,53.333333333333336,39.40139949109414,8.126225879983028,FADING
2026-10-07,SSI,19.85,19.85,19.55,19.65,9554000,188180865000.0,Dịch vụ tài chính,HOSE,1752.43,-0.003780385201355152,-0.009154029695468635,-0.04087854109199163,-0.04151853593970478,-0.013076901416382736,-0.005063291139240533,-0.05755395683453246,-0.048399927139063825,-0.05980861244019142,-0.018930071348199795,-0.08177570093457942,-0.04025716499487464,-0.16454081632653061,-0.15146391491014788,20.580000000000002,-0.045189504373178035,20.0498,-0.019940348532155094,20.7761,-0.0542017029182571,22.282449999999997,-0.11814006089994589,-0.018246869409659916,-0.0007077352472089071,-0.007445470836922263,-0.019204169400790394,False,20507860.0,0.46587015905121254,422622600250.0,0.44526928964206525,188180865000.0,422622600250.0,-0.020246158784257173,0.015805140875049875,0.3000000000000007,0.5624999999999998,0.028625954198473275,0.024888248279880752,1.1501795496637672,0.4,0.4390284993168473,30.23,0.6500165398610651,-0.09696691176470607,21.65,21.65,19.0,19.0,20.233025272732434,20.3967947300707,-0.1637694573382653,0.014951896693137061,-0.17872135403140238,False,True,False,False,0.5463756178577367,21.672751235715474,19.48724876428453,0.10619545536593505,0.06634935341488081,False,False,False,19.7,20.52115082366917,21.297380435718498,-0.0016757365077894049,-0.07250470809792842,-0.5805306891529618,-0.7114148226750552,0.13088413352209338,False,-0.011235955056179803,-0.007455569854824651,1.1524674625709546,-0.000706520198693974,0.8997901752834173,0.006001928307816461,0.22053564751444063,0.22222988028828106,0.4166666666666667,1.0098673764152304,0.26115764444208434,0.25860588285278296,0.15806078381388372,-0.1348314606741573,0.07502284823396588,-0.2109548529180431,0.1291791519834637,0.043478260869565216,0.043478260869565216,812161741000.0,0.5735041086847047,-0.09395291958216567,-0.16943631697833833,0,0.6500165398610651,354,49.65648854961832,33.12977099236641,46.221374045801525,33.16793893129772,47.44274809160305,67.74391698473282,16.38888888888889,38.184266327396095,-13.34720068649279,FADING
2026-10-07,VCK,27.95,27.95,27.5,27.75,1225700,33930265000.0,Dịch vụ tài chính,HOSE,1752.43,-0.003780385201355152,-0.009154029695468635,-0.04087854109199163,-0.04151853593970478,-0.013076901416382736,-0.007155635062611743,-0.034782608695652195,-0.02562857900018356,-0.07499999999999996,-0.03412145890800833,-0.17164179104477617,-0.1301232551050714,-0.2678100263852242,-0.2547331249688415,28.777500000000003,-0.035704977847276664,29.573999999999998,-0.061675796307567365,31.340500000000002,-0.11456422201305028,,,-0.022420382165604935,-0.025536261491317713,-0.051446532811597945,-0.03807433780424152,False,2153340.0,0.569208764059554,61990110250.0,0.5473496475996347,33930265000.0,61990110250.0,0.015515801452647082,0.020171349596429373,0.4499999999999993,0.8675,0.03126126126126126,0.025436348781937002,1.228999552147228,0.45,0.5648829260590524,37.9,0.7321899736147758,-0.17899408284023666,29.8,30.4,26.4,26.4,28.254491985858028,28.879151214508163,-0.6246592286501347,-0.5410235015122521,-0.08363572713788259,False,False,False,False,0.9106786075862489,30.5988572151725,26.956142784827506,0.12658203215515576,0.06936536963209851,False,False,False,27.4,29.62460722164835,31.187410306283063,-0.042386160327379185,-0.16335877862595427,-1.122591092238693,-0.7325431188200793,-0.39004797341861375,False,-0.011235955056179803,-0.007455569854824651,0.7216718944448018,-0.004427437312618677,0.7706412299228187,0.0013181322100788827,0.026951343959557436,,0.4,0.911168609034044,0.24893682303610842,0.2732061010091354,0.12679389899086463,-0.1348314606741573,0.059831460674157344,-0.2109548529180431,0.03931306187326694,0.043478260869565216,0.043478260869565216,812161741000.0,0.5735041086847047,-0.09395291958216567,-0.16943631697833833,0,0.7321899736147758,195,42.29007633587787,47.328244274809165,39.9236641221374,39.083969465648856,32.862595419847324,,16.38888888888889,37.89609838846481,-0.35704831292407846,FADING
2026-10-07,PC1,19.45,19.5,19.2,19.25,360500,6970055000.0,Xây dựng và Vật liệu,HOSE,1752.43,-0.003780385201355152,-0.009154029695468635,-0.04087854109199163,-0.04151853593970478,-0.013076901416382736,-0.010282776349614386,-0.08551068883610458,-0.07635665914063594,-0.04938271604938271,-0.008504174957391086,-0.06326034063260344,-0.02174180469289866,-0.29487179487179493,-0.2817948934554122,20.175,-0.04584882280049574,20.555999999999997,-0.06353376143218514,20.456000000000003,-0.05895580758701613,22.620749999999997,-0.14901141650917837,-0.012481644640234935,-0.014100719424460673,-0.03028587602604038,-0.0316457194253118,False,1451740.0,0.2483227024122777,29451773250.0,0.23665994372681787,6970055000.0,29451773250.0,-0.05823716192729733,0.018628606284316566,0.3000000000000007,0.5549999999999995,0.028831168831168805,0.043384838242394946,0.6645448041107472,0.35,0.4181120586330886,31.35,0.6140350877192983,-0.1348314606741573,21.45,21.45,19.1,19.1,19.94627867718686,20.20977820754479,-0.2634995303579295,-0.1574654713487101,-0.10603405900921939,False,False,False,False,0.5371709519126798,21.24934190382536,19.10065809617464,0.1065022952986726,0.08666262344052987,False,True,False,19.25,20.412133323916194,21.29074250946676,-0.017369681652870228,-0.09411764705882353,-0.6523211903388777,-0.6375019171730714,-0.014819273165806335,False,-0.003732642515912543,4.7742685442608845e-05,0.3656686661729241,-0.008900407935414988,0.9640137355978832,-0.008946432539955992,0.0458241432084123,-0.07103251395070898,0.38333333333333336,0.8098634739402821,0.23058354462276154,0.28471903233379353,0.09861430099953983,-0.02449494949494946,-0.024887766554433255,-0.04520511072031014,-0.018055229912293302,0.4090909090909091,0.4090909090909091,271368458000.0,0.957190824427022,0.01638359159704217,-0.003686574780605356,0,0.6140350877192983,354,40.41984732824427,19.69465648854962,38.70229007633588,24.770992366412216,35.19083969465649,36.67819656488549,53.333333333333336,37.47773536895674,-18.66267261715437,FADING
2026-10-07,VHM,69.1,69.1,67.9,67.7,3929100,268023770000.0,Bất động sản,HOSE,1752.43,-0.003780385201355152,-0.009154029695468635,-0.04087854109199163,-0.04151853593970478,-0.013076901416382736,-0.018840579710144856,0.03516819571865448,0.04432222541412312,-0.07765667574931878,-0.036778134657327155,-0.12134977287475657,-0.07983123693505179,0.14319486659912206,0.1562717680155048,70.465,-0.039239338678776714,70.88900000000001,-0.04498582290623376,71.9467,-0.05902563981391784,63.8772,0.05984607966535793,-0.018183084854396125,-0.009639698794339124,-0.018647211916495876,0.003845343520610278,False,10007775.0,0.39260474980702503,708886753000.0,0.3780910968722814,268023770000.0,708886753000.0,0.3572450575705568,0.02070620978633781,1.1999999999999886,2.6450000000000005,0.03906942392909897,0.041180994729907806,0.9487246285657276,0.35,0.32359240690363245,78.96,0.8573961499493415,-0.12191958495460431,73.0,79.5,65.3,65.3,68.92552073821723,70.06449287032326,-1.1389721321060335,-0.8961676897055881,-0.2428044424004454,False,False,False,False,2.585440001237937,75.63588000247587,65.29411999752413,0.14676449308098682,0.1378751340454746,False,True,False,67.9,70.18331881496215,67.3268408312564,-0.02620666953764572,-0.07619047619047614,2.0075363019100365,3.3246679774451042,-1.3171316755350677,False,-0.007601621338243381,-0.0038212361368882286,1.9467618719910662,-0.011481069938707376,-0.9026195435070031,-0.014930192356217892,-0.1497807320675869,-0.09282998278076948,0.43333333333333335,1.1230324714726359,0.2908037915577413,0.2589451319928527,0.17438820134048066,-0.09853254079264318,0.020875865043324393,-0.17522954019664538,0.053879767321888816,0.038461538461538464,0.07692307692307693,1794718569000.0,0.6301366595471117,-0.05765399970065155,-0.1337110042569406,1,0.8573961499493415,354,48.74045801526717,26.755725190839694,46.335877862595424,39.770992366412216,53.473282442748086,45.47620467557251,22.22222222222222,37.45971162001696,1.3496855783502966,FADING
2026-10-07,NKG,9.45,9.6,9.3,9.31,1467900,13703531000.0,Tài nguyên Cơ bản,HOSE,1752.43,-0.003780385201355152,-0.009154029695468635,-0.04087854109199163,-0.04151853593970478,-0.013076901416382736,-0.012725344644750725,-0.040206185567010166,-0.03105215587154153,-0.13796296296296295,-0.09708442187097133,-0.23057851239669414,-0.18905997645698935,-0.2760497667185069,-0.26297286530212416,10.014,-0.07030157779109236,10.534600000000001,-0.11624551477986833,11.348999999999998,-0.17966340646752998,12.3598,-0.2467515655593132,-0.03790171494451655,-0.03675731031582019,-0.06334133546723564,-0.05178464006416705,False,1618545.0,0.906925664717385,16141332950.0,0.8489714599437712,13703531000.0,16141332950.0,-0.06366029082519853,0.015637031010551885,0.29999999999999893,0.28000000000000014,0.030075187969924824,0.02625603470449734,1.1454581130932657,0.2,0.18801454392679845,16.64,0.5594951923076923,-0.23057851239669414,10.25,10.95,9.12,9.12,9.68691219569053,10.072370243429832,-0.38545804773930215,-0.33638907806147206,-0.04906896967783009,False,False,False,False,0.4999515766026113,11.013903153205222,9.014096846794777,0.19970104917220344,0.07201594879258949,False,False,False,9.2,10.331281905360349,11.51390286673933,-0.07333349439158621,-0.2301255230125523,-0.8492003320307262,-0.7157516936218906,-0.13344863840883558,False,0.008298755186721962,0.012079140388077114,0.625257441389208,-0.010361630666285777,0.6924347694585669,-0.018725647456161617,-0.2694690252291118,-0.2408392746132166,0.31666666666666665,0.7875278186913764,0.2072346252379318,0.263145783957563,0.053520882709103657,0.06796116504854366,-0.2059241280115066,0.0721247563352827,-0.30270326873197684,0.6363636363636364,0.7272727272727273,572004022000.0,1.1933798779952989,0.10883970614053529,0.11364329227498748,0,0.5594951923076923,354,15.68702290076336,50.152671755725194,18.244274809160306,34.083969465648856,15.83969465648855,10.100489026717556,77.22222222222221,37.121925360474975,3.1811701521416467,FADING
2026-10-07,VPB,23.2,23.55,22.95,23.2,12731100,297012325000.0,Ngân hàng,HOSE,1752.43,-0.003780385201355152,-0.009154029695468635,-0.04087854109199163,-0.04151853593970478,-0.013076901416382736,0.0,0.04977375565610842,0.058927785351577056,-0.13914656771799627,-0.09826802662600465,-0.15482695810564662,-0.11330842216594184,-0.14454277286135697,-0.13146587144497424,26.22,-0.11517925247902361,25.781000000000002,-0.1001124859392577,26.2698,-0.11685661862671204,26.692400000000003,-0.13083874061530631,-0.03620657967285412,-0.011843618244538057,-0.008994810686142496,-0.006053772635434274,False,20124660.0,0.6326119298412992,538039122000.0,0.5520273765519973,297012325000.0,538039122000.0,0.277786017374426,0.0510714065477781,0.6000000000000014,0.9649999999999999,0.04159482758620689,0.022996051567480136,1.8087812798710283,0.5,0.4909742574532936,33.11,0.7006946541830262,-0.18453427065026362,29.05,29.05,22.1,22.1,24.710942607294342,25.58193631165695,-0.8709937043626077,-0.3199910881950898,-0.5510026161675179,False,True,False,False,2.232911717207454,30.685823434414907,21.75417656558509,0.3406425197875597,0.07317907511146615,False,False,False,22.9,25.306378788392635,26.021059388828952,-0.041412271990174054,-0.14232209737827717,-0.5184216120809566,-0.23277256037827693,-0.2856490517026797,False,0.0,0.003780385201355152,1.034075538082118,0.003909203861249005,0.8347799824492217,0.0007534139692104542,-0.02308775816218187,0.0328492644361686,0.48333333333333334,1.0360140012117491,0.3626464978578203,0.350040151420405,0.13329318191292833,-0.044438812658645466,-0.0947077550593508,-0.06302488929607569,-0.09180206880957092,0.2727272727272727,0.36363636363636365,2727514341000.0,0.7429405211409372,-0.0035602715666538387,-0.02150635335637091,0,0.7006946541830262,354,31.374045801526716,51.7175572519084,27.709923664122137,45.41984732824429,38.969465648854964,35.52659828244274,38.05555555555556,37.06340118744699,1.4121425068914348,FADING
2026-10-07,EVF,11.45,11.5,11.3,11.35,849500,9656035000.0,Dịch vụ tài chính,HOSE,1752.43,-0.003780385201355152,-0.009154029695468635,-0.04087854109199163,-0.04151853593970478,-0.013076901416382736,-0.008733624454148492,-0.025751072961373467,-0.01659704326590483,-0.08467741935483875,-0.04379887826284712,-0.10629921259842523,-0.06478067665872045,-0.18637992831541217,-0.17330302689902943,11.6675,-0.027212341975573207,12.105,-0.062370921106980615,12.728499999999999,-0.10830027104529194,12.66125,-0.10356402408924881,-0.021388131683791056,-0.019202722411278517,-0.039742979533555434,-0.027505061695381583,False,1446125.0,0.5874319301581813,16843997250.0,0.5732626796765833,9656035000.0,16843997250.0,0.13412297432618936,0.011164697841682893,0.1999999999999993,0.28999999999999976,0.02555066079295152,0.028357028112449813,0.9010345051544315,0.15,0.16678018843460973,15.1,0.7516556291390728,-0.12355212355212353,11.9,12.5,11.25,10.9,11.542878218088159,11.775860496581307,-0.23298227849314834,-0.23268895704122738,-0.00029332145192095815,False,False,False,False,0.2715816248338169,12.210663249667634,11.124336750332366,0.09310704943949157,0.07360912164511099,False,False,False,11.45,12.06139710805687,12.519089075787782,-0.04254375310710412,-0.10196078431372557,-0.3366570277796903,-0.18022691886778108,-0.15643010891190923,False,-0.011235955056179803,-0.007455569854824651,0.38625471901043346,-0.007273432830447857,0.6703159817118771,-0.0022758452039895937,0.09373494259086414,0.046122088561463305,0.35,0.6732779017158206,0.1878679865909959,0.2790348325887753,0.07096516741122466,-0.1348314606741573,0.050154041319318554,-0.2109548529180431,0.10465564031961788,0.043478260869565216,0.043478260869565216,812161741000.0,0.5735041086847047,-0.09395291958216567,-0.16943631697833833,0,0.7516556291390728,354,47.900763358778626,36.98473282442748,38.43511450381679,36.259541984732834,35.41984732824428,52.72632395038166,16.38888888888889,36.97625106022053,-1.811075328668359,FADING
2026-10-07,CTR,70.0,70.2,69.0,69.0,83100,5783320000.0,Xây dựng và Vật liệu,HOSE,1752.43,-0.003780385201355152,-0.009154029695468635,-0.04087854109199163,-0.04151853593970478,-0.013076901416382736,-0.01849217638691314,-0.06882591093117407,-0.05967188123570544,-0.08609271523178808,-0.04521417413979645,-0.06249999999999989,-0.020981464060295107,-0.09898145729955599,-0.08590455588317325,72.66499999999999,-0.050436936626986784,73.54,-0.06173511014413935,74.7268,-0.07663649453743504,76.28044999999999,-0.09544319678239954,-0.019034762065474276,-0.001566755458527025,-0.0029772395728827616,-0.006547521713177407,False,191250.0,0.4345098039215686,13903370000.0,0.4159653379000918,5783320000.0,13903370000.0,-0.4235211937499801,0.012721283663137526,1.2999999999999972,1.4600000000000009,0.021159420289855086,0.025610802203953568,0.8261912345169994,0.35,0.4402875816993464,94.74,0.7283090563647879,-0.10505836575875482,75.5,76.6,68.4,68.4,71.62935371106103,72.7773828130649,-1.1480291020038749,-0.775015424018501,-0.3730136779853739,False,False,False,False,1.577231084760341,75.81946216952068,69.51053783047931,0.08682205104302441,0.06616471599178392,False,False,False,71.2,73.97184692733612,75.19300233159343,-0.01778986905118196,-0.037837837837837784,-0.8533281393299177,-0.7202615853712515,-0.13306655395866618,False,-0.003732642515912543,4.7742685442608845e-05,0.5943332306416671,-0.016245367837121782,0.4868600778053916,-0.01626861184467101,-0.0032270925538879103,0.007227506177226846,0.43333333333333335,0.6806127748263938,0.18923701025376682,0.278039168897522,0.15529416443581134,-0.02449494949494946,-0.06159776573683862,-0.04520511072031014,-0.01729488927968975,0.4090909090909091,0.4090909090909091,271368458000.0,0.957190824427022,0.01638359159704217,-0.003686574780605356,0,0.7283090563647879,354,34.77099236641221,20.99236641221374,42.78625954198473,25.916030534351147,47.02290076335878,41.342139790076324,53.333333333333336,36.64185750636132,-22.707534854749795,FADING
2026-10-07,EIB,16.55,16.55,16.3,16.4,1137000,18642400000.0,Ngân hàng,HOSE,1752.43,-0.003780385201355152,-0.009154029695468635,-0.04087854109199163,-0.04151853593970478,-0.013076901416382736,0.0,-0.0060606060606061,0.0030934236348625355,-0.0381231671554253,0.00275537393656633,-0.18000000000000005,-0.13848146406029527,-0.28850325379609554,-0.2754263523797128,16.4925,-0.005608609974230738,17.113,-0.04166423187050783,18.968,-0.13538591311682846,20.56425,-0.20249948332664713,-0.011981428785382775,-0.0339825007056167,-0.07721757886222713,-0.05856660710740513,False,3750065.0,0.3031947446244265,61632707500.0,0.3024757593198384,18642400000.0,61632707500.0,-0.248104393318894,0.012965656069058296,0.25,0.37249999999999994,0.02271341463414634,0.02688683443472842,0.8447783129429519,0.35,0.3852333226224079,26.8,0.6119402985074626,-0.19211822660098532,16.95,17.25,16.2,15.8,16.464519459165825,16.714785064369305,-0.25026560520348085,-0.31412247917301994,0.0638568739695391,False,False,False,False,0.29167167915516884,17.075843358310337,15.909156641689663,0.07074044060152641,0.07237813336669682,True,False,False,16.5,17.25976596169104,19.217857121807185,-0.049359116525568014,-0.16455696202531644,-1.4175793169577773,-1.282111892836709,-0.13546742412106827,False,0.0,0.003780385201355152,0.7995783201138973,0.0030227140486829896,0.9056873051189476,-0.000401132836643908,-0.09162021804467667,-0.21332530835675564,0.31666666666666665,0.7184871810577527,0.27880387156702946,0.38804293092129494,-0.07137626425462829,-0.044438812658645466,0.006315645503220169,-0.06302488929607569,-0.11697511070392436,0.2727272727272727,0.36363636363636365,2727514341000.0,0.7429405211409372,-0.0035602715666538387,-0.02150635335637091,1,0.6119402985074626,354,44.160305343511446,15.534351145038169,44.160305343511446,38.35877862595421,26.793893129770993,22.401300095419842,38.05555555555556,35.78286683630195,1.3562175307463917,FADING
2026-10-07,MST,9.0,9.1,9.0,8.9,526400,4745940000.0,Xây dựng và Vật liệu,HNX,1752.43,-0.003780385201355152,-0.009154029695468635,-0.04087854109199163,-0.04151853593970478,-0.013076901416382736,-0.0219780219780219,-0.043010752688172116,-0.03385672299270348,-0.12745098039215674,-0.08657243930016512,0.0,0.04151853593970478,0.03488372093023262,0.047960622346615356,9.544999999999998,-0.06757464641173372,9.88,-0.09919028340080971,9.332,-0.04629232747535361,8.2915,0.073388409817283,-0.02948652770716842,-0.011604641856742481,0.009193054136874546,0.02888643880926134,False,1060295.0,0.4964656062699532,10216513500.0,0.4645361649059633,4745940000.0,10216513500.0,-0.29432363843806086,0.016570946050696304,0.09999999999999964,0.26999999999999985,0.030337078651685376,0.033847248576850106,0.8962937883357078,0.2,0.25006248261097147,10.5,0.8476190476190476,-0.1523809523809524,9.9,10.2,8.8,8.8,9.253370422027224,9.523699261626456,-0.27032883959923204,-0.20725761204978863,-0.06307122754944341,False,False,False,False,0.44304567900400554,10.43109135800801,8.658908641991987,0.18566607815778133,0.08177903736366086,False,False,False,9.0,9.56460482283309,8.93262057881014,-0.03084162583790806,-0.052631578947368474,0.4588385091032734,0.6353172406818244,-0.17647873157855098,False,-0.003732642515912543,4.7742685442608845e-05,0.19050139214429665,-0.021257853334322046,0.5967142600368325,-0.021286342075538103,0.10915595414240481,0.31311946961108167,0.3,0.8049812043738886,0.30363904811533793,0.37720017121580773,-0.07720017121580774,-0.02449494949494946,-0.10295603089720728,-0.04520511072031014,0.04520511072031014,0.4090909090909091,0.4090909090909091,271368458000.0,0.957190824427022,0.01638359159704217,-0.003686574780605356,2,0.8476190476190476,354,35.896946564885496,21.679389312977097,33.20610687022901,23.129770992366414,52.02290076335877,62.88794131679388,53.333333333333336,35.29166666666667,5.690321180555561,FADING
2026-10-07,BVB,10.8,10.9,10.75,10.9,581700,6301795000.0,Ngân hàng,HOSE,1752.43,-0.003780385201355152,-0.009154029695468635,-0.04087854109199163,-0.04151853593970478,-0.013076901416382736,0.004608294930875667,0.03809523809523818,0.04724926779070682,-0.08403361344537819,-0.04315507235338656,-0.2158273381294964,-0.1743088021897916,-0.07627118644067798,-0.06319428502429525,11.122499999999999,-0.02000449539222282,11.845,-0.07978049810046439,12.363499999999998,-0.11837262910987978,12.68625,-0.14080204946300123,-0.02881466928618226,-0.04568159845310993,-0.0741753947162731,-0.02117805399414141,False,1228665.0,0.4734406856221997,13568595500.0,0.4644397424921393,6301795000.0,13568595500.0,0.6508669423810611,0.023798453559197758,0.15000000000000036,0.32250000000000006,0.029587155963302757,0.03186657660265688,0.9284698614546478,0.25,0.361363756597608,15.2,0.7171052631578948,-0.22142857142857142,12.05,12.05,10.35,10.35,10.888224580284204,11.247997033736961,-0.35977245345275755,-0.37166355053645317,0.011891097083695623,False,False,False,False,0.4663618992291876,12.055223798458375,10.189776201541623,0.16771837239080714,0.07078707007138249,False,False,False,10.4,11.561321059760845,12.299604112726833,-0.06533080883916065,-0.22962962962962963,-0.5176735753869721,-0.3045704858360587,-0.2131030895509134,False,0.0,0.003780385201355152,0.539339401264019,0.006647205621921913,0.7704964023331349,0.003734432424844345,-0.2325597414357668,-0.04998075365823177,0.26666666666666666,0.7419999528352235,0.21672600366150774,0.2920835814522434,-0.025416914785576727,-0.044438812658645466,-0.03959480078673272,-0.06302488929607569,-0.1528024488334207,0.2727272727272727,0.36363636363636365,2727514341000.0,0.7429405211409372,-0.0035602715666538387,-0.02150635335637091,0,0.7171052631578948,346,33.85496183206107,38.2442748091603,30.152671755725194,39.73282442748092,27.251908396946565,16.577111164122133,38.05555555555556,35.0519508057676,11.922176500212046,FADING
2026-10-07,TCH,11.0,11.1,10.85,10.9,2647100,28959745000.0,Bất động sản,HOSE,1752.43,-0.003780385201355152,-0.009154029695468635,-0.04087854109199163,-0.04151853593970478,-0.013076901416382736,-0.018018018018017945,-0.03111111111111109,-0.021957081415642454,-0.08786610878661083,-0.0469875676946192,-0.12308930008045049,-0.08157076414074571,-0.30573248407643305,-0.2926555826600503,11.59,-0.05953408110440028,11.2882,-0.034389893871476396,12.439799999999998,-0.12378012508239666,13.7312,-0.20618736891167555,-0.0245339393174262,-0.020189570168738236,-0.0404780524293632,-0.06131011220693783,False,4170120.0,0.6347778960797291,48281345250.0,0.5998123053541057,28959745000.0,48281345250.0,-0.3101441884424614,0.01894720432477994,0.25,0.39250000000000007,0.03600917431192661,0.039112610760858146,0.9206538150085012,0.4,0.4107711528685026,22.44,0.4857397504456328,-0.16282642089093702,12.1,12.45,10.5,10.5,11.287414238207935,11.453989691742974,-0.16657545353503878,-0.06984032274396797,-0.09673513079107081,False,True,False,False,0.43516482055941186,12.460329641118824,10.719670358881176,0.15018630562878754,0.10833466056253949,False,False,False,10.9,11.602696830478289,12.873017061647698,-0.026300221961828907,-0.12308930008045049,-0.9207123752850066,-0.974961217756095,0.05424884247108841,False,-0.007601621338243381,-0.0038212361368882286,1.0978564141965765,-0.013867697876576376,1.3445389928164528,-0.008729896889770845,0.1759164689616114,0.26851022598687324,0.38333333333333336,1.2612840801582144,0.32893503889606523,0.260793776811013,0.12253955652232035,-0.09853254079264318,0.010666432006032345,-0.17522954019664538,0.05214024011619489,0.038461538461538464,0.07692307692307693,1794718569000.0,0.6301366595471117,-0.05765399970065155,-0.1337110042569406,0,0.4857397504456328,354,39.69465648854962,39.732824427480914,32.900763358778626,40.496183206106885,32.137404580152676,58.52874522900762,22.22222222222222,34.85093299406277,2.9381725773960987,FADING
2026-10-07,PNJ,20.0,20.3,18.75,18.8,51263000,981937150000.0,Hàng cá nhân & Gia dụng,HOSE,1752.43,-0.003780385201355152,-0.009154029695468635,-0.04087854109199163,-0.04151853593970478,-0.013076901416382736,-0.06699751861042169,-0.4354354354354354,-0.42628140573996676,-0.5276381909547738,-0.4867596498627822,-0.6556776556776557,-0.6141591197379509,-0.7363253856942495,-0.7232484842778668,33.1675,-0.4331800708524911,35.111,-0.4645552675799607,48.136500000000005,-0.6094439770236724,60.04174999999999,-0.6868845428389412,-0.132308698495749,-0.08935055503682954,-0.19266498045527714,-0.13645814459547445,False,11175530.0,4.587075512302325,293002800250.0,3.3512893022257044,981937150000.0,293002800250.0,0.3176498341548353,0.06028855327752667,1.5500000000000007,1.9525,0.10385638297872339,0.039732815202328894,2.5,0.2,0.06643667011765884,84.63,0.22214344794989957,-0.6384615384615384,38.05,41.6,20.15,20.15,27.781956853626422,32.42180830120965,-4.639851447583229,-2.7602866600648976,-1.8795647875183317,False,False,False,False,7.021813287328105,47.211126574656205,19.12387342534379,0.8468305765979474,0.11242260411039103,False,False,False,23.05,36.621256388212856,48.86867120947552,-0.1492186610526779,-0.5053648068669527,-8.97160641011373,-7.635264047854629,-1.3363423622591002,False,0.025687325256290805,0.029467710457645957,1.1332424827801653,-0.06271342549897259,0.8474742318150493,-0.08768655078241439,-0.869854123571469,-1.0972967053025462,0.35,2.4495983841168805,0.5355691473624954,0.21863549177494115,0.13136450822505882,0.046183339142558344,-0.5738215300973322,-0.034689750228645844,-0.6209879054490098,0.6666666666666666,0.6666666666666666,1072068190000.0,3.2381056562733823,0.08706188023454997,0.006828785711058938,0,0.22214344794989957,354,0.7633587786259541,75.2671755725191,1.5267175572519085,31.29770992366413,1.5267175572519083,11.643905057251906,71.11111111111111,33.61153519932146,9.124339018765902,FADING
2026-10-07,TCM,14.6,15.15,14.55,15.05,532900,7893730000.0,Hàng cá nhân & Gia dụng,HOSE,1752.43,-0.003780385201355152,-0.009154029695468635,-0.04087854109199163,-0.04151853593970478,-0.013076901416382736,0.016891891891891886,-0.04746835443037978,-0.03831432473491114,-0.1147058823529411,-0.07382734126094948,-0.2512437810945274,-0.2097252451548226,-0.2934272300469484,-0.28035032863056564,16.104999999999997,-0.06550760633343655,16.532,-0.08964432615533502,18.4864,-0.18588800415440532,20.979950000000002,-0.2826484333852083,-0.03345836459114804,-0.046377480387632786,-0.08343959638520815,-0.05701358389316513,False,755570.0,0.7052953399420305,12100673000.0,0.652338097228146,7893730000.0,12100673000.0,-0.21188384406634375,0.009486000445531636,0.5999999999999996,0.40500000000000036,0.026910299003322282,0.0228317179144385,1.1786366275270306,0.1,0.13432243207115158,27.67,0.5439103722443079,-0.2512437810945274,16.3,17.3,14.6,14.6,15.60860625627705,16.116859869602997,-0.5082536133259481,-0.40019958717712456,-0.10805402614882353,False,False,False,False,0.6621138397905769,17.42922767958115,14.780772320418842,0.16444926166794832,0.04067597511807126,False,False,False,15.3,16.68874873691765,19.13363632497409,-0.057117171711843384,-0.23690773067331672,-1.7476782797097208,-1.681696969620234,-0.06598131008948682,False,0.025687325256290805,0.029467710457645957,0.18664274399618738,0.01759747335923539,0.7123290613808441,-0.0033932331721020365,-0.215871435034109,-0.20745618221479056,0.18333333333333332,0.7369377615582957,0.31550775868277736,0.42813352109358427,-0.24480018776025095,0.046183339142558344,-0.16088922149549945,-0.034689750228645844,-0.21655403086588154,0.6666666666666666,0.6666666666666666,1072068190000.0,3.2381056562733823,0.08706188023454997,0.006828785711058938,0,0.5439103722443079,354,15.419847328244275,37.213740458015266,20.38167938931298,30.801526717557255,12.32824427480916,9.465052480916029,71.11111111111111,32.998939779474135,-0.5683345260814221,FADING
2026-10-07,GEX,23.15,23.15,22.6,22.6,3899900,88757930000.0,Hàng & Dịch vụ Công nghiệp,HOSE,1752.43,-0.003780385201355152,-0.009154029695468635,-0.04087854109199163,-0.04151853593970478,-0.013076901416382736,-0.01525054466230924,-0.06224066390041494,-0.053086634204946304,-0.13409961685823757,-0.09322107576624594,-0.2139130434782608,-0.172394507538556,-0.1638919718830928,-0.15081507046671006,23.8475,-0.05231156305692419,24.059,-0.06064258697368963,27.469499999999996,-0.17726933508072573,27.138199999999998,-0.1672255344864434,-0.03127856199857826,-0.02227008574795797,-0.07021950842479507,-0.032873056557007896,False,8371920.0,0.46583101606322086,198613200750.0,0.44688837229768075,88757930000.0,198613200750.0,-0.2870379795246879,0.02837183330094422,0.5499999999999972,0.9700000000000009,0.04292035398230092,0.0426531396486236,1.00626482214155,0.35,0.35086515399096024,45.1,0.5011086474501109,-0.2299829642248722,25.05,26.4,22.4,22.3,23.495611031597583,24.0158520937565,-0.5202410621589166,-0.42134984069430315,-0.09889122146461349,False,False,False,False,0.9329459565778113,25.713391913155622,21.98160808684438,0.15648532660913067,0.1587960962308698,True,False,False,22.9,24.778800676763435,26.53973952263264,-0.048925705655542884,-0.1390977443609024,-1.2744070471347193,-1.0001203632837308,-0.27428668385098853,False,0.030425963488843744,0.034206348690198896,1.8263659769657017,-0.008346177750729558,0.4157147889418633,-0.022566262776947375,-0.16199411131194816,-0.08115638221656712,0.35,1.5414099804866486,0.34682682155076017,0.22500621245572916,0.12499378754427082,0.09206349206349196,-0.22616310892172953,0.06902985074626855,-0.28294289422452934,0.782608695652174,0.782608695652174,1085290936000.0,1.5681989843295352,0.13294203315548359,0.11054838668597333,0,0.5011086474501109,354,14.84732824427481,22.519083969465647,26.145038167938935,21.87022900763359,27.78625954198473,16.970121660305338,81.94444444444444,32.444232400339274,-2.6577641274385044,FADING
2026-10-07,BCM,38.2,38.6,37.0,38.65,366100,13909570000.0,Bất động sản,HOSE,1752.43,-0.003780385201355152,-0.009154029695468635,-0.04087854109199163,-0.04151853593970478,-0.013076901416382736,0.013106159895150737,-0.0561660561660563,-0.047012026470587664,-0.08736717827626928,-0.04648863718427765,-0.231610337972167,-0.19009180203246223,-0.29727272727272724,-0.2841958258563445,40.152499999999996,-0.03741983687192574,40.021,-0.03425701506708978,46.0695,-0.16105015248700327,53.3015,-0.2748796938172472,-0.026133883094834,-0.03494092114781766,-0.0852342857142857,-0.058480309006560205,False,537505.0,0.6811099431633194,21608422750.0,0.6437105642058025,13909570000.0,21608422750.0,-0.5404191537566413,0.017335330108990816,1.6000000000000014,1.3475000000000006,0.0348641655886158,0.03129072329255146,1.1142013325372688,0.45,0.44491679147170726,78.64,0.49148016276703965,-0.23767258382643008,41.95,44.2,36.5,36.5,39.479518487545434,40.272697524525015,-0.7931790369795806,-0.6209654589207145,-0.17221357805886606,False,True,False,False,1.2976167425423804,42.74773348508476,37.557266514915234,0.12926883681388518,0.07684397596053182,False,False,False,38.7,41.486660702444475,47.709606978860755,-0.05102316575909083,-0.20533880903490753,-4.50333709670732,-4.5495331917245805,0.04619609501726085,False,-0.007601621338243381,-0.0038212361368882286,1.22255865137141,0.017727902528583927,0.5964896538836116,0.020007230349283936,-0.11938253541301852,-0.20410718248134194,0.38333333333333336,1.4183361455935943,0.3475726823396631,0.2450566344371058,0.13827669889622757,-0.09853254079264318,0.0111653625163739,-0.17522954019664538,-0.05638079777552163,0.038461538461538464,0.07692307692307693,1794718569000.0,0.6301366595471117,-0.05765399970065155,-0.1337110042569406,0,0.49148016276703965,354,30.076335877862597,41.221374045801525,34.656488549618324,38.89312977099237,25.038167938931295,25.65094227099236,22.22222222222222,32.2078032230704,-11.400269693596265,FADING
2026-10-07,DBC,15.2,15.3,15.1,15.15,728600,11065470000.0,Thực phẩm và đồ uống,HOSE,1752.43,-0.003780385201355152,-0.009154029695468635,-0.04087854109199163,-0.04151853593970478,-0.013076901416382736,-0.006557377049180357,-0.03809523809523807,-0.028941208399769436,-0.11143695014662758,-0.07055840905463595,-0.16758241758241754,-0.12606388164271276,-0.26563257392147355,-0.2525556725050908,15.9575,-0.050603164656117805,16.293999999999997,-0.07020989321222515,17.5092,-0.13474059351655132,19.995,-0.2423105776444111,-0.03361090083270246,-0.021733909702209786,-0.04707877653663972,-0.04703020143360204,False,1244210.0,0.5855924642946126,19797278250.0,0.5589389541463863,11065470000.0,19797278250.0,-0.31853203736909597,0.01524963501815995,0.20000000000000107,0.3400000000000002,0.022442244224422453,0.022388402638691598,1.0024048873249138,0.2,0.23412446451965505,25.56,0.5927230046948357,-0.15833333333333333,16.25,17.3,14.9,14.9,15.602476510399821,15.984964554989517,-0.3824880445896959,-0.30630292754965305,-0.07618511704004283,False,False,False,True,0.5558954369683734,17.069290873936747,14.845709126063253,0.1393439917200999,0.0642996502052301,False,False,False,15.4,16.374931228123465,18.23005214142808,-0.045166513478328674,-0.11239193083573495,-1.3328881966745385,-1.3453153451013726,0.012427148426834123,False,-0.001897831050228338,0.001882554151126814,0.6430009470479641,-0.004126585784502887,0.5066452005904662,-0.005080372810022946,-0.16054376629815884,-0.24273713749783485,0.31666666666666665,0.8044412400639551,0.24921995532406693,0.3098050459275973,0.006861620739069374,-0.02882031596043111,-0.08261663418619647,-0.010596003792855302,-0.15698641378956224,0.2777777777777778,0.3888888888888889,1529560853000.0,2.1073144558437624,0.012058225131560518,0.03092253214684948,0,0.5927230046948357,354,25.49618320610687,27.671755725190838,26.870229007633586,28.3587786259542,25.0,13.189408396946561,53.611111111111114,31.937871077184056,-3.1289692005937226,FADING
2026-10-07,OCB,10.0,10.05,9.97,9.99,609900,6093768000.0,Ngân hàng,HOSE,1752.43,-0.003780385201355152,-0.009154029695468635,-0.04087854109199163,-0.04151853593970478,-0.013076901416382736,0.0,-0.030097087378640808,-0.020943057683172173,-0.08348623853211012,-0.0426076974401185,-0.11592920353982306,-0.07441066760011827,-0.00794438927507446,0.005132512141308276,10.2615,-0.026458120157871634,10.465600000000002,-0.04544412169393075,10.5189,-0.05028092291019026,10.275599999999999,-0.027793997430806794,-0.02108275697591211,-0.013795702977760893,-0.028768699654775354,0.006564404849621619,False,1838825.0,0.3316791973135018,18903811100.0,0.3223565855458638,6093768000.0,18903811100.0,-0.3437422223962633,0.011654160304678161,0.08000000000000007,0.18200000000000002,0.01821821821821822,0.022971584122663244,0.7930762685297152,0.25,0.21174663168055688,11.77,0.848768054375531,-0.11982378854625542,10.6,11.0,9.92,9.92,10.198503803821188,10.346731932798763,-0.14822812897757487,-0.11387541542289831,-0.03435271355467656,False,False,False,False,0.16702584105144966,10.595551682102899,9.9274483178971,0.06510776828005636,0.08440321589958216,True,True,False,10.1,10.454505461644628,10.425859739257552,-0.022379626157547294,-0.09009009009009006,0.02477308085436647,0.09944612223419008,-0.07467304137982361,False,0.0,0.003780385201355152,0.45622497137857415,0.0017247061302882395,1.1078497601932968,-0.0024633927084713536,-0.023949294959216504,0.13587048093597703,0.38333333333333336,0.6062836779252161,0.1791867850945641,0.29554941295428777,0.08778392037904559,-0.044438812658645466,-0.03904742587346466,-0.06302488929607569,-0.05290431424374736,0.2727272727272727,0.36363636363636365,2727514341000.0,0.7429405211409372,-0.0035602715666538387,-0.02150635335637091,1,0.848768054375531,354,37.51908396946565,7.786259541984732,44.9236641221374,26.717557251908396,46.83206106870229,43.27618082061068,38.05555555555556,31.67408821034775,-4.092404845207806,FADING
2026-10-07,VRE,23.7,23.7,23.25,23.4,2260100,52936905000.0,Bất động sản,HOSE,1752.43,-0.003780385201355152,-0.009154029695468635,-0.04087854109199163,-0.04151853593970478,-0.013076901416382736,-0.01680672268907568,-0.03105590062111796,-0.021901870925649325,-0.11026615969581754,-0.06938761860382592,-0.15523465703971118,-0.1137161211000064,-0.12228057014253568,-0.10920366872615295,25.197499999999998,-0.0713364421073519,24.746,-0.05439262911177567,26.851800000000004,-0.12855004133801107,27.7899,-0.1579674629991472,-0.02031493001555218,-0.010911707102602142,-0.029378309472445685,-0.03384030828682749,False,4769235.0,0.4738915150962366,121572915750.0,0.43543337488802475,52936905000.0,121572915750.0,-0.17282517415620002,0.01622726051710059,0.5500000000000007,0.8200000000000001,0.03504273504273505,0.03929278413812449,0.8918363972262847,0.4,0.4545791935184574,41.91,0.5583392984967788,-0.1444241316270568,26.4,27.95,23.05,23.05,24.371642788926398,24.854574669694767,-0.4829318807683691,-0.24452521573345143,-0.2384066650349177,False,True,False,False,1.0805060948702827,27.358512189740562,23.036487810259434,0.17152592040802178,0.12518012547007515,False,True,False,23.6,25.13851158994003,26.677077243487435,-0.029031680695797424,-0.10436432637571158,-1.1242232234778484,-1.003828649371936,-0.12039457410591248,False,-0.007601621338243381,-0.0038212361368882286,1.7727107081790474,-0.0101051933615918,0.16854227914477993,-0.009461153513930263,-0.06872134088800498,-0.07258559750628876,0.4,1.0626876333923616,0.29317832226565965,0.27588381858718164,0.12411618141281838,-0.09853254079264318,-0.01173361890317437,-0.17522954019664538,0.019994883156934207,0.038461538461538464,0.07692307692307693,1794718569000.0,0.6301366595471117,-0.05765399970065155,-0.1337110042569406,0,0.5583392984967788,354,33.2442748091603,30.68702290076336,35.11450381679389,31.793893129770993,38.396946564885496,33.61939408396946,22.22222222222222,30.774597116200162,-8.058085175466502,FADING
2026-10-07,VCG,13.65,13.75,13.55,13.6,1446700,19713290000.0,Xây dựng và Vật liệu,HOSE,1752.43,-0.003780385201355152,-0.009154029695468635,-0.04087854109199163,-0.04151853593970478,-0.013076901416382736,-0.003663003663003761,-0.0320284697508898,-0.022874440055421164,-0.139240506329114,-0.09836196523712237,-0.24064768285873817,-0.19912914691903338,-0.3124368048533873,-0.2993599034370046,14.479999999999999,-0.06077348066298338,15.24,-0.10761154855643051,16.6195,-0.18168416619031857,17.9575,-0.2426562717527495,-0.041059602649006655,-0.04603327616209929,-0.08073155431163448,-0.06168664359392739,False,1848075.0,0.7828145502752865,26870777750.0,0.7336330263086636,19713290000.0,26870777750.0,-0.23215812301328098,0.01426075185682269,0.1999999999999993,0.3499999999999999,0.025735294117647054,0.02828147797222666,0.9099699153955093,0.25,0.22416568591642655,25.11,0.5416168857029072,-0.2624728850325381,14.65,16.1,13.15,13.15,13.992289140793616,14.577915685196993,-0.585626544403377,-0.5246724955925719,-0.06095404881080513,False,False,False,False,0.7733045971675379,16.026609194335073,12.933390805664922,0.21362005446617063,0.07762046560482842,False,False,False,13.3,15.069352276034458,16.87411528029953,-0.0761640441834388,-0.2627494456762749,-1.2924441612344868,-1.0727624562770406,-0.2196817049574462,False,-0.003732642515912543,4.7742685442608845e-05,0.4904065180833857,-0.001809078119393222,1.2314714311173958,-0.0018678718725606194,-0.13313336993574923,-0.049306583606208806,0.3333333333333333,0.7439158577935691,0.2082356298568656,0.2799182564470207,0.05341507688631264,-0.02449494949494946,-0.11474555683416454,-0.04520511072031014,-0.19544257213842803,0.4090909090909091,0.4090909090909091,271368458000.0,0.957190824427022,0.01638359159704217,-0.003686574780605356,0,0.5416168857029072,354,16.755725190839694,41.94656488549618,18.702290076335878,33.778625954198475,12.32824427480916,16.846970419847324,53.333333333333336,30.758269720101783,6.760439858990672,FADING
2026-10-07,HVN,20.1,20.35,20.0,20.2,375100,7534315000.0,Du lịch và Giải trí,HOSE,1752.43,-0.003780385201355152,-0.009154029695468635,-0.04087854109199163,-0.04151853593970478,-0.013076901416382736,0.002481389578163906,-0.009803921568627416,-0.000649891873158781,-0.10816777041942605,-0.06728922932743442,-0.20315581854043396,-0.16163728260072918,-0.11013215859030834,-0.0970552571739256,20.975,-0.03694874851013119,22.079,-0.08510349200597855,22.387000000000004,-0.09769062402287065,23.60375,-0.14420378117883814,-0.0285978927868471,-0.03707095817523631,-0.05625133575550323,-0.013745098903035324,False,756815.0,0.49562971135614386,15817578750.0,0.4763254300219621,7534315000.0,15817578750.0,-0.1090032680279307,0.015792857906130237,0.3500000000000014,0.55,0.02722772277227723,0.027564542483660106,0.9877806892103311,0.3,0.24416799349907176,36.5,0.5534246575342465,-0.23193916349809895,21.3,23.15,20.0,20.0,20.634942864793143,21.23336538658354,-0.5984225217903969,-0.592692380940689,-0.00573014084970791,False,False,False,False,0.8077747210702789,22.59054944214056,19.359450557859443,0.15404523882150736,0.09655851708745736,False,False,False,20.55,21.690718812700965,23.030286294023202,-0.053047888690886946,-0.19094488188976366,-0.9139451380913393,-0.8077247399243467,-0.10622039816699258,False,-0.0031055900621118626,0.0006747951392432894,0.5882028582135717,0.004705022958749295,1.0758922413413983,0.003979016103942551,-0.06258785658345928,-0.0008972248569715947,0.3,0.9181448461929549,0.25100268268276404,0.2733802664400231,0.026619733559976877,0.022292993630573354,-0.1304607640499994,-0.08677098150782359,-0.11638483703261038,0.3333333333333333,0.6666666666666666,152401825000.0,0.6145172281284372,0.06317153472256498,-0.045252445568118804,0,0.5534246575342465,354,25.72519083969466,26.83206106870229,27.900763358778626,34.12213740458016,25.87786259541985,22.47375954198473,47.22222222222222,30.736429177268874,3.68977119115776,FADING
2026-10-07,LPB,43.9,43.95,42.7,42.8,1312800,56440340000.0,Ngân hàng,HOSE,1752.43,-0.003780385201355152,-0.009154029695468635,-0.04087854109199163,-0.04151853593970478,-0.013076901416382736,-0.02505694760820054,-0.07758620689655171,-0.06843217720108308,-0.12295081967213117,-0.08207227858013955,-0.165692007797271,-0.12417347185756622,-0.04634581105169355,-0.03326890963531082,46.21,-0.07379355117939845,49.647,-0.13791367051382764,50.346000000000004,-0.1498828109482383,45.75769999999999,-0.06463830131322146,-0.03714121998228892,-0.031107901875451427,-0.05132516767622708,0.0033400825853355798,False,2194405.0,0.5982487280151112,101399845750.0,0.5566116948456995,56440340000.0,101399845750.0,-0.3531054832556443,0.034208406512325276,1.25,1.6224999999999994,0.03790887850467289,0.035029218712102836,1.0822073656919762,0.45,0.45370157286371476,56.0,0.7642857142857142,-0.21611721611721624,48.4,50.0,40.2,40.2,44.604522259492,46.52837852711345,-1.9238562676214528,-1.6288598476835106,-0.29499641993794223,False,False,False,False,2.5569101418869984,51.323820283774,41.096179716226004,0.2213295946234147,0.10382378655636808,False,False,False,40.2,47.36817624485027,47.30552707117397,-0.06340360327046557,-0.247191011235955,0.08992097535591626,1.4292988667202944,-1.3393778913643781,False,0.0,0.003780385201355152,0.36033156442224845,-0.023694755494477523,0.3212924141393719,-0.024909364582197675,-0.11925276960299802,0.07650414462582267,0.4,1.1193674343423017,0.29565274716069057,0.2641248423797544,0.1358751576202456,-0.044438812658645466,-0.07851200701348571,-0.06302488929607569,-0.10266711850119531,0.2727272727272727,0.36363636363636365,2727514341000.0,0.7429405211409372,-0.0035602715666538387,-0.02150635335637091,0,0.7642857142857142,354,22.06106870229008,36.221374045801525,27.32824427480916,28.320610687022903,37.70992366412214,35.258826335877856,38.05555555555556,29.853477523324848,-0.684499907230709,FADING
2026-10-07,HCM,23.7,23.7,22.5,23.0,1109000,25735100000.0,Dịch vụ tài chính,HOSE,1752.43,-0.003780385201355152,-0.009154029695468635,-0.04087854109199163,-0.04151853593970478,-0.013076901416382736,-0.021276595744680882,-0.08366533864541836,-0.07451130894994973,-0.11708253358925147,-0.07620399249725984,-0.04126719466444351,0.00025134127526127426,0.0492700729927007,0.06234697440908343,25.03,-0.08110267678785466,25.396,-0.09434556623090251,24.7547,-0.0708835089902119,22.61875,0.016855484940591303,-0.027961165048543624,-0.000606027216131344,0.014857617825944525,0.01519426513890143,False,3129945.0,0.35431932509996183,78881542500.0,0.3262499589178292,25735100000.0,78881542500.0,-0.3156635560627993,0.019620186125491594,1.1999999999999993,0.7625000000000004,0.033152173913043495,0.03200437964761841,1.0358636623506776,0.35,0.36514699140080736,26.5,0.8679245283018868,-0.13207547169811318,25.9,27.05,22.6,22.6,24.228878682391535,24.822612248248493,-0.593733565856958,-0.3309740022568885,-0.2627595636000695,False,False,False,False,1.11855169515636,27.26710339031272,22.792896609687283,0.1787537667049715,0.08536294671352737,False,False,False,23.5,25.02832594946854,23.95195295017343,-0.014310602438953879,-0.020425177157148755,0.7903005709243125,1.0439973605823532,-0.25369678965804066,False,-0.011235955056179803,-0.007455569854824651,0.8065665480333278,-0.01822746350258758,0.4889493196650749,-0.014582067694355624,0.14999714326722272,0.32983765066670134,0.36666666666666664,0.8478622165015127,0.2380612965414961,0.28077828202298644,0.0858883846436802,-0.1348314606741573,0.01774892708490583,-0.2109548529180431,0.1696876582535996,0.043478260869565216,0.043478260869565216,812161741000.0,0.5735041086847047,-0.09395291958216567,-0.16943631697833833,2,0.8679245283018868,354,41.45038167938932,14.694656488549619,38.396946564885496,17.175572519083975,56.83206106870229,73.81202290076335,16.38888888888889,29.13846480067854,-10.775814713210345,FADING
2026-10-07,NVL,10.35,10.5,10.2,10.15,26075000,269570575000.0,Bất động sản,HOSE,1752.43,-0.003780385201355152,-0.009154029695468635,-0.04087854109199163,-0.04151853593970478,-0.013076901416382736,-0.024038461538461564,-0.1680327868852458,-0.15887875718977718,-0.22813688212927752,-0.1872583410372859,-0.17813765182186225,-0.13661911588215747,-0.3085831062670299,-0.29550620485064716,12.007499999999999,-0.15469498230272738,12.728,-0.2025455688246386,13.036499999999998,-0.22141679131668768,13.0262,-0.2208011545961216,-0.05489964580873685,-0.014708159157764356,-0.01371561410306077,-0.06644753802526449,False,17283550.0,1.5086599685828432,200937273750.0,1.34156580294501,269570575000.0,200937273750.0,0.07475622963510165,0.03634978411306398,0.3000000000000007,0.5120000000000002,0.050443349753694605,0.04297895452703679,1.1736755886409984,0.35,0.4169664218288488,19.11,0.5311355311355311,-0.2697841726618705,13.2,13.4,9.91,9.91,11.296742260161885,11.967852112449098,-0.6711098522872128,-0.4368931834348588,-0.23421666885235398,False,False,False,False,1.0138871264904026,14.035274252980804,9.979725747019193,0.33775128094620954,0.1020519811917784,False,False,False,10.45,12.403823549436336,13.060465681253321,-0.060451795106292505,-0.15384615384615385,-0.46768050044947707,-0.24611339035351903,-0.22156711009595803,False,-0.007601621338243381,-0.0038212361368882286,0.6733460703505922,-0.02149295401871754,1.0971325841151809,-0.017300551341339045,0.06130652107933915,0.19984638970993257,0.38333333333333336,0.9552952181808759,0.3316371471432976,0.3471567122201436,0.036176621113189755,-0.09853254079264318,-0.12960434133663434,-0.17522954019664538,-0.0029081116252168693,0.038461538461538464,0.07692307692307693,1794718569000.0,0.6301366595471117,-0.05765399970065155,-0.1337110042569406,0,0.5311355311355311,354,11.755725190839692,69.92366412213741,13.396946564885496,30.1145038167939,21.335877862595417,41.28548425572519,22.22222222222222,28.719253604749788,-6.836084936916876,FADING
2026-10-07,SHB,10.9,10.9,10.7,10.65,20655800,222604050000.0,Ngân hàng,HOSE,1752.43,-0.003780385201355152,-0.009154029695468635,-0.04087854109199163,-0.04151853593970478,-0.013076901416382736,-0.02739726027397249,-0.0818965517241379,-0.07274252202866927,-0.10878661087866104,-0.06790806978666941,-0.2022471910112359,-0.1607286550715311,-0.303921568627451,-0.2908446672110683,11.52,-0.07552083333333326,11.676000000000002,-0.08787255909558078,12.624500000000001,-0.15640223375183182,14.008600000000001,-0.23975272332709907,-0.021240441801189447,-0.024968684759916315,-0.05541622846048033,-0.04968196017915616,False,40971150.0,0.5041547527955647,471839316250.0,0.4717793586366914,222604050000.0,471839316250.0,-0.18340819589671176,0.012093376347599797,0.25,0.24250000000000008,0.0227699530516432,0.021922581728616206,1.0386528983454943,0.3,0.3135934675985419,17.95,0.5933147632311978,-0.2052238805970149,11.8,12.15,10.65,10.65,11.276598840166438,11.520807418924345,-0.2442085787579078,-0.1605234939758479,-0.08368508478205991,False,False,False,False,0.3458018903486312,12.211603780697262,10.828396219302737,0.1200701008154969,0.053884199530099215,False,False,False,11.15,11.864174731834595,12.99520574493591,-0.03769242231170855,-0.15209125475285168,-0.8293480478682103,-0.7956932253922728,-0.03365482247593743,False,0.0,0.003780385201355152,0.7033776402431333,-0.02473822185183324,0.8272204965348507,-0.027865433975191253,-0.13913058234812148,-0.23440864047782423,0.2833333333333333,0.8065250036340356,0.22256953944831015,0.2759611152108833,0.007372218122450036,-0.044438812658645466,-0.06434779822001557,-0.06302488929607569,-0.1392223017151602,0.2727272727272727,0.36363636363636365,2727514341000.0,0.7429405211409372,-0.0035602715666538387,-0.02150635335637091,0,0.5933147632311978,354,22.328244274809162,27.48091603053435,28.625954198473288,24.312977099236644,22.36641221374046,15.179508587786255,38.05555555555556,28.021416454622564,-12.503865663432993,FADING
2026-10-07,HDG,14.65,14.8,14.55,14.65,522300,7671860000.0,"Điện, nước & xăng dầu khí đốt",HOSE,1752.43,-0.003780385201355152,-0.009154029695468635,-0.04087854109199163,-0.04151853593970478,-0.013076901416382736,0.0,-0.08722741433021808,-0.07807338463474944,-0.12275449101796398,-0.08187594992597236,-0.2123655913978495,-0.17084705545814471,-0.4397705544933078,-0.4266936530769251,15.882500000000002,-0.07760113332283969,16.187,-0.09495273985296848,18.4405,-0.2055529947669532,21.612550000000002,-0.32215310086037974,-0.02680759803921562,-0.03660278538269246,-0.0826296401246811,-0.08541514777286774,False,1002445.0,0.5210260912069989,16250923750.0,0.4720876251726921,7671860000.0,16250923750.0,-0.06985543785189574,0.020673027231496617,0.25,0.4524999999999997,0.030887372013651854,0.02853302611367126,1.0825130110841112,0.3,0.34944560549456577,31.88,0.4595357590966123,-0.23498694516971275,16.5,17.7,14.3,14.3,15.377082820918588,15.854492353242886,-0.47740953232429817,-0.3461712733185989,-0.13123825900569924,False,False,False,False,0.7482039899155882,17.37890797983118,14.386092020168826,0.18843481565637354,0.08456863273078227,False,False,False,15.05,16.560361387193055,19.34895059227236,-0.059244321462841754,-0.2037037037037036,-2.0331041192928367,-1.9994704459835102,-0.03363367330932654,False,-0.0033112582781456568,0.00046912692320949523,0.6638850068497617,0.0025097410552964027,0.8056998265739549,0.0021317655746253394,-0.15581831204564764,-0.3883688637596253,0.35,0.9200050795961839,0.24171763567837212,0.262735109880555,0.087264890119445,-0.023953464742938357,-0.09880102627502563,-0.026214526214526246,-0.18615106518332325,0.25,0.25,152721795000.0,0.7612487925825501,0.01692507634905327,0.015304009725178536,0,0.4595357590966123,354,17.404580152671755,31.870229007633586,19.541984732824424,21.374045801526723,14.885496183206108,13.140505725190836,48.05555555555556,27.57866836301951,-13.999348130036047,FADING
2026-10-07,NLG,21.6,22.05,21.5,21.6,969100,21046200000.0,Bất động sản,HOSE,1752.43,-0.003780385201355152,-0.009154029695468635,-0.04087854109199163,-0.04151853593970478,-0.013076901416382736,0.006993006993007089,-0.05263157894736836,-0.04347754925189973,-0.12195121951219512,-0.08107267842020349,-0.15127701375245572,-0.10975847781275094,-0.25,-0.23692309858361726,23.625,-0.08571428571428563,23.067000000000004,-0.06359734685914953,24.4412,-0.11624633815033625,26.4648,-0.18382152897433568,-0.027377521613832778,-0.020592730978260865,-0.03201846412085585,-0.03099936169622297,False,1893905.0,0.5116940923647173,45057598000.0,0.46709547188911404,21046200000.0,45057598000.0,-0.07612258179661369,0.01910483478714749,0.6000000000000014,0.6799999999999999,0.03148148148148148,0.030736578461776257,1.0242350663926882,0.35,0.3150554014060895,39.15,0.5517241379310346,-0.16279069767441856,24.5,25.95,21.3,21.3,22.592795334780323,23.182975432240152,-0.5901800974598288,-0.2752161633735599,-0.3149639340862689,False,True,False,False,1.3569024322056886,26.338804864411376,20.911195135588624,0.22974009434170378,0.10067522264244574,False,True,False,21.9,23.644302514169926,25.44914417507959,-0.025938291659721613,-0.12400000000000011,-1.2755203996727396,-1.360815348654721,0.08529494898198142,False,-0.007601621338243381,-0.0038212361368882286,0.5278498742652217,0.00898848284621651,1.2783169229412659,0.013873233666555441,0.10093610309350179,0.2259760320061957,0.45,0.9829355110162643,0.2375582966008769,0.24168248469857764,0.20831751530142237,-0.09853254079264318,-0.023418678719551944,-0.17522954019664538,0.02395252644418966,0.038461538461538464,0.07692307692307693,1794718569000.0,0.6301366595471117,-0.05765399970065155,-0.1337110042569406,0,0.5517241379310346,354,28.931297709923662,29.923664122137403,25.992366412213737,26.641221374045802,30.19083969465649,61.105379293893115,22.22222222222222,27.249787955894824,-2.0770349607718437,FADING
2026-10-07,FPT,60.4,61.3,59.9,59.8,4877100,293760310000.0,Công nghệ Thông tin,HOSE,1752.43,-0.003780385201355152,-0.009154029695468635,-0.04087854109199163,-0.04151853593970478,-0.013076901416382736,-0.009933774834437137,-0.08422664624808573,-0.0750726165526171,-0.17174515235457066,-0.13086661126257904,-0.1808219178082192,-0.13930338186851443,-0.23362809175957966,-0.22055119034319692,68.66,-0.12904165452956595,68.834,-0.13124328093674642,70.4873,-0.1516202209476034,78.43695,-0.23760421587019898,-0.0378363228699552,-0.015644663082027166,-0.011261455370737306,-0.014031254546064797,False,5913045.0,0.8248034642049908,412057171500.0,0.7129115334423927,293760310000.0,412057171500.0,0.04619995066734495,0.022305882080830685,1.3999999999999986,1.7849999999999995,0.02984949832775919,0.025774381673681332,1.158107251831342,0.35,0.35872972385632107,104.66,0.5713739728645136,-0.19731543624161074,74.8,74.8,60.0,60.0,64.73249237969664,67.4236172024505,-2.6911248227538636,-1.438364297557572,-1.2527605251962917,False,False,False,False,5.150513515532365,78.96102703106473,58.35897296893526,0.3000590454723197,0.08285856288909252,False,True,False,62.1,68.77431540542806,73.74428967089878,-0.03091943899213967,-0.1203966005665722,-3.463294525660288,-3.688436391192879,0.22514186553259075,False,-0.009933774834437137,-0.006153389633081985,0.7457142998125001,-0.007114687530987042,0.7677605415117522,-0.002390357774159215,0.014360429485419952,-0.01073728185398998,0.4166666666666667,0.89572109571013,0.2670696358458782,0.29816160088776816,0.11850506577889852,-0.15999999999999992,-0.011745152354570743,-0.2407407407407407,0.05991882293252149,0.0,0.0,299074425000.0,0.7121855572707629,-0.1191214589080083,-0.19922220480103592,0,0.5713739728645136,354,20.15267175572519,52.93893129770993,19.923664122137403,27.25190839694657,25.72519083969466,41.97489265267174,12.222222222222223,26.717345207803227,-4.084521111641216,FADING
2026-10-07,TCX,28.7,28.7,27.9,27.9,1916400,53767075000.0,Dịch vụ tài chính,HOSE,1752.43,-0.003780385201355152,-0.009154029695468635,-0.04087854109199163,-0.04151853593970478,-0.013076901416382736,-0.02447552447552459,-0.07000000000000006,-0.06084597030453143,-0.1504263093788064,-0.10954776828681478,-0.23055708769994487,-0.1890385517602401,-0.21695200673589676,-0.20387510531951403,31.0315,-0.10091358780593918,32.437400000000004,-0.13988174144660193,33.8699,-0.1762597468548771,34.91045,-0.20081236420613313,-0.04397855756492808,-0.037660056724459046,-0.06267626797355397,-0.025514505116999042,False,2293505.0,0.8355769880597601,70837022900.0,0.7590250521383783,53767075000.0,70837022900.0,0.12257053943433438,0.018929941237732843,0.8000000000000007,0.8334999999999999,0.029874551971326165,0.029774137153169396,1.003372551743152,0.25,0.2516214265937942,43.66,0.6390288593678425,-0.25201072386058976,32.9,33.84,27.0,27.0,29.589677885995105,30.97581291993798,-1.3861350339428746,-1.0453969441925788,-0.34073808975029585,False,False,False,False,1.964608639211116,34.96071727842223,27.10228272157777,0.2532405638414018,0.07396092071466716,False,False,False,27.9,31.79706470223359,33.50402336525746,-0.06654111332856627,-0.2069357589539511,-1.2207644842828387,-0.5822081708224506,-0.6385563134603881,False,-0.011235955056179803,-0.007455569854824651,0.9708304461861155,-0.02080541142373758,0.7377632032393757,-0.015304966325667219,-0.052298135307324405,-0.07214319775561198,0.35,1.006859098156434,0.2281226034084154,0.22656854750193892,0.12343145249806106,-0.1348314606741573,-0.015594848704649111,-0.2109548529180431,-0.01960223478190176,0.043478260869565216,0.043478260869565216,812161741000.0,0.5735041086847047,-0.09395291958216567,-0.16943631697833833,0,0.6390288593678425,235,19.84732824427481,51.98473282442749,16.030534351145043,28.282442748091608,19.045801526717558,31.06482585877862,16.38888888888889,26.426632739609843,-1.710303024279046,FADING
2026-10-07,VPX,23.5,23.5,23.1,23.25,232300,5414180000.0,Dịch vụ tài chính,HOSE,1752.43,-0.003780385201355152,-0.009154029695468635,-0.04087854109199163,-0.04151853593970478,-0.013076901416382736,-0.010638297872340385,-0.07738095238095233,-0.06822692268548369,-0.10058027079303677,-0.05970172970104515,-0.1696428571428571,-0.1281243212031523,-0.20240137221269294,-0.1893244707963102,24.28,-0.042421746293245466,24.989,-0.06959061987274406,26.192999999999998,-0.11235826365822921,,,-0.01760064738013345,-0.024057801210701113,-0.052980634403304805,-0.028107085211777183,False,829905.0,0.27991155614196805,20130494500.0,0.2689541481457398,5414180000.0,20130494500.0,-0.16158134826298276,0.020499716199675642,0.3999999999999986,0.6974999999999992,0.029999999999999968,0.0274141299876594,1.0943261746225252,0.3,0.2691332140425711,33.0,0.7045454545454546,-0.18563922942206657,25.8,26.0,22.8,22.8,24.151112152785053,24.512974901172655,-0.36186274838760113,-0.3106771257648869,-0.051185622622714255,False,False,False,False,0.7424000907441627,25.764800181488326,22.795199818511676,0.12230643999080104,0.07687608355481729,False,False,False,24.2,25.103777745991906,26.586445860200485,-0.03486957925828149,-0.1135531135531136,-1.0623095128403612,-0.9604225041260352,-0.10188700871432599,False,-0.011235955056179803,-0.007455569854824651,0.8297920807920617,-0.007501364169912377,0.680394004391399,-0.0024286391413684315,0.01934022721113607,,0.35,0.997964886677219,0.23324338119596022,0.2337190258993554,0.11628097410064459,-0.1348314606741573,0.034251189881120525,-0.2109548529180431,0.04131199577518602,0.043478260869565216,0.043478260869565216,812161741000.0,0.5735041086847047,-0.09395291958216567,-0.16943631697833833,0,0.7045454545454546,198,35.534351145038165,12.061068702290076,35.87786259541985,19.312977099236644,30.38167938931298,,16.38888888888889,25.905640373197627,-25.86801414069126,FADING
2026-10-07,TPB,11.8,11.85,11.65,12.05,5521700,64908080000.0,Ngân hàng,HOSE,1752.43,-0.003780385201355152,-0.009154029695468635,-0.04087854109199163,-0.04151853593970478,-0.013076901416382736,0.021186440677966045,-0.18027210884353728,-0.17111807914806865,-0.16896551724137931,-0.1280869761493877,-0.25617283950617276,-0.21465430356646797,-0.26969696969696966,-0.2566200682805869,13.842499999999998,-0.12949250496658815,14.200999999999999,-0.15146820646433334,15.064,-0.20007966011683476,15.91125,-0.242674208500275,-0.037378303198887464,-0.030449921485628417,-0.05647465284698694,-0.03091125478465062,False,8978460.0,0.6149941081209918,125503503250.0,0.5171814197943514,64908080000.0,125503503250.0,0.21651823139286797,0.041308700248022905,0.1999999999999993,0.4025,0.033402489626556016,0.020232635283258325,1.650921353492454,0.35,0.4733022144109346,19.06,0.6322140608604407,-0.26073619631901834,14.85,14.85,11.6,11.6,13.172842377419125,13.755780671741016,-0.5829382943218917,-0.32005851129776386,-0.26287978302412784,False,False,False,False,1.0194522523086063,15.88140450461721,11.803595495382785,0.29458616646085795,0.052840413769191165,False,False,False,11.9,14.160040546941095,15.152242651983029,-0.050700294682377356,-0.25391849529780564,-0.7173860032864532,-0.5319626175670267,-0.18542338571942651,False,0.0,0.003780385201355152,0.7081435743964426,0.023863496167049098,0.9213078854902444,0.02038059747084997,-0.17996612882534888,-0.15311790491464225,0.38333333333333336,0.838472330721271,0.30746819326159613,0.3667004646379991,0.016632868695334257,-0.044438812658645466,-0.12452670458273385,-0.06302488929607569,-0.19314795021009706,0.2727272727272727,0.36363636363636365,2727514341000.0,0.7429405211409372,-0.0035602715666538387,-0.02150635335637091,0,0.6322140608604407,354,7.671755725190839,48.396946564885496,16.870229007633586,18.58778625954199,18.053435114503817,13.74791269083969,38.05555555555556,25.769508057675996,-36.455969372879565,FADING
2026-10-07,DIG,9.33,9.45,9.19,9.27,2179000,20244757000.0,Bất động sản,HOSE,1752.43,-0.003780385201355152,-0.009154029695468635,-0.04087854109199163,-0.04151853593970478,-0.013076901416382736,-0.003225806451613078,-0.056968463886063136,-0.0478144341905945,-0.12464589235127477,-0.08376735125928314,-0.17232142857142851,-0.13080289263172373,-0.31838235294117645,-0.3053054515247937,9.918000000000001,-0.06533575317604368,10.035,-0.07623318385650235,11.131099999999998,-0.16719821041945526,12.82525,-0.27720707198690087,-0.03530784943098897,-0.0346134605764421,-0.061605790270998106,-0.06206762894242368,False,3633545.0,0.5996898345830312,36093633300.0,0.5608955139464998,20244757000.0,36093633300.0,-0.5008944636221587,0.014808646496018816,0.2599999999999998,0.2785,0.03004314994606257,0.03292308176364474,0.9125254483083559,0.15,0.1938533856055175,23.16,0.40025906735751293,-0.22166246851385396,10.3,10.73,8.71,8.71,9.619272991271274,9.90306337588845,-0.283790384617177,-0.19460840706977592,-0.08918197754740106,False,False,False,True,0.41740552035329415,10.75281104070659,9.083188959293413,0.1683426176056843,0.09219420371345033,False,False,False,9.25,10.187197245834575,11.737883574627961,-0.0490838151518973,-0.20120898100172713,-1.1117074241792615,-1.1569972866660092,0.04528986248674771,False,-0.007601621338243381,-0.0038212361368882286,0.6448395747126191,-0.0007880644661213427,1.6507145668735053,0.005519705688503496,0.13366501598941274,0.2624532536793728,0.3333333333333333,1.0785759115027007,0.2961584431530493,0.2745828457641275,0.05875048756920581,-0.09853254079264318,-0.026113351558631592,-0.17522954019664538,0.0029081116252168693,0.038461538461538464,0.07692307692307693,1794718569000.0,0.6301366595471117,-0.05765399970065155,-0.1337110042569406,0,0.40025906735751293,354,24.61832061068702,25.038167938931295,20.0381679389313,24.465648854961838,17.251908396946565,49.706583969465626,22.22222222222222,23.328032230703982,1.3469124390373146,FADING
2026-10-07,VCI,19.45,19.45,19.15,19.25,3807500,73359400000.0,Dịch vụ tài chính,HOSE,1752.43,-0.003780385201355152,-0.009154029695468635,-0.04087854109199163,-0.04151853593970478,-0.013076901416382736,-0.0077319587628865705,-0.04228855721393043,-0.0331345275184618,-0.1348314606741573,-0.09395291958216567,-0.212678936605317,-0.17116040066561222,-0.3362068965517241,-0.32312999513534135,20.19,-0.04655770183259045,20.905,-0.0791676632384597,22.631,-0.1493968450355707,24.497049999999998,-0.21419109647896373,-0.040855106888361026,-0.03289230199851956,-0.06561480355785987,-0.055861493533583606,False,9180425.0,0.4147411476048222,184754678500.0,0.3970638286163887,73359400000.0,184754678500.0,-0.10988207848969234,0.02645906842704633,0.3000000000000007,0.7525000000000004,0.039090909090909114,0.03087168595156191,1.2662382337084952,0.35,0.36120114264862463,32.27,0.596529284164859,-0.2421259842519684,20.95,22.85,18.15,18.15,19.670282644532712,20.31860266396715,-0.6483200194344398,-0.566548370177897,-0.08177164925654279,False,False,False,False,1.0222009278228603,22.23440185564572,18.14559814435428,0.20251628089605944,0.09148320786238034,False,False,False,18.65,20.986550109471146,23.146535201587973,-0.06843994567894762,-0.23721881390593047,-1.5452156001695982,-1.31583756645633,-0.22937803371326826,False,-0.011235955056179803,-0.007455569854824651,1.1050484187206924,-0.0035544500739739535,1.0706892230268137,0.004428148221110386,0.09557447434890351,0.027301650804700595,0.4,1.2980092961772685,0.32107432135129366,0.2473590307071612,0.15264096929283882,-0.1348314606741573,0.0,-0.2109548529180431,-0.0017240836872738918,0.043478260869565216,0.043478260869565216,812161741000.0,0.5735041086847047,-0.09395291958216567,-0.16943631697833833,0,0.596529284164859,354,26.48854961832061,22.595419847328245,25.038167938931295,21.37404580152672,20.687022900763356,49.07084923664121,16.38888888888889,23.20525869380831,-7.605505195080578,FADING
2026-10-07,HDC,10.1,10.2,9.98,9.95,1043400,10512053000.0,Bất động sản,HOSE,1752.43,-0.003780385201355152,-0.009154029695468635,-0.04087854109199163,-0.04151853593970478,-0.013076901416382736,-0.014851485148514865,-0.13478260869565228,-0.12562857900018365,-0.16386554621848748,-0.12298700512649585,-0.3231292517006803,-0.2816107157609755,-0.39476885644768867,-0.38169195503130593,11.1975,-0.11140879660638536,11.583000000000002,-0.1409824743158079,13.418500000000002,-0.2584864180049933,15.59355,-0.36191566384819374,-0.042334830019242986,-0.05205008593174543,-0.10341357690223685,-0.07120410875463745,False,1047180.0,0.9963903053916232,11525214950.0,0.912091708970686,10512053000.0,11525214950.0,-0.06759887646344298,0.02097564047387864,0.21999999999999886,0.38099999999999995,0.03829145728643216,0.031495992768280176,1.215756479503505,0.2,0.1950142286903875,32.61,0.3051211284881938,-0.33221476510067116,12.0,12.05,9.6,9.6,10.780664317701456,11.248693762332447,-0.46802944463099116,-0.3273093902186381,-0.14072005441235308,False,False,False,False,0.6124744892649421,12.422448978529884,9.972551021470116,0.2187897260156078,0.088476552990433,False,False,False,10.35,11.773013179707476,14.159884384982208,-0.06731701925059119,-0.2935153583617748,-1.7021623053103223,-1.712211219331576,0.01004891402125363,False,-0.007601621338243381,-0.0038212361368882286,0.6789256151631556,-0.012284884800131127,1.6211536640248132,-0.006090073835710753,-0.07533201746725547,0.127132582978335,0.2833333333333333,1.0552748375875596,0.30571081009611745,0.2896978106622879,-0.006364477328954565,-0.09853254079264318,-0.0653330054258443,-0.17522954019664538,-0.14789971150403491,0.038461538461538464,0.07692307692307693,1794718569000.0,0.6301366595471117,-0.05765399970065155,-0.1337110042569406,0,0.3051211284881938,354,9.618320610687022,52.977099236641216,7.938931297709924,26.90839694656489,4.770992366412213,22.695610687022896,22.22222222222222,22.64291772688719,-5.490545814779477,FADING
2026-10-07,CII,12.45,12.45,12.05,12.0,3969100,48392365000.0,Xây dựng và Vật liệu,HOSE,1752.43,-0.003780385201355152,-0.009154029695468635,-0.04087854109199163,-0.04151853593970478,-0.013076901416382736,-0.028340080971659853,-0.0513833992094862,-0.04222936951401757,-0.17525773195876293,-0.1343791908667713,-0.2749244712990937,-0.23340593535938892,-0.36170212765957455,-0.3486252262431918,13.025,-0.0786948176583494,13.636000000000001,-0.11997653270753894,15.456999999999999,-0.22365271398072062,17.22825,-0.30346959209437985,-0.047880116959064134,-0.05002090009753368,-0.0955160520031838,-0.07201392849638277,False,7410200.0,0.5356265687835686,96868767250.0,0.49956623144700957,48392365000.0,96868767250.0,-0.27873033113925305,0.023061672032062778,0.3999999999999986,0.465,0.03875,0.0417554893523116,0.9280216948973389,0.25,0.25546139105557203,30.35,0.39538714991762763,-0.28783382789317513,13.3,14.9,11.35,11.35,12.508246181709065,13.101568764004497,-0.593322582295432,-0.5191918643397132,-0.0741307179557188,False,False,False,False,0.8584717142750181,14.741943428550037,11.308056571449963,0.26363814641843175,0.10969267784134971,False,False,False,11.75,13.563762444986654,15.681750979499837,-0.08679992987643448,-0.27244582043343646,-1.5362035429234275,-1.351622384293793,-0.18458115862963442,False,-0.003732642515912543,4.7742685442608845e-05,0.7895103498486085,-0.025355427728775446,1.3878118133953055,-0.025421685591635913,-0.1492739387261718,-0.020845840138094145,0.38333333333333336,1.2754797682907388,0.31742951818472054,0.24887068072440344,0.13446265260892992,-0.02449494949494946,-0.15076278246381347,-0.04520511072031014,-0.22971936057878356,0.4090909090909091,0.4090909090909091,271368458000.0,0.957190824427022,0.01638359159704217,-0.003686574780605356,0,0.39538714991762763,354,9.007633587786259,26.030534351145036,10.49618320610687,20.000000000000004,7.32824427480916,20.17831583969465,53.333333333333336,22.42620865139949,4.399081915288381,FADING
2026-10-07,BVS,26.3,26.5,25.7,25.7,213300,5558250000.0,Dịch vụ tài chính,HNX,1752.43,-0.003780385201355152,-0.009154029695468635,-0.04087854109199163,-0.04151853593970478,-0.013076901416382736,-0.01532567049808442,-0.08214285714285718,-0.07298882744738855,-0.1317567567567568,-0.09087821566476517,-0.20923076923076922,-0.16771223329106444,-0.09507042253521125,-0.08199352111882852,27.595,-0.06867186084435584,27.146,-0.053267516392838776,27.561999999999998,-0.06755678107539365,28.1525,-0.08711482106384871,-0.01762192951228181,-0.04683988764044944,-0.04697373964330831,0.007935637228012382,False,721255.0,0.2957345183048991,20089431500.0,0.27667532553123764,5558250000.0,20089431500.0,-0.0833359284923385,0.02442058256182932,0.8000000000000007,1.0750000000000002,0.04182879377431908,0.03736042012161414,1.1196018042131128,0.35,0.35591434374805025,37.59,0.6836924714019685,-0.2861111111111111,29.6,30.7,25.1,25.1,26.867377189575638,27.295685870551324,-0.428308680975686,-0.1253982933232649,-0.30291038765242106,False,True,False,True,1.1085671168816353,29.81213423376327,25.377865766236727,0.16069101168786168,0.09104316931302457,False,False,False,25.5,27.603984266726503,28.11625014326716,-0.015956795365397847,-0.2896935933147632,-0.32561521886670164,-0.3039202495805096,-0.021694969286192023,False,-0.011235955056179803,-0.007455569854824651,1.0386901238005182,-0.011399021725275191,1.3729630517615692,-0.0011627997847735785,0.19319143617037465,0.41866220331043513,0.38333333333333336,1.5844544564460614,0.4212261798605458,0.26584934527266757,0.11748398806066579,-0.1348314606741573,0.003074703917400501,-0.2109548529180431,0.0017240836872738918,0.043478260869565216,0.043478260869565216,812161741000.0,0.5735041086847047,-0.09395291958216567,-0.16943631697833833,0,0.6836924714019685,354,25.267175572519083,16.48854961832061,30.76335877862595,16.793893129770996,30.916030534351144,61.006381202290065,16.38888888888889,22.3960983884648,-30.529899875424086,FADING
2026-10-07,MBS,15.4,15.5,15.1,15.1,1765600,26911250000.0,Dịch vụ tài chính,HNX,1752.43,-0.003780385201355152,-0.009154029695468635,-0.04087854109199163,-0.04151853593970478,-0.013076901416382736,-0.019480519480519543,-0.07926829268292679,-0.07011426298745815,-0.14689265536723162,-0.10601411427523999,-0.2323335027961363,-0.1908149668564315,-0.25395256916996045,-0.24087566775357772,16.46,-0.08262454434993927,17.069599999999998,-0.11538641795941318,18.0591,-0.16385644910322228,18.84125,-0.19856697405957668,-0.03601756954612001,-0.04266870064608774,-0.06641872675563354,-0.026269390660131786,False,2649480.0,0.6663949152286487,43523407000.0,0.6183167140384943,26911250000.0,43523407000.0,-0.4231686351785622,0.017125085706137032,0.40000000000000036,0.524999999999999,0.034768211920529736,0.036073147468190514,0.9638252927939965,0.2,0.25617668372661806,27.07,0.5578130772072405,-0.28402086296823137,17.2,18.0,14.6,14.6,15.931746534464365,16.50546547827196,-0.5737189438075969,-0.4324876616607344,-0.14123128214686254,False,False,False,False,0.7604707683224914,17.980941536644984,14.939058463355018,0.18480456095321787,0.08000532324737894,False,False,False,15.3,17.027062104838148,18.24900878543723,-0.05721671974185649,-0.2580019398642095,-0.862913045921708,-0.6668252252075471,-0.19608782071416098,False,-0.011235955056179803,-0.007455569854824651,0.9519758740939088,-0.015881683974047794,1.3181827211954804,-0.006053880614752044,0.14256927814457154,0.23356784613516834,0.3,1.0898221286647216,0.3269252607908061,0.2999803841305401,1.961586945986582e-05,-0.1348314606741573,-0.012061194693074317,-0.2109548529180431,-0.02137864987809318,0.043478260869565216,0.043478260869565216,812161741000.0,0.5735041086847047,-0.09395291958216567,-0.16943631697833833,0,0.5578130772072405,354,18.96946564885496,32.93893129770992,16.412213740458014,23.778625954198482,15.305343511450381,46.413406488549604,16.38888888888889,21.4342663273961,-6.706575686492791,FADING
2026-10-07,VND,13.9,13.9,13.55,13.65,4945300,67729800000.0,Dịch vụ tài chính,HOSE,1752.43,-0.003780385201355152,-0.009154029695468635,-0.04087854109199163,-0.04151853593970478,-0.013076901416382736,-0.014440433212996373,-0.05862068965517242,-0.049466659959703785,-0.16768292682926822,-0.1268043857372766,-0.25,-0.20848146406029522,-0.1811637672465507,-0.16808686583016796,14.785000000000002,-0.07676699357456895,15.868,-0.1397781699016889,16.634,-0.17939160755079953,16.9766,-0.19595207520940594,-0.050112431737873386,-0.044671884406983664,-0.0718839562496345,-0.014754399369783955,False,9937190.0,0.4976557759286076,146208132000.0,0.46324235918697054,67729800000.0,146208132000.0,-0.11343968137484595,0.023798483337582835,0.34999999999999964,0.495,0.03626373626373626,0.034133341651589814,1.0624138894425303,0.35,0.3802971463763901,23.18,0.588869715271786,-0.272,15.3,16.6,13.05,13.05,14.212078565457322,14.92016567898839,-0.708087113531068,-0.6160699754193247,-0.09201713811174328,False,False,False,False,0.9153802776068568,16.615760555213715,12.954239444786289,0.2476510727377359,0.09203672084229969,False,False,False,13.3,15.452868440611697,16.494661071658683,-0.0790161875274551,-0.26111111111111107,-0.7246874329213515,-0.4070419713527449,-0.3176454615686066,False,-0.011235955056179803,-0.007455569854824651,1.0704588325723041,-0.010393686483680123,1.2126034826774472,-0.0013530365123747626,0.08249214119405898,0.2877444873300523,0.3333333333333333,1.1739206077483653,0.3070575833043079,0.2615658855271812,0.07176744780615213,-0.1348314606741573,-0.03285146615511092,-0.2109548529180431,-0.03904514708195689,0.043478260869565216,0.043478260869565216,812161741000.0,0.5735041086847047,-0.09395291958216567,-0.16943631697833833,0,0.588869715271786,354,15.610687022900763,30.19083969465649,16.48854961832061,19.73282442748092,19.732824427480917,45.287154103053425,16.38888888888889,19.58693808312129,-5.0382789307676,FADING
2026-10-07,DXG,9.91,9.95,9.75,9.77,4392600,43158014000.0,Bất động sản,HOSE,1752.43,-0.003780385201355152,-0.009154029695468635,-0.04087854109199163,-0.04151853593970478,-0.013076901416382736,-0.014127144298688221,-0.03743842364532024,-0.028284393949851605,-0.17203389830508486,-0.13115535721309324,-0.1789915966386555,-0.1374730606989507,-0.2513409961685824,-0.23826409475219967,10.665000000000001,-0.08391936240037523,10.896400000000002,-0.1033735912778534,11.8751,-0.17727008614664297,12.7094,-0.2312776370245646,-0.044782803403493054,-0.032067795405688604,-0.0540826779172523,-0.04327194212146124,False,10099385.0,0.4349373748995607,108685864600.0,0.39708948499269703,43158014000.0,108685864600.0,-0.057257348420357235,0.01625703866669927,0.1999999999999993,0.39249999999999996,0.04017400204708291,0.03541447084949124,1.1343950956607345,0.15,0.12068556649736593,19.99,0.48874437218609307,-0.20569105691056921,11.2,11.95,9.3,9.3,10.281326973594892,10.658703562433358,-0.3773765888384659,-0.2856375169922552,-0.09173907184621072,False,False,False,False,0.5751201247516797,11.815240249503361,9.51475975049664,0.21570375049289456,0.11988857210702224,False,False,False,9.99,10.932329723538796,12.095913791815828,-0.06602359245177924,-0.1709543568464731,-0.8270076127326149,-0.7594306185563889,-0.06757699417622598,False,-0.007601621338243381,-0.0038212361368882286,0.4466428717761075,-0.012438662195935058,1.7181449845917705,-0.005873224492399715,0.14494440026908118,0.3682156391698741,0.35,1.0412586297740782,0.29704370208315845,0.2852737001061955,0.06472629989380446,-0.09853254079264318,-0.07350135751244169,-0.17522954019664538,-0.003762056442010109,0.038461538461538464,0.07692307692307693,1794718569000.0,0.6301366595471117,-0.05765399970065155,-0.1337110042569406,0,0.48874437218609307,354,19.80916030534351,19.045801526717558,14.351145038167939,16.297709923664126,18.85496183206107,50.31130725190839,22.22222222222222,19.00932994062765,-4.671008601039016,FADING
2026-10-07,CEO,10.6,10.6,10.2,10.1,3580900,37098820000.0,Bất động sản,HNX,1752.43,-0.003780385201355152,-0.009154029695468635,-0.04087854109199163,-0.04151853593970478,-0.013076901416382736,-0.03809523809523818,-0.12173913043478268,-0.11258510073931405,-0.21705426356589153,-0.1761757224738999,-0.27338129496402885,-0.23186275902432407,-0.39520958083832336,-0.3821326794219406,11.64,-0.13230240549828187,11.915999999999999,-0.15240013427324595,13.505799999999999,-0.25217314042855654,15.5669,-0.35118745543428687,-0.05672609400324147,-0.04381319210399626,-0.07913446676970637,-0.06669891507152237,False,4882250.0,0.7334528137641456,56534026500.0,0.6562210812987113,37098820000.0,56534026500.0,-0.3185984936916484,0.02460452577931831,0.40000000000000036,0.5199999999999998,0.05148514851485147,0.046505902677800165,1.1070669646291624,0.3,0.34676839571918683,30.44,0.33180026281208935,-0.303448275862069,12.1,13.2,9.8,9.8,11.019241052983089,11.577106280273771,-0.5578652272906819,-0.39261724962399847,-0.16524797766668342,False,False,False,False,0.8846051750865886,13.409210350173177,9.870789649826824,0.30398803267580354,0.09729442623559813,False,False,False,10.5,12.044172281411925,14.101323809634273,-0.07574151333479573,-0.25,-1.4818142014370128,-1.4549672540541276,-0.026846947382885178,False,-0.007601621338243381,-0.0038212361368882286,1.1067425591028972,-0.03391132490309566,1.871583257009695,-0.026759563328215243,0.0773918126746176,0.35633450938692807,0.3333333333333333,1.3582770793991352,0.3632005880011647,0.2673980099567275,0.06593532337660579,-0.09853254079264318,-0.11852172277324835,-0.17522954019664538,-0.09815175476738347,0.038461538461538464,0.07692307692307693,1794718569000.0,0.6301366595471117,-0.05765399970065155,-0.1337110042569406,0,0.33180026281208935,354,6.48854961832061,41.03053435114504,7.442748091603054,21.33587786259542,7.67175572519084,40.916626908396935,22.22222222222222,18.46162001696353,1.9648752252968613,FADING
2026-10-07,PDR,11.05,11.15,11.0,10.9,1139000,12573410000.0,Bất động sản,HOSE,1752.43,-0.003780385201355152,-0.009154029695468635,-0.04087854109199163,-0.04151853593970478,-0.013076901416382736,-0.022421524663677084,-0.05217391304347818,-0.04301988334800955,-0.11020408163265305,-0.06932554054066142,-0.23776223776223782,-0.19624370182253303,-0.34337349397590367,-0.33029659255952093,11.5925,-0.059736898857019494,11.866,-0.08140906792516422,13.505,-0.19289152165864498,15.34025,-0.2894509541891429,-0.029103852596314872,-0.039656846876011675,-0.08207627446429955,-0.06591506432424954,False,3630480.0,0.31373261937815383,42094510000.0,0.29869477041067827,12573410000.0,42094510000.0,-0.41732506937616876,0.010322970736042074,0.15000000000000036,0.30249999999999977,0.02775229357798163,0.03259222661396574,0.8515003870919882,0.1,0.10699687093717636,26.3,0.4144486692015209,-0.24305555555555558,11.95,12.3,10.75,10.75,11.365876582711198,11.66379067785118,-0.2979140951399817,-0.2529678851799953,-0.04494620995998638,False,False,False,False,0.3449923721498247,12.282484744299648,10.90251525570035,0.11903985237000622,0.07225024504300179,False,False,False,11.2,12.038381010420295,13.978319103720576,-0.05711269800883001,-0.2028469750889681,-1.3960948736160024,-1.3904417225977228,-0.0056531510182795675,False,-0.007601621338243381,-0.0038212361368882286,0.7990199098437636,-0.01940092162091559,1.154249337343524,-0.014990262342079227,-0.023767633343187017,0.10326727408536071,0.21666666666666667,0.8259410061692164,0.2435512912509542,0.29487734527259457,-0.0782106786059279,-0.09853254079264318,-0.011671540840009875,-0.17522954019664538,-0.06253269756559243,0.038461538461538464,0.07692307692307693,1794718569000.0,0.6301366595471117,-0.05765399970065155,-0.1337110042569406,0,0.4144486692015209,354,24.656488549618317,4.007633587786259,20.954198473282446,16.7175572519084,11.14503816793893,26.57263835877862,22.22222222222222,18.26696352841391,-6.360640638252757,FADING
2026-10-07,HUT,11.7,11.9,11.6,11.4,339800,3959820000.0,Ô tô và phụ tùng,HNX,1752.43,-0.003780385201355152,-0.009154029695468635,-0.04087854109199163,-0.04151853593970478,-0.013076901416382736,-0.04201680672268904,-0.10236220472440938,-0.09320817502894074,-0.109375,-0.06849645890800837,-0.2549019607843137,-0.21338342484460893,-0.3214285714285714,-0.30835167001218866,12.6,-0.09523809523809523,13.338000000000001,-0.14529914529914534,14.408,-0.20877290394225423,15.304,-0.25509670674333507,-0.023255813953488413,-0.04001727364329921,-0.07362133629670786,-0.05054365733113686,False,1422440.0,0.2388852956890976,17858043500.0,0.22173873638509167,3959820000.0,17858043500.0,-0.1191158377362842,0.015130645106164327,0.3000000000000007,0.39000000000000046,0.03421052631578951,0.028897569444444444,1.1838548007146146,0.15,0.18702370574505778,18.4,0.6195652173913044,-0.2549019607843137,13.3,13.3,11.5,11.5,12.322676225730918,12.712839143790854,-0.39016291805993575,-0.3042959153731722,-0.08586700268676356,False,False,False,False,0.4065257161541295,13.413051432308258,11.786948567691741,0.12905578290607275,0.036544469977758315,False,False,False,12.3,13.185902411822278,14.425356873501748,-0.047460248261098625,-0.1907894736842104,-0.9034103560620448,-0.7331101138070039,-0.17030024225504092,False,-0.018313642885490033,-0.014533257684134882,0.1895387350109941,-0.0413002772937699,0.4997951495383293,-0.034036625596248635,-0.2445110581582302,-0.246084442315602,0.16666666666666666,0.5778693237188569,0.17656515927104155,0.3055451328247759,-0.13887846615810925,-0.10887469211822659,-0.0005003078817734097,-0.083487219907668,-0.1714147408766457,0.0,0.0,27650734000.0,0.6682002256262561,-0.06799615102623496,-0.041968683967963216,0,0.6195652173913044,354,21.6412213740458,9.160305343511451,19.31297709923664,11.832061068702291,10.916030534351144,10.779460877862594,21.666666666666664,18.06043256997455,-13.877067430025448,FADING
2026-10-07,VIX,12.0,12.0,11.7,11.7,14309000,169511530000.0,Dịch vụ tài chính,HOSE,1752.43,-0.003780385201355152,-0.009154029695468635,-0.04087854109199163,-0.04151853593970478,-0.013076901416382736,-0.01680672268907568,-0.08235294117647063,-0.073198911481002,-0.16725978647686846,-0.12638124538487683,-0.24758842443729911,-0.20606988849759433,-0.322524609148813,-0.30944770773243024,12.855,-0.08984830805134203,12.897,-0.09281228192602942,14.6349,-0.2005411721296354,16.00005,-0.268752285149109,-0.04263638056227892,-0.026421076470144134,-0.06582740587289393,-0.05008275727777234,False,33123765.0,0.4319859170598511,428942014250.0,0.3951851867352954,169511530000.0,428942014250.0,-0.26968323753442147,0.023170957915727864,0.3000000000000007,0.49499999999999983,0.042307692307692296,0.04058653533051124,1.0424070929722145,0.4,0.38139097412386547,31.89,0.36688617121354655,-0.2566709021601017,13.45,14.3,11.45,11.45,12.371422517505021,12.78710849516054,-0.41568597765551907,-0.27589900251081606,-0.139786975144703,False,False,False,False,0.7031695161343232,14.261339032268648,11.448660967731353,0.2188003161833757,0.15036646920795346,False,False,False,11.8,13.214675054183413,14.896817668506642,-0.05288952852078144,-0.19945725915875168,-1.2219363001457122,-1.178629290233736,-0.04330700991197611,False,-0.011235955056179803,-0.007455569854824651,1.5353890000240253,-0.01100236083506137,1.120304923085551,-0.002649849222293086,0.09060753243731974,0.07670957857981693,0.4166666666666667,1.4360020043346946,0.3283392330510404,0.22864817184093086,0.18801849482573582,-0.1348314606741573,-0.032428325802711155,-0.2109548529180431,-0.036633571519256,0.043478260869565216,0.043478260869565216,812161741000.0,0.5735041086847047,-0.09395291958216567,-0.16943631697833833,0,0.36688617121354655,354,14.770992366412212,19.961832061068705,18.396946564885493,16.06870229007634,17.709923664122137,48.200441316793885,16.38888888888889,17.117472434266325,-10.023369579622564,FADING
2026-10-07,FTS,18.7,18.7,17.35,18.1,435800,7903495000.0,Dịch vụ tài chính,HOSE,1752.43,-0.003780385201355152,-0.009154029695468635,-0.04087854109199163,-0.04151853593970478,-0.013076901416382736,-0.029490616621983712,-0.09725685785536153,-0.0881028281598929,-0.20088300220750543,-0.1600044611155138,-0.32713754646840143,-0.28561901052869665,-0.3086325439266615,-0.29555564251027877,20.307499999999997,-0.10870368090606897,21.325,-0.15123094958968342,23.2038,-0.21995535214059758,25.092650000000003,-0.27867323698373825,-0.04737891403776262,-0.0559982293050022,-0.10252093767097359,-0.031500302606590536,False,634150.0,0.6872191121974296,12842275250.0,0.6154279398426692,7903495000.0,12842275250.0,-0.33210533651584573,0.020250356189624483,1.3499999999999979,0.6974999999999996,0.03853591160220992,0.034661912835344554,1.1117652907751552,0.25,0.2858235433257116,33.1,0.5468277945619335,-0.3615520282186949,21.2,22.95,17.55,17.55,19.46818543044154,20.415934145916513,-0.9477487154749724,-0.7412445162177775,-0.20650419925719488,False,False,False,False,1.224452079395229,22.756404158790456,17.85859584120954,0.24118223895511107,0.08006875669059445,False,False,False,18.5,21.291287967745806,23.667591648550427,-0.07748874615831758,-0.3109869646182496,-1.6609114338872324,-1.3673009953153084,-0.29361043857192404,False,-0.011235955056179803,-0.007455569854824651,0.989039554730612,-0.025751666125725218,1.3119446094621163,-0.015970371444219762,-0.014402218102273844,0.11554463503681014,0.31666666666666665,1.2555208915973917,0.3264608223247657,0.2600202230879739,0.05664644357869275,-0.1348314606741573,-0.06605154153334813,-0.2109548529180431,-0.11618269355035832,0.043478260869565216,0.043478260869565216,812161741000.0,0.5735041086847047,-0.09395291958216567,-0.16943631697833833,0,0.5468277945619335,354,7.557251908396946,36.18320610687022,10.534351145038169,19.92366412213741,7.824427480916031,30.550155057251903,16.38888888888889,17.075487701441897,-2.633713687446992,FADING
2026-10-07,CTS,20.4,20.4,19.9,19.9,495000,9917620000.0,Dịch vụ tài chính,HOSE,1752.43,-0.003780385201355152,-0.009154029695468635,-0.04087854109199163,-0.04151853593970478,-0.013076901416382736,-0.01728395061728405,-0.07656612529002327,-0.06741209559455463,-0.1495726495726496,-0.10869410848065797,-0.26432532347504634,-0.22280678753534156,-0.12411971830985913,-0.11104281689347639,21.4225,-0.07107013653868599,21.921,-0.09219469914693679,23.0021,-0.13486159959308064,23.286350000000002,-0.14542210350699025,-0.03534841832714175,-0.055170035774320114,-0.08928126298296635,0.0022614182011486683,False,1132595.0,0.43704943073207986,24422525500.0,0.406084948094332,9917620000.0,24422525500.0,-0.38641494459742254,0.020644131635161246,0.5,0.7625000000000004,0.038316582914572885,0.03596849916704527,1.0652816715154731,0.3,0.3049766244774169,35.11,0.5667900882939333,-0.31141868512110726,22.65,23.95,19.2,19.2,20.797039584013937,21.469135894279127,-0.6720963102651893,-0.5085718230560622,-0.16352448720912716,False,False,False,False,0.9241603586076017,23.2708207172152,19.574179282784797,0.17255882527391314,0.10033659822435906,False,False,False,19.9,22.04678862312315,22.989421814609692,-0.050955811764892944,-0.28673835125448033,-0.6487661419552317,-0.3819391450520909,-0.2668269969031408,False,-0.011235955056179803,-0.007455569854824651,0.9670722171063701,-0.01362804511909341,1.4359336842287012,-0.0029223412294306066,0.13048432011574496,0.42342254256287537,0.36666666666666664,1.2630588139876688,0.34680607698108057,0.27457634841734807,0.09209031824931857,-0.1348314606741573,-0.014741188898492297,-0.2109548529180431,-0.053370470557003225,0.043478260869565216,0.043478260869565216,812161741000.0,0.5735041086847047,-0.09395291958216567,-0.16943631697833833,0,0.5667900882939333,354,16.793893129770993,15.68702290076336,19.083969465648853,16.297709923664126,19.427480916030532,50.05486641221373,16.38888888888889,16.894189991518235,-10.932198897370654,FADING
2026-10-07,SHS,12.8,13.1,12.6,12.6,4514200,57673910000.0,Dịch vụ tài chính,HNX,1752.43,-0.003780385201355152,-0.009154029695468635,-0.04087854109199163,-0.04151853593970478,-0.013076901416382736,-0.023255813953488413,-0.09352517985611519,-0.08437115016064656,-0.18181818181818188,-0.14093964072619025,-0.3262032085561497,-0.2846846726164449,-0.32258064516129037,-0.30950374374490763,14.059999999999999,-0.10384068278805114,14.894,-0.15402175372633276,16.516000000000002,-0.23710341487042874,17.52,-0.2808219178082192,-0.04645642590708721,-0.052544529262086526,-0.09798934108527135,-0.04015807520195258,False,7718265.0,0.5848723774060621,107790083500.0,0.5350576614035186,57673910000.0,107790083500.0,-0.3833864331934628,0.01794010565618659,0.5,0.5850000000000002,0.046428571428571444,0.03985553483197539,1.1649215504021444,0.3,0.33967608005166966,27.4,0.45985401459854014,-0.35051546391752575,14.8,15.8,12.1,12.1,13.494362696025048,14.16627798638114,-0.6719152903560914,-0.544418573619953,-0.12749671673613838,False,False,False,False,0.8028895185185364,15.66577903703707,12.454220962962927,0.22841807070228623,0.0989294614387579,False,False,False,13.0,14.828371389947423,16.502214876467047,-0.07967740578144089,-0.29729729729729726,-1.2003876478766227,-0.940593353680743,-0.2597942941958796,False,-0.011235955056179803,-0.007455569854824651,1.0509723103326716,-0.019282733784472747,1.4040234488043006,-0.008814938884100463,0.061432205939593365,0.22022833742485243,0.36666666666666664,1.291429666958202,0.3361637082076171,0.260303535537795,0.10636313112887164,-0.1348314606741573,-0.04698672114402458,-0.2109548529180431,-0.11524835563810659,0.043478260869565216,0.043478260869565216,812161741000.0,0.5735041086847047,-0.09395291958216567,-0.16943631697833833,0,0.45985401459854014,354,9.389312977099237,27.862595419847327,10.801526717557254,16.984732824427486,7.213740458015267,40.06947757633587,16.38888888888889,15.689991518235795,-2.6988973706530945,FADING
2026-10-07,KDH,13.65,13.75,13.5,13.5,2174800,29618510000.0,Bất động sản,HOSE,1752.43,-0.003780385201355152,-0.009154029695468635,-0.04087854109199163,-0.04151853593970478,-0.013076901416382736,-0.09090909090909094,-0.14012738853503182,-0.13097335883956318,-0.23295454545454553,-0.1920760043625539,-0.3414634146341463,-0.29994487869444153,-0.48374760994263855,-0.4706707085262558,15.857500000000002,-0.14866782279678392,17.023,-0.20695529577630267,19.563499999999998,-0.30993942801645913,23.638500000000004,-0.4288977727013137,-0.05144309854942419,-0.049737635368985234,-0.10135670168399924,-0.08926493180019557,False,4251870.0,0.5114925903190831,67829409750.0,0.43666176823837094,29618510000.0,67829409750.0,-0.27208791928038323,0.024194990974168985,1.3499999999999996,0.5225000000000002,0.03870370370370372,0.02951480263157895,1.3113319505072087,0.25,0.27574337879568284,35.85,0.37656903765690375,-0.3571428571428571,16.25,18.1,14.6,14.6,15.249235402966196,16.079697185715027,-0.8304617827488308,-0.6992384557987948,-0.1312233269500359,False,False,False,False,0.9683511487931723,17.794202297586345,13.920797702413656,0.24426325682943012,0.07910479339596205,False,False,False,15.1,17.019151796407808,20.707322356933446,-0.09118049627115643,-0.2561576354679803,-2.651928014727865,-2.5586397172432997,-0.09328829748456524,False,-0.007601621338243381,-0.0038212361368882286,0.6048547226060764,-0.08862250706678115,1.264793314012195,-0.08378943314958313,-0.18976611630836243,-0.22922629786999335,0.35,1.049766769528013,0.27592932403180626,0.26284821737676756,0.08715178262323242,-0.09853254079264318,-0.13442200466190235,-0.17522954019664538,-0.16623387443750093,0.038461538461538464,0.07692307692307693,1794718569000.0,0.6301366595471117,-0.05765399970065155,-0.1337110042569406,0,0.37656903765690375,354,3.1679389312977095,21.717557251908396,5.916030534351145,9.961832061068705,3.9312977099236637,12.856631679389308,22.22222222222222,12.165818490245972,-4.496941926420696,FADING
